Phồn_thể,Giản_thể,Pinyin,Phiên_âm_Hán_Việt
予,予,yǔ,dư / dữ / nhừ
二,二,èr,nhị / nhì
亍,亍,chù,xúc / sục
于,于,yú,vu / hu
亘,亘,gèn,hoàn / tuyên
亙,亘,gèn,cẳng / cắng
些,些,xiē,ta / tá
亟,亟,jí,khí / cức / cấc
乃,乃,nǎi,ái / nãi / nải
乍,乍,zhà,chạ / sạ
乎,乎,hū,hồ / hô
乘,乘,chéng,thặng / thừa
九,九,jiǔ,cưu / cửu
乞,乞,qǐ,khí / khất
乳,乳,rǔ,vú / nhũ
乾,干,qián / gān,can / kiền
丞,丞,chéng,chưng / thừa
丟,丢,diū,điêu / đâu
丢,丢,diū,điêu / đâu
丫,丫,yā,nha / a
中,中,zhōng,trung / trúng
丹,丹,dān,đan / đam
主,主,zhǔ,chủ / chúa
丿,丿,piě,triệt / phiệt / phết
俚,俚,lǐ,lý / lái
俛,俛,fǔ,phủ / miễn
俶,俶,chù,thích / thục
俺,俺,ǎn,yêm / em
倅,倅,cuì,thối / tốt
且,且,qiě,thư / thả
丕,丕,pī,phi / vậy
丘,丘,qiū,khiêu / khâu
倩,倩,qiàn,thiến / sai
倬,倬,zhuō,trác / xấc
倭,倭,wō,oa / uy / nụy / oải
偃,偃,yǎn,yển / ễnh
假,假,jiǎ,giá / giả
偲,偲,cāi,tai / ti
傅,傅,fù,phụ / phó
傍,傍,bàng,bàng / bạng
上,上,shàng,thượng / thướng
下,下,xià,hạ / há
不,不,bù,phi / phủ / bất / phầu
倉,仓,cāng,thương / thảng
們,们,men,môn / món
倘,倘,tǎng,thảng / thẳng
候,候,hòu,hầu / hậu
倡,倡,chàng,xương / xướng
㽿,㽿,guǒ,khỏa / cùi
䇄,䇄,qì,ngật / ngất
䊷,䌶,zhì,chỉ / chài
䏾,䏾,bèng,bàng / bọng
䶶,䶶,tí,đề / đè
丁,丁,dīng,đinh / chênh
万,万,wàn / mò,vạn / mặc
三,三,sān,tam / tám
亡,亡,wáng,vô / vong
㫾,㫾,zhǎng,chưởng / thửng
㳉,㳉,jié,kiệt / ngoét
㳯,㳯,bàn,bạn / tăn
㷚,㷚,tíng,đình / đoành
㷝,㷝,shù,thuật / dụt
㹯,㹯,hú,hồ / hươu
㺧,㺧,xī,hy / heo
勑,勑,chì,lai / sắc
勒,勒,lēi,lặc / lắc
勖,勖,xù,úc / húc
勝,胜,shèng,thăng / thắng
勦,勦,chāo,tiễu / tẹo
勺,勺,sháo,chước / thược
匍,匍,pú,bồ / bò
匏,匏,páo,bào / bầu
剸,剸,tuán,chuyên / chuyển
剽,剽,piāo / piào,phiếu / phiểu
劂,劂,jué,quyết / khoét
劃,划,huà,hoạch / vạch
劑,剂,jì,tễ / tề
劓,劓,yì,nhị / tị
劾,劾,hé,hạch / hặc
勁,劲,jìn,kính / cứng
剚,剚,zì,chí / tứ
剝,剥,bō,bác / bóc
剞,剞,jī,kì / kỉ / ỷ
剪,剪,jiǎn,tiễn / tiện
割,割,gē,cát / cắt
剴,剀,kǎi,cái / cai
創,创,chuàng,sang / sáng
剷,铲,chǎn,sản / xẻng
刃,刃,rèn,nhận / nhẫn
分,分,fēn,phân / phận
切,切,qiè,thế / thiết
刊,刊,kān,san / khan
別,别,bié,biệt / biết
刷,刷,shuā,loát / xoát
刺,刺,cì,thích / thứ
剖,剖,pōu / pǒ,bo / phẩu
句,句,jù,câu / cấu / cú
召,召,zhào,triệu / chịu
叭,叭,bā,bá / bớt
可,可,kě,khắc / khả
台,台,tái,di / đài / thai
叱,叱,chì,sất / sứt
司,司,sī,tư / ti
吃,吃,chī,cật / khật
厘,厘,lí,li / ly
厝,厝,cuò,thác / thố / xó
厭,厌,yàn,yêm / ấp / áp / yếm / ướm
厲,厉,lì,lệ / lại / lẹ
去,去,qù,khu / khứ
參,参,cān,sâm / tham / xam
又,又,yòu,lại / hựu
反,反,fǎn,phiên / phản
卒,卒,zú,tuất / tốt / thốt
協,协,xié,hiệp / hiếp
占,占,zhàn,chiêm / chiếm
卲,卲,shào,thiều / thiệu / ngoẹo
卷,卷,juǎn,quyến / quyền / quyển
厄,厄,è,ách / ngỏa
厓,厓,yá,nhai / day
厔,厔,zhì,chất / chái
化,化,huà,hóa / hoá
匜,匜,yí,di / dị
匝,匝,zā,táp / tạp
匡,匡,kuāng,khuông / khuôn
匣,匣,xiá,hạp / hộp
匱,匮,guì,quỹ / quĩ
區,区,qū,âu / khu
卄,卄,niàn,chấp / nhập
咆,咆,páo,bào / bàu
咈,咈,fú,phất / phớt
咋,咋,zǎ,trách / trá / chạ
和,和,hé,hoà / hòa / họa
咎,咎,jiù,cao / cữu
咏,咏,yǒng,vịnh / vẳng
咐,咐,fù,phù / phó
咥,咥,xì,điệt / chối / hý
呢,呢,ne,ni / nỉ / nài
呦,呦,yōu,u / ạo
呫,呫,tiè,chiếp / chím
呴,呴,xǔ,ha / gâu
呸,呸,pēi,phi / bậy
呼,呼,hū,hô / há
咀,咀,jǔ,trớ / thở
咄,咄,duō,đốt / xót / đoát
吹,吹,chuī,xuy / xúy
吾,吾,wú,ngô / ngo
吿,吿,gào,cốc / cáo
呀,呀,ya,nha / nhá
呂,吕,lǚ,lữ / lã
呃,呃,è,ách / nhách
呌,呌,jiào,khiếu / khiêu
呎,呎,chǐ,xích / xếch
合,合,hé,cáp / hợp
否,否,fǒu,phủ / bĩ
吩,吩,fēn,phân / phàn
吪,吪,é,ngoa / hoé
吭,吭,kēng,hàng / hạng
吱,吱,zhī,chi / chê
吶,呐,nà,nột / nói / niệt
吸,吸,xī,hấp / cộp
啑,啑,shà,tiệp / xiệp
啚,啚,bǐ,đồ / bỉ
啜,啜,chuài,xuyết / xuýt
啞,哑,yǎ,nha / á / ách
啡,啡,fēi,phỉ / phê
喁,喁,yóng,vu / ngu / ngung / ngụm
喂,喂,wèi,uy / ỏi
喃,喃,nán,nam / nôm
唁,唁,yàn,nghiễn / ngon
唈,唈,yì,ấp / oạp
唉,唉,āi,ai / hãy
唏,唏,xī,hy / hí / hơi
唯,唯,wéi,duy / dụy / dõi
唾,唾,tuò,thoá / thóa
啄,啄,zhuó,trác / trốc
啐,啐,cuì,thối / tối / chót
哆,哆,duō,sỉ / đá / đớ
哇,哇,wa,oa / oà
哈,哈,hā,cáp / hóp
員,员,yuán,viên / vân
哨,哨,shào,tiêu / tiếu / sáo
哭,哭,kū,khốc / khóc
哺,哺,bǔ,bộ / phô
哿,哿,gě,khả / cả
咪,咪,mī,mị / mễ
咬,咬,yǎo,giảo / rao
咯,咯,gē,lạc / khách / khạc
咳,咳,hāi,khái / cay
咷,咷,táo,đào / trệu
咻,咻,xiū,hủ / hưu / hiu
咽,咽,yàn,ế / yến / yết / nhằn
哄,哄,hōng,hống / họng
嘵,哓,xiāo,hiêu / nghêu
嘹,嘹,liáo,liệu / rêu
噀,噀,xùn,tốn / sún
噍,噍,jiào,tiêu / tiếu / tưu
噙,噙,qín,cầm / gầm
噢,噢,ō,úc / ủ
噤,噤,jìn,cấm / gặm
噥,哝,nóng,nông / nũng
嗛,嗛,qiǎn,hàm / khiểm / khem
嗢,嗢,wà,ồn / ốt
嗧,嗧,jiālún,gia / lôn
嘆,叹,tàn,thán / han
嘍,喽,lóu,lâu / làu
嘑,嘑,hū,hô / hố
嘖,啧,zé,trách / sách
嘬,嘬,zuō,chối / toát
喫,吃,chī,khiết / khịt
喭,喭,yàn,ngạn / ngán
單,单,dān,thiện / đan / thiền / đơn
嗃,嗃,hè,hạc / hao / gào
嗄,嗄,shà,hạ / sá / chới
嗉,嗉,sù,tố / nhố
嗎,吗,ma,mạ / mửa
嗔,嗔,chēn,điền / sân / xin
善,善,shàn,thiện / thiến
喋,喋,dié,điệp / nhịp
喑,喑,yīn,âm / ấm / ầm
喒,喒,zá,gia / tàm
喔,喔,ō,ác / ộc
喜,喜,xǐ,hí / hỉ
喝,喝,hē,hát / ới
喪,丧,sàng,tang / táng
土,土,tǔ,thổ / độ / đỗ
圩,圩,wéi,vu / vò
圬,圬,wū,ô / hũ
圭,圭,guī,khuê / quê
圮,圮,pǐ,bĩ / dãy
圯,圯,yí,di / dãy
圾,圾,jī,sắc / ngập
址,址,zhǐ,chỉ / xởi
囝,囝,jiǎn,nga / cưỡng / tể / kiển / niên
回,回,huí,hối / hồi
囡,囡,nān,nam / niếp
囱,囱,cōng,thông / song
圃,圃,pǔ,phố / bo
圍,围,wéi,vi / vè
圏,圏,quān,quyển / khuyên
圜,圜,huán,hoàn / viên
嚏,嚏,tì,đế / sí
嚕,噜,lǔ,lỗ / rô / rủa
嚥,咽,yàn,yết / nhằn
嚦,呖,lì,lịch / rích
嚨,咙,lóng,lung / lùng
嚮,向,xiàng,hướng / hưởng
嚶,嘤,yīng,anh / inh
囂,嚣,xiāo,hiêu / hiu
噦,哕,huì,hối / oẹ / uyết
噪,噪,zào,táo / tháo
噫,噫,yī,y / ái / ức
噬,噬,shì,phệ / phè
噲,哙,kuài,khoái / gọi
噶,噶,gá,cát / gắt
噸,吨,dūn,đồn / đốn
嚅,嚅,rú,nhu / nheo
墜,坠,zhuì,truỵ / trụy
墮,堕,duò,huy / đoạ / đọa
墳,坟,fén,phần / phẫn / bổn
壅,壅,yōng,ung / ủng
壈,壈,lǎn,lẫm / bậm
壘,垒,lěi,lũy / luật / luỹ
壙,圹,kuàng,khoảng / khoáng
壚,垆,lú,lư / lò
埶,埶,yì,nghệ / đệm
培,培,péi,bồi / bậu
堤,堤,dī / tí,chỉ / đê
場,场,chǎng,trường / tràng
塗,涂,tú,đồ / trà
塞,塞,sāi,tái / tắc
塡,塡,tián,điền / trần / điễn / trấn
填,填,tián,điền / trần / điễn / trấn
垓,垓,gāi,giai / cai / gay
垠,垠,yín,ngân / hằn
垢,垢,gòu,cấu / cáu
埂,埂,gěng,canh / ghềnh
埄,埄,běng,canh / đãng / bổng
埕,埕,chéng,trình / chĩnh
埝,埝,niàn,niệm / nấm
埰,采,cài,thái / thải
坂,坂,bǎn,phản / phẳng
均,均,jūn,quân / vận
坏,坯,huài,phôi / hoại / bùi
坟,坟,fén,phần / vun
坦,坦,tǎn,thản / đất
坵,坵,qiū,khâu / gò
坻,坻,dǐ,trì / để
垃,垃,lā,lạp / lắp
妮,妮,nī,ni / ny
妯,妯,zhóu,trục / dâu / trừu
妲,妲,dá,đát / dát
妻,妻,qī,thế / thê
姊,姊,zǐ,tỉ / chị
始,始,shǐ,thí / thuỷ / thủy
姍,姗,shān,tiên / san
姐,姐,jiě,thư / tả
契,契,qì,tiết / khiết / khế / khất
奥,奥,ào,áo / úc
女,女,nǚ,nhữ / nứ / nữ / nữa
奶,奶,nǎi,nãi / nái
好,好,hǎo,háo / hiếu / hảo
妍,妍,yán,nghiên / ngơn
妥,妥,tuǒ,thỏa / thoả
妨,妨,fáng,phương / phướng
大,大,dà,thái / đại
夫,夫,fū,phu / phù
夭,夭,yāo,yểu / yêu
夷,夷,yí,di / dì
夸,夸,kuā,khoa / khỏa
奄,奄,yǎn,yểm / yêm / ăm
奇,奇,qí,kì / cơ / kỳ
奉,奉,fèng,bổng / phụng
壬,壬,rén,nhâm / nhăm
壼,壸,kǔn,hồ / khổn
处,处,chù,xử / xứ
夏,夏,xià,hạ / giá / giạ
够,够,gòu,hú / cú
夠,够,gòu,hú / cú
夢,梦,mèng,mông / mộng
夤,夤,yín,di / dần
孒,孒,jué,quyết / củng
孛,孛,bèi,bột / bụt
孟,孟,mèng,mãng / mạnh
季,季,jì,quý / quí
孥,孥,nú,nô / nua
孫,孙,sūn,tôn / tốn
孶,孶,zī,tư / tứ
孺,孺,rú,nhụ / nhọ
嫗,妪,yù,ẩu / ủ
嫩,嫩,nèn,non / nộn
嬈,娆,ráo,nhiêu / nhiễu / liểu
嬛,嬛,huán,hoàn / huyên
嬭,嬭,nǎi,nãi / nễ
嬲,嬲,niǎo,điểu / niễu
嬸,婶,shěn,thẩm / thím
子,子,zǐ,tý / tử / tí
娩,娩,miǎn,miễn / vãn
婁,娄,lóu,lũ / lâu / lu
婭,娅,yà,á / ả
媒,媒,méi,môi / mối
媛,媛,yuàn,viên / viện
媽,妈,mā,ma / má / mụ
嫂,嫂,sǎo,tẩu / dâu
嫖,嫖,piáo,phiêu / phếu
姒,姒,sì,tự / tỉ
委,委,wěi,uy / ủy / uỷ
姤,姤,gòu,cấu / cạu
姥,姥,lǎo,mỗ / mụ
姨,姨,yí,di / dì
姪,姪,zhí,điệt / đẹt
娓,娓,wěi,vãi / vỉ
娣,娣,dì,đệ / đễ
屈,屈,qū,quật / khuất
屎,屎,shǐ,hi / thỉ
屛,屛,píng,bình / bính
屠,屠,tú,đồ / chư
屣,屣,xǐ,tỉ / xí
層,层,céng,tằng / tầng
屬,属,shǔ,chú / chúc / thuộc
屯,屯,tún,đồn / truân
對,对,duì,đỗi / đối
少,少,shǎo,thiếu / thiểu
尨,尨,máng,mang / mông
尸,尸,shī,thi / thây
尹,尹,yǐn,duẫn / doãn
尻,尻,kāo,cừu / khào
尼,尼,ní,ni / nật / nặc / nệ
居,居,jū,cư / kí
宿,宿,sù,túc / tú
寄,寄,jì,kí / gửi
寔,寔,shí,thực / thật
實,实,shí,thực / thật
寧,宁,níng,trữ / ninh
射,射,shè,dịch / dạ / xạ
將,将,jiāng,thương / tương / tướng
尉,尉,wèi,uất / úy
它,它,tā,tha / xà
守,守,shǒu,thú / thủ
宓,宓,mì,phục / mật
定,定,dìng,đính / định
宛,宛,wǎn,uyên / uyển
害,害,hài,hạt / hại
家,家,jiā,gia / cô
容,容,róng,dong / dung
帙,帙,zhì,trật / pho
帝,帝,dì,đế / đấy
帥,帅,shuài,suất / súy / soái
帶,带,dài,đái / đai
帽,帽,mào,mạo / mão
幀,帧,zhèng,tranh / tránh
幅,幅,fú,bức / phúc
幔,幔,màn,mạn / màn
巨,巨,jù,cự / há
差,差,chà / chā,si / sái / sai / soa
己,己,jǐ,kỉ / kỷ
巽,巽,xùn,tốn / rốn
帆,帆,fān / fán,phàm / phâm
希,希,xī,hy / hơi
帑,帑,tǎng,thảng / nô
帕,帕,pà,phách / mạt / phạ
崖,崖,yá,nhai / day
崙,仑,lún,lôn / son
嵎,嵎,yú,ngu / ngung / giủng
嶄,崭,zhǎn,tiệm / chởm
嶠,峤,jiào,kiêu / kiệu
嶷,嶷,yí,nghi / ngực
巋,岿,kuī,vị / khuy
左,左,zuǒ,tả / tá
山,山,shān,san / sơn
岣,岣,gǒu,cẩu / cu
岧,岧,tiáo,thiều / đèo
岱,岱,dài,đại / đồi
岵,岵,hù,hô / hỗ
岷,岷,mín,mân / dân
岸,岸,àn,ngạn / ngàn
峽,峡,xiá,giáp / hạp
廌,廌,zhì,trĩ / trãi
廑,廑,jǐn,cận / cần
廓,廓,kuò,khuếch / quách
廖,廖,liào,liêu / liệu
廚,厨,chú,trù / chù
廛,廛,chán,triền / chờn
廡,庑,wǔ,vũ / vu
廣,广,guǎng,quáng / quảng
度,度,dù,độ / đạc
座,座,zuò,tọa / toà
庫,库,kù,khố / kho
庭,庭,tíng,đình / thính
庳,庳,bì,bí / tì / bỉ
廁,厕,cè,trắc / xí
廂,厢,xiāng,sương / rương
廈,厦,shà,hạ / hè
幷,幷,bìng,bình / tinh
幹,干,gàn,can / cán
幻,幻,huàn,huyễn / ảo
幾,几,jǐ,kỉ / kí / ki
广,广,guǎng,yểm / nghiễm
庄,庄,zhuāng,trang / chăng
庋,庋,guǐ,quỷ / kĩ
序,序,xù,tự / tựa
幕,幕,mù,mạc / mộ / mán
幛,幛,zhàng,trướng / chướng
幡,幡,fān,phiên / phan
幢,幢,chuáng,choàng / chàng
幣,币,bì,tệ / giẻ
幬,帱,chóu,trù / đào
平,平,píng,bình / biền
年,年,nián,niên / nên
徂,徂,cú,tò / tồ
徇,徇,xùn,tuấn / tuân / tuẫn
後,后,hòu,hậu / hấu
徐,徐,xú,từ / chờ
從,从,cóng,tung / tụng / thung / túng / tòng
徠,徕,lái,lai / lại
御,御,yù,nhạ / ngự
復,复,fù,hạ / phục / phúc
彐,彐,jì,kí / ký / kệ / kẹ / mự
彙,汇,huì,vị / vựng
彡,彡,shān,sam / tiệm
彩,彩,cǎi,thái / thải
彬,彬,bīn,bân / băn
彭,彭,péng,bàng / bang / bành
彷,彷,páng / fǎng,bàng / phảng
彿,佛,fú,phất / phớt
弔,吊,diào,đích / điếu
引,引,yǐn,dẫn / dấn
弟,弟,dì,đệ / đễ
弧,弧,hú,hồ / o
弩,弩,nǔ,nỗ / nỏ
張,张,zhāng,trướng / trương
彈,弹,dàn,đàn / đạn
彊,彊,jiàng,cương / cưỡng / cường
廨,廨,xiè,giới / giải
廳,厅,tīng,thính / sảnh
延,延,yán,duyên / dang
建,建,jiàn,kiến / kiển
廾,廾,gǒng,củng / trấp
廿,廿,niàn,chấp / nhập
弁,弁,biàn,biện / bàn / biền
弊,弊,bì,tế / tệ
悉,悉,xī,tất / tạt
悔,悔,huǐ,hối / hổi
悛,悛,quān,thuân / thoăn
悝,悝,kuī,lý / khôi
悴,悴,cuì,tụy / xót
悶,闷,mèn,muộn / muốn
惇,惇,dūn,đôn / run
惋,惋,wǎn,oản / uyển
怵,怵,chù,truật / truột
恆,恒,héng,hằng / căng / cắng
恐,恐,kǒng,khủng / khúng
恒,恒,héng,hằng / căng / cắng
恣,恣,zì,thư / tứ
悁,悁,yuān,quyến / quyên
悄,悄,qiāo,tiễu / thiểu
悅,悦,yuè,duyệt / dột
忝,忝,tiǎn,thiểm / thỏm
怎,怎,zěn,chẩn / chẩm
怖,怖,bù,phố / bố
怛,怛,dá,đát / đắn
思,思,sī,tư / tai / tứ
怦,怦,pēng,phanh / bừng
怩,怩,ní,ny / náy
怫,怫,fú,phí / phật
徬,徬,páng,bàng / bạng
徯,徯,xī,hề / hễ
徴,徴,zhēng,chủy / trừng / trưng
徵,征,zhǐ / zhēng,chủy / trừng / trưng
徼,徼,jiào,yêu / kiêu / kiếu
忉,忉,dāo,đao / đau
忌,忌,jì,kí / kị
忖,忖,cǔn,thốn / thổn
慶,庆,qìng,khanh / khánh / khương
慸,慸,dì,đế / sại
憐,怜,lián,lân / liên / lanh
憤,愤,fèn,phẫn / phấn
憧,憧,chōng,sung / tráng
憨,憨,hān,hàm / hám
憮,怃,wǔ,vũ / hủ
懇,恳,kěn,khẩn / khấn
慟,恸,tòng,đỗng / đỏng
慣,惯,guàn,quán / quen
慤,悫,què,xác / khác
慮,虑,lǜ,lư / lự
慰,慰,wèi,uý / úy
慳,悭,qiān,san / khan / ghen
慴,慴,shè,điệp / tiệp / triệp
慵,慵,yōng,dong / thung / thuồng
愊,愊,bì,phức / bực
愒,愒,kài,khế / khái
愔,愔,yīn,am / âm
愜,惬,qiè,thiếp / khiếp
愬,愬,sù,sách / tố
愾,忾,kài,khải / hi / khái / hất
慊,慊,qiàn,khiết / khiểm
慚,惭,cán,tàm / tuồm
惕,惕,tì,dịch / thích
惜,惜,xī,tích / tiếc
惡,恶,è,ô / ác / ố
惴,惴,zhuì,chúy / nhoai
愀,愀,qiǎo,sậu / thiểu / xỉu
愆,愆,qiān,khiên / khiền
愈,愈,yù,dũ / rủ
愉,愉,yú,du / thâu
抃,抃,biàn,biện / biến / bện
抆,抆,wěn,vấn / vặn
抉,抉,jué,quyết / khoét
把,把,bǎ,bả / bã
抓,抓,zhuā,trảo / trao / co
折,折,zhé,đề / chiết
抨,抨,pēng,bình / phanh / banh
披,披,pī,phi / bia / phơ
托,托,tuō,thác / thước / thốc / thách / thướt
扛,扛,káng,giang / giăng
扢,扢,gǔ,cột / ngắt
扮,扮,bàn,phẫn / ban / bán
扯,扯,chě,xả / chải
扱,扱,xī,hấp / tráp / gắp
扳,扳,bān,ban / bản / bẳn
找,找,zhǎo,hoa / trảo / quơ
戳,戳,chuō,trạc / sác
戾,戾,lì,lệ / liệt
房,房,fáng,bàng / phòng
所,所,suǒ,sở / sỡ
扁,扁,biǎn,thiên / biển
扇,扇,shàn,thiên / phiến
扑,扑,pū,bốc / phốc
扒,扒,bā,bái / bắt
應,应,yīng,ưng / ứng
懊,懊,ào,áo / ảo
懥,懥,zhì,chí / sý
懦,懦,nuò,nhu / nhụa / nọa
懶,懒,lǎn,lại / lãn
戔,戋,jiān,tiên / tàn
戛,戛,jiá,kiết / giát
戲,戏,xì,huy / hô / hí
拭,拭,shì,thức / rị
拮,拮,jié,kiệt / cát / kiết / cất
拱,拱,gǒng,củng / cõng
拷,拷,kǎo,khảo / khỉu
拼,拼,pīn,bính / phanh
拾,拾,shí,thập / thiệp / kiệp
挂,挂,guà,quải / quẩy
挈,挈,qiè,khiết / khế
拖,拖,tuō,đà / tha
拗,拗,ào,áo / húc / ảo
拘,拘,jū,cù / câu
拙,拙,zhuō,chuyết / chút
拚,拚,pàn,biện / phiên / phấn
招,招,zhāo,thiêu / thiều / chiêu
拞,拞,dǐ,khua / khêu
括,括,kuò,quát / hoạt
拊,拊,fǔ,phụ / phu
拌,拌,bàn,phan / bạn / bắn
拍,拍,pāi,phách / phếch
拐,拐,guǎi,quái / quải / quảy / quầy
拑,拑,qián,kiềm / cùm
拒,拒,jù,cự / củ
拓,拓,tà,tháp / thác
拔,拔,bá,bạt / bội
抬,抬,tái,đài / sĩ
抵,抵,dǐ,chỉ / để
抶,抶,chì,sất / thắt
拂,拂,fú,phất / phật / bật
拄,拄,zhǔ,trụ / chủ
担,担,dān,đam / tạ / đảm / đán / đắn / dứt / đét / đẵm / đẵn
拈,拈,niān,niêm / chêm
拉,拉,lā,lạp / lấp
捺,捺,nà,nại / nài
捻,捻,niǎn,niệm / nạm / niệp
捽,捽,zuó,tốt / lót
掀,掀,xiān,hân / hiên
掂,掂,diān,điêm / giếm
掇,掇,duō,xuyết / suốt
掉,掉,diào,điệu / trao / trạo
掊,掊,póu,bồi / bẫu / phẩu
捕,捕,bǔ,bộ / bõ
捥,捥,wàn,oản / uốn
捧,捧,pěng,bổng / phủng
捩,捩,liè,lệ / liệt
据,据,jù,cư / cứ
捱,挨,ái,nhai / nhay
捲,卷,juǎn,quyền / quyển / cuốn
捷,捷,jié,tiệp / thiệp
挹,挹,yì,ấp / úp
挼,挼,ruá,nuôi / noa / nối / nổi / nỗi / noi / nhôi / nôi
挾,挟,xié,tiệp / hiệp / xáp
捃,捃,jùn,khuân / quấn
捌,捌,bā,bát / bịt
捍,捍,hàn,hãn / cản
捎,捎,shāo,sao / siếu
捐,捐,juān,quyên / quen / quên
挌,挌,gé,cách / gác / rắc
挐,挐,ná,noa / nư
挑,挑,tiāo,thao / thiêu / thiểu / vẹo
挨,挨,āi,ai / ải
挪,挪,nuó,na / ná
挫,挫,cuò,tỏa / doạ
振,振,zhèn,chân / chấn
挵,挵,nòng,phan / lỏng
搊,搊,chōu,so / xâu
損,损,sǔn,tốn / tổn
搏,搏,bó,bác / vác
搒,搒,bàng,bang / bãng
搓,搓,cuō,tha / sai
搔,搔,sāo,tao / trảo / trao
搖,摇,yáo,diêu / gieo
搗,捣,dǎo,đảo / đẽo
揖,揖,yī,ấp / ập
揠,揠,yà,yển / yết
揣,揣,chuāi,tuy / đoàn / sủy
揩,揩,kāi,giai / khai
揲,揲,dié,điệp / thiệt
援,援,yuán,viên / viện
搆,搆,gòu,câu / cấu
搉,搉,què,xác / giác
措,措,cuò,trách / thố
掮,掮,qián,kiên / khiêng
揀,拣,jiǎn,giản / luyến / gióng
揆,揆,kuí,quỹ / quẫy
揉,揉,róu,nhu / nhụ
提,提,tí,đề / để / thì
插,插,chā,sáp / tráp / chắp
揕,揕,zhèn,chấm / chạm
掎,掎,jǐ,ky / ỷ / kỷ
掛,挂,guà,quải / quẩy
掠,掠,lüè,lược / lướt
採,采,cǎi,thái / thải
探,探,tàn,tham / thám
掣,掣,chè,xiết / xế
推,推,tuī,thôi / suy
掩,掩,yǎn,yểm / ém
撩,撩,liāo,liêu / liệu / lêu
撫,抚,fǔ,phủ / mô / vỗ
播,播,bō,bá / bả / vá
撰,撰,zhuàn,chuyển / soạn / tuyển
撲,扑,pū,bạc / phác / vục
擁,拥,yōng,ung / ủng / dùng
擂,擂,léi,lôi / lụy
擅,擅,shàn,thiện / chen
撏,挦,xián,tầm / triêm
撐,撑,chēng,xênh / xanh
撒,撒,sā,tản / tát
撓,挠,náo,nạo / nhéo
撕,撕,sī,tê / ty
撚,撚,niǎn,nhiên / niễn / niên
撟,挢,jiǎo,kiều / kiểu / kiệu / kéo
撣,掸,dǎn,đàn / đạn
摧,摧,cuī,tỏa / tồi
摳,抠,kōu,khu / khua
摶,抟,tuán,chuyên / đoàn
摹,摹,mó,mô / mò
摺,折,zhé,lạp / triệp / dập
摽,摽,biào / biāo,phiếu / phiêu
撅,撅,juē,quyết / quệ / quyệt / quét
撈,捞,lāo,lao / liệu / lau
搜,搜,sōu,sưu / sảo
搥,搥,chuí,đôi / trùy
搦,搦,nuò,nhược / nạch
搬,搬,bān,bàn / ban / bưng
搭,搭,dā,đáp / đắp
搶,抢,qiǎng,thương / thưởng / thướng
摑,掴,guāi,quặc / quách
摟,搂,lǒu,lâu / lùa
收,收,shōu,thu / thú
放,放,fàng,phỏng / phóng
政,政,zhèng,chánh / chính
敎,教,jiào,giao / giáo
敖,敖,áo,ngao / ngạo / ngào
敢,敢,gǎn,cảm / cám
散,散,sàn,tản / tán
敦,敦,dūn,đôn / đôi / độn / đối
攖,撄,yīng,anh / oanh
攘,攘,rǎng,nhưỡng / nhường / nhương.
攙,搀,chān,sam / sọm
攝,摄,shè,nhiếp / nhép
攢,攒,zǎn,toản / toàn
攣,挛,luán,luyến / luyên
攤,摊,tān,than / nặn
攮,攮,nǎng,nện / nãng
擯,摈,bìn,thấn / bấn
擱,搁,gē,các / gác
擴,扩,kuò,khoáng / quẳng / khoách
擺,摆,bǎi,bãi / bẫy
擿,擿,tī,thích / trích
攀,攀,pān,phan / phàn
攄,摅,shū,sư / lựa
攔,拦,lán,lan / dan
操,操,cāo,thao / tháo
擔,担,dān,đam / tạ / đảm / đán / đắn / dứt / đét / đẵm / đẵn
擗,擗,pǐ,tịch / phích / bịch
擘,擘,bò,phách / bịch
據,据,jù,cứ / cớ
擠,挤,jǐ,tê / tễ
擦,擦,cā,sát / xát
擭,擭,wò,hoạch / hộ / oách
昆,昆,kūn,côn / con
易,易,yì,dịch / dị
昫,昫,xù,hu / hú
時,时,shí,thì / thời
晟,晟,chéng,thịnh / thạnh
晤,晤,wù,ngộ / cữ
晦,晦,huì,hối / hổi
晳,晳,xī,triết / chế
旁,旁,páng,bàng / banh / bạng / phang
旂,旗,qí,kì / cờ
旄,旄,máo,mạo / mao
旗,旗,qí,kỳ / cờ
旛,旛,fān,phan / phướn
旬,旬,xún,quân / tuần
旭,旭,xù,húc / hóc
旰,旰,gàn,hãn / cán
斠,斠,jiào,các / dác
斡,斡,wò,quản / oát
斤,斤,jīn,cấn / cân
斥,斥,chì,xích / xịch
斧,斧,fǔ,phủ / búa
斷,断,duàn,đoạn / đoán
於,于,yú,ô / ư
施,施,shī,thi / dị / thí / thỉ
數,数,shù,xúc / sác / số / sổ
敻,敻,xiòng,quýnh / huyến
斁,斁,yì,dịch / đố
斂,敛,liǎn,liễm / liệm
文,文,wén,văn / vấn
斗,斗,dòu / dǒu,đẩu / đấu
料,料,liào,liêu / liệu
斜,斜,xié,gia / tà
杆,杆,gān,can / cơn
李,李,lǐ,lý / lí
杓,杓,biāo / sháo,tiêu / thược
杕,杕,dì,đại / đệ
杖,杖,zhàng,tráng / trượng
束,束,shù,thú / thúc / thút
杠,杠,gàng,giang / gông
東,东,dōng,đông / đang
有,有,yǒu,hữu / dựu
朝,朝,cháo,triều / triêu
期,期,qī,kì / kỳ / ky
未,未,wèi,vị / mùi
本,本,běn,bản / bổn
朱,朱,zhū,chu / cho
朴,朴,pǔ,phác / phắc
朵,朵,duǒ,đoá / đóa
曖,暧,ài,ái / áy
曚,曚,méng,mông / mồng
曠,旷,kuàng,khoảng / khoáng
曩,曩,nǎng,nán / nẵng
曳,曳,yè,duệ / dấy
更,更,gèng,canh / ngạnh / cánh / cành
曼,曼,màn,man / mạn
會,会,huì,hội / cối
晴,晴,qíng,tình / tạnh
暈,晕,yūn,vừng / vựng
暍,暍,yē,yết / hát
暝,暝,míng,minh / mính
暴,暴,bào,bộc / bạo
暹,暹,xiān,tiêm / xiêm
曀,曀,yì,ế / ê
曉,晓,xiǎo,hẻo / hiểu
柞,柞,zhà,trách / tạc
柢,柢,dǐ,đế / để
柨,柨,bù,thị / sĩ
柱,柱,zhù,trụ / trú
柴,柴,chái,sài / tí
柹,柹,shì,thị / sĩ
柺,拐,guǎi,quái / quải / quảy / quầy
栓,栓,shuān,xuyên / thoen
枻,枻,yì,tiết / duệ
柁,柁,tuó / duò,đà / xà / đả
柎,柎,fū,phụ / phu / phủ
柑,柑,gān,cam / cùm
染,染,rǎn,nhiễm / nhuộm
柘,柘,zhè,giá / chá
柙,柙,xiá,giáp / hiệp
柚,柚,yòu,trục / dữu / dâu
枕,枕,zhěn,chẳm / chấm / chẩm
枝,枝,zhī,chi / kỳ
枰,枰,píng,bình / bính
枴,拐,guǎi,quái / quải / quảy / quầy
枵,枵,xiāo,hiêu / hèo
枷,枷,jiā,gia / da
枸,枸,gǒu,củ / cẩu / cú
枹,枹,bāo,phu / phù / bao
杳,杳,yǎo,yểu / liểu
杵,杵,chǔ,xử / ngỏ
杶,杶,chūn,đòn / suân
杷,杷,pá,ba / bà
杻,杻,chǒu,nữu / xiềng
杼,杼,zhù,trữ / thự / thữ
板,板,bǎn,bản / ván
枅,枅,jī,bình / phanh
梱,梱,kǔn,khổn / khốn / ngôn
梹,梹,bīn,tân / biêng
棋,棋,qí,kỳ / kí / cời
棍,棍,gùn,côn / gon / gòn
棒,棒,bàng,bổng / vổng
棖,枨,chéng,tranh / trường / trành
棗,枣,zǎo,táo / tảo
棘,棘,jí,cức / gấc
桷,桷,jué,giác / dác
梆,梆,bāng,bang / bương
梏,梏,gù,cốc / gáo
梐,梐,bì,bệ / bẹ
條,条,tiáo,thiêu / điều
梢,梢,shāo,tiêu / sao
梧,梧,wú,ngô / ngộ
梭,梭,suō,thoa / toa / thoi
桄,桄,guāng,quang / quáng
桅,桅,wéi,nguy / ngôi
案,案,àn,yên / an / án
桎,桎,zhì,chất / chuối
桮,桮,bēi,bễ / bôi
桲,桲,po,bột / vụt
桴,桴,fú,phu / phù
桶,桶,tǒng,dũng / thùng
栖,栖,qī,tê / thê
栗,栗,lì,sắt / trật / lật / sựt / lặt / lứt / rất / rật / rứt / sật
校,校,xiào,hào / hiệu / giáo / chò / giâu
栢,栢,bǎi,bách / bứa
株,株,zhū,chu / châu / chò
格,格,gé,cách / các
栽,栽,zāi,tài / tải
桁,桁,héng,hàng / hành / hãng
楣,楣,méi,mi / me
楨,桢,zhēn,trinh / trính
楬,楬,jié,kiệt / kệ
楮,楮,chǔ,chử / dó
楳,楳,méi,kì / mõ
楷,楷,kǎi,khải / giai
榔,榔,láng,lang / lăng / trang
榜,榜,bǎng,bàng / bảng / báng / bãng / bấng / bẩng / bẫng / bứng / bửng / vảng
椰,椰,yē,gia / da
椳,椳,wēi,ôi / ổi
椷,椷,jiān,hàm / giam / ham
椹,椹,shèn,châm / thầm
椿,椿,chūn,xuân / thung
楛,楛,hù,hộ / khổ / gỗ
楠,楠,nán,nam / nêm
楢,楢,yóu,do / giùa
棵,棵,kē,quả / khỏa
棹,棹,zhào,trác / trạo / chèo
棺,棺,guān,quán / quan
椅,椅,yǐ,y / ỷ
椇,椇,jǔ,củ / gụ
植,植,zhí,trĩ / thực
椎,椎,zhuī,chuy / chòi
椐,椐,jū,cư / cử
棟,栋,dòng,đống / gióng / chống / đóng / đúng
棣,棣,dì,lệ / thế / đại
棧,栈,zhàn,sàn / sạn / trăn / sến / chăn / xiễn
棨,棨,qǐ,khải / khể
棬,棬,quān,quyển / khuyên
森,森,sēn,sâm / chùm
棱,棱,léng,lăng / săng
棲,栖,qī,tê / thê
樾,樾,yuè,việt / vẹt
橅,橅,mó,mô / vồ
橈,桡,ráo,nhiêu / nạo
橊,橊,liú,lưu / lựu
橋,桥,qiáo,kiều / cao / khiêu
橙,橙,chéng,sập / chanh
橛,橛,jué,quyết / cột
機,机,jī,cơ / ky
樂,乐,lè,lạc / nhạc / nhạo
樊,樊,fán,phiền / phàn
樑,梁,liáng,lương / rường
樓,楼,lóu,lâu / lầu
樗,樗,chū,vụ / xư
標,标,biāo,tiêu / phiêu / bêu
樳,桪,xún,tầm / giầm
樸,朴,pǔ,bốc / phác
槍,枪,qiāng,thương / sanh
槎,槎,chá,tra / xay
槐,槐,huái,hoè / hòe
槓,杠,gàng,cống / cổng
槧,椠,qiàn,tạm / thiễm
槨,椁,guǒ,quách / quạch
槭,槭,qì / cù,túc / sắc
槽,槽,cáo,tào / tàu
榦,干,gàn,can / cán / hàn
榱,榱,cuī,suy / suôi
榷,榷,què,giác / các
榾,榾,gǔ,cốt / cột
槁,槁,gǎo,cảo / cau
槅,槅,gé,cách / hạch
槊,槊,shuò,sáo / giáo / sóc
槌,槌,chuí,duì / chùy
歹,歹,dǎi,đãi / ngạt
死,死,sǐ,tử / tợ
殊,殊,shū,thù / thùa
殘,残,cán,tàn / thàn
殫,殚,dān,đàn / đạn
殮,殓,liàn,liễm / liệm
殯,殡,bìn,tấn / thấn
殷,殷,yīn,ẩn / an / ân
歆,歆,xīn,hám / ham / hâm / hăm / hom / hum / hôm / hẩm / hằm / hổm
歇,歇,xiē,hiết / hết
歐,欧,ōu,âu / ẩu
歙,歙,shè,hấp / thiệp
歟,欤,yú,dư / ru
正,正,zhèng,chánh / chính
武,武,wǔ,vũ / võ
歪,歪,wāi,oa / quay / oai
檯,台,tái,đài / thai
櫂,櫂,zhào,trạc / trạo
櫃,柜,guì,quỹ / cũi
櫟,栎,lì,lịch / lao / lác
櫳,栊,lóng,long / trồng
欄,栏,lán,lang / lan / lườn / giàn / ràn / lán / lơn
欬,欬,kài,ái / khái
欸,欸,ǎi,ái / ai
橤,橤,ruǐ,nhị / nhuỵ
橧,橧,zēng,tăng / tằng
橫,横,héng,hoành / hoạnh / quáng
檁,檩,lǐn,lẫm / bấm
檐,檐,yán,diêm / thiềm
檔,档,dàng,đương / đáng
檢,检,jiǎn,ghém / kiểm
檬,檬,méng,mông / môm / muồng / muỗm
汕,汕,shàn,sán / sươn / sớn
汗,汗,hàn,hãn / hàn
汙,污,wū,oa / ô / ố
汛,汛,xùn,tấn / vàm
汜,汜,sì,dĩ / tỷ / dẫy
汝,汝,rǔ,nhữ / nhớ
汞,汞,gǒng,cống / hống
汨,汨,mì,mịch / cốt / nhặt
气,气,qì,khí / khất
水,水,shuǐ,thuỷ / thủy
永,永,yǒng,vắng / vĩnh
汀,汀,tīng,đinh / đênh
汁,汁,zhī,hiệp / chấp / trấp
汆,汆,cuān,tù / thộn
汊,汊,chà,xá / xoà
汐,汐,xī,tịch / tách
毗,毗,pí,bì / tỳ
毛,毛,máo,mô / mao
毯,毯,tǎn,thảm / xồm
毳,毳,cuì,thuế / thúy
氂,牦,máo,li / ly
氈,毡,zhān,chiên / chen
氏,氏,shì,thị / chi
氐,氐,dī,để / đê
殺,杀,shā,sát / sái / tát
殽,殽,xiáo,hào / hạo
殿,殿,diàn,điến / điện
毀,毁,huǐ,huỷ / hủy
毋,毋,wú,vô / mưu
每,每,měi,môi / mỗi / mũi / mủ / hỏi / mọi / mỏi / mủi
毒,毒,dú,độc / đốc
比,比,bǐ,bí / tỉ / bỉ / bì
沼,沼,zhǎo,chiểu / trẻo
沽,沽,gū,cổ / cô
沾,沾,zhān,triêm / chăm / điếp
泄,泄,xiè,tiết / duệ / tướt
泉,泉,quán,tuyền / toàn
泊,泊,pō,bạc / phách
泑,泑,yōu,ao / ửu
泔,泔,gān,hạm / cam
沫,沫,mò,mạt / mượt
沬,沬,mèi,muội / mội
沮,沮,jǔ,tự / thư / trở
沱,沱,tuó,đà / đờ / đừ
沴,沴,lì,lệ / diễn
沸,沸,fèi,phất / phí
油,油,yóu,du / dầu
治,治,zhì,trì / trị
沌,沌,dùn,độn / xộn
沐,沐,mù,mộc / múc
沒,没,méi,một / mốt
沔,沔,miǎn,miện / miền
沖,冲,chōng,trùng / xung / trong
沙,沙,shā,sa / xa / sá / xoà / nhểu / sà
沚,沚,zhǐ,chỉ / chảy
沛,沛,pèi,bái / phái / phải
汰,汰,tài,thái / thải / sưởi / thãi / thảy / thẩy
汲,汲,jí,cấp / bập / ngập
汶,汶,wèn,môn / vấn
沁,沁,qìn,sấm / thấm / tắm
沂,沂,yí,ngân / nghi
沃,沃,wò,ốc / óc
沆,沆,hàng,hàng / hãng
沈,沈,shěn / chén,thẩm / trấm / đắm / trầm
洳,洳,rù,như / nhơ
活,活,huó,hoạt / quạt
洽,洽,qià,hiệp / hợp
洿,洿,wū,hộ / ô
浡,浡,bó,bột / bọt
浣,浣,huàn,hoán / cán
浥,浥,yì,ấp / ướp
浦,浦,pǔ,phổ / phố
洚,洚,jiàng,hồng / giáng
洛,洛,luò,lạc / rặc
洞,洞,dòng,đỗng / đọng
洟,洟,tì,di / thế / dề
洩,泄,xiè,tiết / duệ / dáy
洪,洪,hóng,hồng / hòng
洮,洮,táo,thao / đào / rệu
洲,洲,zhōu,châu / chao
泱,泱,yāng,ương / áng
洁,洁,jié,khiết / cát
洄,洄,huí,hồi / hói
洊,洊,jiàn,tiến / tuồn
洌,洌,liè,liệt / rét
洒,洒,sǎ,sái / thối / tẩy
洗,洗,xǐ,tiển / tẩy
洙,洙,zhū,chu / thù / chua
泗,泗,sì,tứ / tứa
泠,泠,líng,linh / lênh
泡,泡,pào,bào / phao / bàu
泣,泣,qì,khấp / khắp
泥,泥,ní,lầy / nể / nễ / nê / nơi / nệ / ne / nè / né / nề
泫,泫,xuàn,huyên / huyễn
泮,泮,pàn,phán / bợn
泯,泯,mǐn,mẫn / miến / dân
淳,淳,chún,thuần / choang
混,混,hùn,cổn / hỗn / hổn
淹,淹,yān,yểm / yêm / êm
淺,浅,qiǎn,tiên / thiển
添,添,tiān,thiêm / thêm
渚,渚,zhǔ,chử / chã
渡,渡,dù,độ / đò
渤,渤,bó,bột / bọt
淒,凄,qī,thê / thiến
淟,淟,tiǎn,điến / đén
淢,淢,yù,vực / vặc
淤,淤,yū,ứ / ứa
淥,渌,lù,lục / lóc
淩,凌,líng,lăng / lâng
淪,沦,lún,luân / lún
淬,淬,cuì,thối / rót
涎,涎,xián,tiên / duyên / diện
涓,涓,juān,quyên / quen
涖,涖,lì,lị / rị / rỉ
涯,涯,yá,nhai / rượi
液,液,yè,dịch / giá
涸,涸,hé,hạc / hạt
涼,凉,liáng,lương / lượng
淋,淋,lín,lâm / lấm
浪,浪,làng,lang / lãng
浬,浬,lǐ,lí / rí
浸,浸,jìn,tẩm / tắm
浼,浼,měi,miễn / mỗi
浿,𬇙,pèi,bái / phái / phối
涂,涂,tú,đồ / dơ
涅,涅,niè,niết / nết
涇,泾,jīng,kinh / kính
溺,溺,nì,niệu / nịch
滂,滂,pāng,bàng / bẵng
滇,滇,diān,điền / chan
滌,涤,dí,địch / sạch
滑,滑,huá,cốt / hoạt / gột
滔,滔,tāo,thao / đào
滯,滞,zhì,trệ / sệ
滲,渗,shèn,sấm / rướm
溕,溕,méng,trùng / trụng
準,准,zhǔn,chuyết / chuẩn
溘,溘,kè,khạp / hụp
溧,溧,lì,lật / rớt
溪,溪,xī,khê / khe
溫,温,wēn,uẩn / ôn / ồn
溲,溲,sōu,sưu / sửu
溶,溶,róng,dong / ròng
湓,湓,pén,bùn / bồn
湘,湘,xiāng,tương / sương
湛,湛,zhàn,tiêm / đam / thầm / trạm / đậm
湧,涌,yǒng,dũng / rụng
湫,湫,jiǎo,tưu / tiểu / tiều
湯,汤,tāng,thang / sương / thãng
湲,湲,yuán,viên / bợn
源,源,yuán,nguyên / nguồn
渥,渥,wò,ác / ốc
渦,涡,wō,oa / qua
渭,渭,wèi,vĩ / vị / vấy / vời / vợi
渴,渴,kě,kiệt / khát
渺,渺,miǎo,miểu / diểu
湄,湄,méi,mi / mưa
湅,湅,liàn,luyện / rịn
湎,湎,miǎn,miện / giờn
澤,泽,zé,trạch / rạch
澥,澥,xiè,giải / hải
澮,浍,huì,quái / gội
澳,澳,ào,áo / úc
澶,澶,chán,thiền / đạn
激,激,jī,khích / kích
濁,浊,zhuó,trạc / trọc
濃,浓,nóng,nùng / nống
潺,潺,chán,sàn / sờn
澄,澄,chéng,trừng / chừng
澆,浇,jiāo,kiêu / nghiêu / nhau / nhiều / nhão
澇,涝,lào,lao / lão / lạo
澌,澌,sī,tê / ti
澎,澎,péng,bành / bềnh
澠,渑,miǎn,mẫn / thằng
澡,澡,zǎo,táo / tháo
漫,漫,màn,man / mạn
漱,漱,shù,thấu / sấu
漸,渐,jiàn,tiêm / tiệm / tiềm
潁,颍,yǐng,dĩnh / toánh
潤,润,rùn,nhuần / nhuận
潦,潦,liáo,lao / lạo / lẻo
潭,潭,tán,đàm / đằm
潰,溃,kuì,hội / hói
滴,滴,dī,tích / trích / nhích
滾,滚,gǔn,cổn / củn
漂,漂,piào,phiếu / phiêu / phều
漆,漆,qī,thế / tất
漑,漑,gài,cái / khái / ngấy
漓,漓,lí,li / lầy
漚,沤,ōu,âu / ẩu
漣,涟,lián,liên / lăn
炙,炙,zhì,chá / chích
炭,炭,tàn,than / thán
炮,炮,pào,bào / pháo
炯,炯,jiǒng,quýnh / huỳnh
炳,炳,bǐng,bính / bỉnh / bảnh
烊,烊,yáng,dương / rang
烘,烘,hōng,hồng / hong
烝,烝,zhēng,chứng / chưng
瀾,澜,lán,lan / làn / ràn / tràn / lượn / trơn
灑,洒,sǎ,sái / rưới / rạy / rởi / rợi / sợi
灨,灨,gàn,công / cám
火,火,huǒ,hoả / hỏa
灰,灰,huī,khôi / hôi
炊,炊,chuī,xuy / xúy / sôi / xuý / xôi
炎,炎,yán,đàm / diễm / viêm
炖,炖,dùn,đôn / đùn / don
瀆,渎,dú,độc / đậu
瀋,沈,shěn,thẩm / thẳm
瀏,浏,liú,lưu / lựu
瀘,泸,lú,lô / lư
瀝,沥,lì,lịch / lạch
瀠,潆,yíng,oanh / uynh
瀧,泷,lóng,lang / rông
瀼,瀼,ráng,nhưỡng / nhương.
濆,𣸣,fén,phần / phẫn
濊,濊,huì,uế / khoát
濕,湿,shī,thấm / thấp / chập / dấp / nhấp
濟,济,jì,tế / tể
濡,濡,rú,nhu / nhi / nhụa
濫,滥,làn,lãm / lạm / cãm
濺,溅,jiàn,tiên / tiễn
濼,泺,luò,lạc / bạc / nhợt
燕,燕,yàn,yên / yến / én
營,营,yíng,doanh / dinh
燠,燠,yù,úc / ốc / ứ
燭,烛,zhú,chúc / đuốc
燻,熏,xūn,huân / hun
燼,烬,jìn,tần / tẫn
爆,爆,bào,bạc / bộc / bạo
爐,炉,lú,lô / lư / lò / tro
熠,熠,yì,tập / dập
熨,熨,yùn,uất / úy / ủi
熯,熯,hàn,hãn / nhiễn
熾,炽,chì,sí / xé
燃,燃,rán,nhiên / nhen
燉,炖,dùn,đôn / đốn / đun
燎,燎,liáo,liệu / leo / riu
燒,烧,shāo,thiêu / thiếu
煏,煏,bì,bức / phức
煖,煖,nuǎn,huyên / noãn
煤,煤,méi,môi / muồi
煨,煨,wēi,ổi / oi
煬,炀,yáng,dương / dượng
熄,熄,xī,tức / tắt
熅,煴,yùn,ùn / un
熇,熇,hè,khảo / hốc
焉,焉,yān,yên / diên / vờn
焙,焙,bèi,bồi / vùi
焚,焚,fén,phần / phẫn
焜,焜,kūn,côn / hỗn
焠,焠,cuì,thối / sốt
無,无,wú,mô / vô
焦,焦,jiāo,tiêu / tiều
煎,煎,jiān,tiên / tiễn
獃,呆,dāi,ngai / ngốc
獓,獓,áo,ngao / ngáo
獗,獗,jué,quyết / quệ
獠,獠,liáo,liêu / lão
獬,獬,xiè,giải / hải
獵,猎,liè,liệp / lốp
獺,獭,tǎ,thát / rái
獼,猕,mí,di / mi
犴,犴,àn,ngạn / ngan
狄,狄,dí,địch / thích
狌,狌,shēng,tinh / tính
狠,狠,hěn,ngận / ngoan
狹,狭,xiá,hiệp / hẹp
猗,猗,yī,y / ỷ / ả
猶,犹,yóu,dứu / do
猿,猿,yuán,viên / vượn
牀,床,chuáng,sàng / giường
牖,牖,yǒu,dữu / dũ
牝,牝,pìn,tẫn / bẫn
牟,牟,móu,mâu / mau / mưu / mào / mầu / màu / mồ
牣,牣,rèn,nhận / nhẳn
牽,牵,qiān,khiên / khản
犂,犂,lí,lưu / lê
犛,牦,máo,ly / mao
爬,爬,pá,ba / bò
爭,争,zhēng,tranh / tránh
爰,爰,yuán,viên / vươn
爲,为,wèi,vi / vị / vay
父,父,fù,phụ / phủ
爹,爹,diē,đà / đa
爽,爽,shuǎng,sảng / sửng
爾,尔,ěr,nhĩ / nhãi
甍,甍,méng,manh / mành
甓,甓,pì,bích / bịch
甕,瓮,wèng,úng / ống
生,生,shēng,sanh / sinh
甯,宁,níng,trữ / ninh / nịnh
甸,甸,diàn,điền / điện
畏,畏,wèi,uý / úy
畜,畜,chù,súc / húc / sộc / sục / xộc / róc
瓊,琼,qióng,quýnh / quỳnh / quạnh / quành / quầng / quềnh
瓠,瓠,hù,hoạch / hồ
瓢,瓢,piáo,bầu / biều
瓦,瓦,wǎ,ngói / ngõa
瓩,瓩,qiān,thiên / ngoã
瓷,瓷,cí,tư / từ / sứ
瓿,瓿,bù,phẫu / bẫu
甄,甄,zhēn,chân / chấn
理,理,lǐ,lý / lí
琢,琢,zuó,trác / chác
琵,琵,pí,tì / tỳ
瑁,瑁,mào,mạo / mao / mội / mùi / mồi
瑚,瑚,hú,hồ / hô
瑰,瑰,guī,khôi / côi
瑱,瑱,tiàn,thiến / chấn
璃,璃,lí,li / lê / ly
率,率,lǜ,luật / suất / súy / soát
玉,玉,yù,túc / ngọc
王,王,wáng,vượng / vương
玲,玲,líng,linh / liếng
玳,玳,dài,đại / đồi
玷,玷,diàn,điếm / đém
珉,珉,mín,mân / dân
珥,珥,ěr,nhị / nhĩ / nhẹ / lẹ
癉,瘅,dān,đan / đản
癐,癐,guì,hội / hủi
癒,愈,yù,dũ / rủ
癖,癖,pǐ,tích / phích
癜,癜,diàn,điến / đẹn
癟,瘪,biě,tất / biết
癢,痒,yǎng,dạng / dưỡng
癥,症,zhēng,chứng / trưng
瘁,瘁,cuì,tụy / tuỵ
瘕,瘕,jiǎ,gia / hà
瘖,瘖,yīn,âm / ốm
瘛,瘛,chì,khiết / xiết
瘥,瘥,chài,sái / ta
瘦,瘦,shòu,sấu / xấu
瘭,瘭,biāo,tiêu / tiếu
瘰,瘰,luǒ,lỗi / lõa
痀,痀,jū,câu / củ / khú
痃,痃,xuán,huyền / hiền
痌,痌,tōng,đồng / thông
痕,痕,hén,ngân / hằn / ngẩn / ngấn / ngần / ngằn
痰,痰,tán,đàm / đờm
痱,痱,fèi,phi / phỉ
痹,痹,bì,tê / tý
痿,痿,wěi,nuy / oải
番,番,fān,ba / phiên / phan / bà / phen / phiện
畫,画,huà,hoạch / hoạ / họa
當,当,dāng,đương / đáng
疋,疋,pǐ,thất / sơ / sất / nhã
疏,疏,shū,sơ / sớ
疚,疚,jiù,cứu / nhíu
疴,疴,kē,a / kha
疸,疸,dǎn,đản / đớn
眭,眭,suī,huy / khoé / khoẻ
眼,眼,yǎn,nhẫn / nhản / nhãn / nhặn / nhởn
睇,睇,dì,thê / đê
睒,睒,shǎn,thiểm / gườm / gượm
睜,睁,zhēng,tranh / tĩnh
睢,睢,suī,huy / tuy
睹,睹,dǔ,đổ / đủ
瞋,瞋,chēn,sân / trân
相,相,xiāng,tương / tướng
眇,眇,miǎo,dẻo / miễu
眈,眈,dān,đam / xẩm
眉,眉,méi,mi / my
看,看,kàn,khản / khan / khán / khen / khăn / khớn
眙,眙,yí,di / dị
眥,眦,zì,tí / trại / xải
眩,眩,xuàn,huyễn / gioèn
盈,盈,yíng,doanh / dềnh
盒,盒,hé,hạp / hộp
盛,盛,shèng,thịnh / thình
盜,盗,dào,đạo / dừa
盞,盏,zhǎn,trản / chén
盡,尽,jǐn,tẫn / tận
監,监,jiān,giam / giám
盧,卢,lú,lô / lư
百,百,bǎi,mạch / bá / bách / trăm
的,的,de,để / đích
皋,皋,gāo,cao / cau
皎,皎,jiǎo,kiểu / hiệu
皐,皐,gāo,cao / cau
皖,皖,wǎn,hoàn / hoán
皜,皜,hào,hạo / cảo
盆,盆,pén,vồn / bùn / bồn / bộn / dồn / buồn / bòn
碭,砀,dàng,nương / nãng
碰,碰,pèng,bính / binh
碾,碾,niǎn,niễn / chiển
磅,磅,bàng,bàng / bảng
磊,磊,lěi,lỗi / lối
磋,磋,cuō,tha / xay / gây / xoay / xây
磑,硙,wéi,cai / ngại
磔,磔,zhé,trách / kẹt
砭,砭,biān,bơm / biêm / bom / bàm / bâm / bãm / bìm / bẫm / bờm
砲,砲,pào,bác / pháo / phao
硃,朱,zhū,chu / cho
硏,硏,yán,nghiễn / nghiên
硯,砚,yàn,nghiễn / nghiên / nghẽn / nghiền
碁,碁,qí,kỳ / cờ
碣,碣,jié,kiệt / kệ
碧,碧,bì,bích / biếc / vách
矢,矢,shǐ,thỉ / tẻ / thẻ
矣,矣,yǐ,hỉ / hĩ
矮,矮,ǎi,ải / nụy
矻,矻,kū,ngột / khốt
矼,矼,gāng,khang / cang / xoang
研,研,yán,nghiên / nghiện / nghiền / nghiến
砝,砝,fǎ,kiếp / pháp
砧,砧,zhēn,châm / chiêm / chỉm
瞑,瞑,míng,minh / miễn / manh
瞞,瞒,mán,man / môn
瞭,瞭,liào / liǎo,liệu / lẹo
瞳,瞳,tóng,đồng / tròng
瞿,瞿,qú,cù / củ
矑,矑,lú,lô / lư / lờ / lừ
矗,矗,chù,súc / sực
矟,矟,shuò,sáo / sác
租,租,zū,tô / to / tò
秸,秸,jiē,kiết / gặt
移,移,yí,di / sỉ / dị / dời
稅,税,shuì,thuế / thối / thoát
稊,稊,tí,đề / thê
稍,稍,shāo,sao / sảo
稔,稔,rěn,nhẫm / nẫm / nậm
稜,棱,léng,lăng / săng / lắng
禁,禁,jìn,câm / cấm
禋,禋,yīn,nhân / yên
禍,祸,huò,hoạ / họa
禦,御,yù,ngữ / ngừa
禪,禅,chán,thiện / thiền
禫,禫,dàn,đạm / đệm
禿,秃,tū,thóc / ngốc
秉,秉,bǐng,bỉnh / bảnh
示,示,shì,kì / thị
礿,礿,yuè,dược / thược
祇,祇,qí,kì / chi
祝,祝,zhù,chú / chúc
祟,祟,suì,túy / trúy
祧,祧,tiāo,diêu / thiêu
票,票,piào,tiêu / phiếu / phiêu
祭,祭,jì,sái / tế
磨,磨,mó,ma / má / mài
磷,磷,lín,lân / lấn
磻,磻,pán,bàn / bà
磽,硗,qiāo,khao / nghiêu
礌,礌,léi,lôi / sỏi
礎,础,chǔ,sở / sờ
礦,矿,kuàng,khoáng / quáng
礬,矾,fán,phàn / phèn
符,符,fú,phù / bùa
笪,笪,dá,đát / đác
第,第,dì,đệ / đậy
笱,笱,gǒu,cẩu / cú / càu
筋,筋,jīn,cân / gân
筍,笋,sǔn,tấn / duẩn
筏,筏,fá,phiệt / phẹt
筤,筤,láng,lang / lẵng
竅,窍,qiào,khiếu / khíu
竣,竣,jùn,thuyên / thuân
竺,竺,zhú,đốc / trúc
竿,竿,gān,can / cán / cần
笈,笈,jí,cấp / cặp
笘,笘,shān,đệm / rơm / chùm / xờm / chòm / chũm / chụm / xúm
笙,笙,shēng,sanh / xênh / sinh / sênh / sềnh
笠,笠,lì,lạp / lợp
穰,穰,ráng,nhương / nhưỡng
穹,穹,qióng,khung / khum
空,空,kōng,không / khống / khổng
窒,窒,zhì,trất / khỏng
窔,窔,yào,yểu / diểu
窕,窕,tiǎo,thiêu / điệu
窞,窞,dàn,đạm / dòm / nảm.
窶,窭,jù,lũ / cũ
稟,禀,bǐng,lẫm / bẩm
稭,稭,jiē,giai / kiết
種,种,zhǒng,chúng / chủng / chõng
稱,称,chēng,xưng / xứng
稽,稽,jī,kê / khể / ghê
穆,穆,mù,mục / mặc
積,积,jī,tích / tí
穩,稳,wěn,ổn / ủn
籍,籍,jí,tịch / tạ
籖,籖,qian,thiêm / tăm
籚,籚,lú,lư / lơ / lờ / lừ
籠,笼,lóng,lung / lồng / lộng
籲,吁,yù,dụ / hu
粃,粃,bǐ,chủy / tẻ
粢,粢,zī,tư / tế
粥,粥,zhōu,chúc / dục
篥,篥,lì,lật / sặt
篩,筛,shāi,si / rây
篷,篷,péng,bồng / bong
簇,簇,cù,thấu / thốc
簍,篓,lǒu,lũ / lâu
簾,帘,lián,liêm / rèm
簿,簿,bù,bạc / bộ
籃,篮,lán,lam / xờm
箱,箱,xiāng,tương / sương / rương
箴,箴,zhēn,châm / chăm / giằm / dăm / giăm
箸,箸,zhù,trợ / giạ / trứ
節,节,jié,tiết / tiệt
築,筑,zhú,trúc / trốc
篙,篙,gāo,cao / gàu
篝,篝,gōu,câu / quảu
篡,篡,cuàn,soán / choán
筥,筥,jǔ,cử / rá
筩,筩,tóng,đồng / thúng
筭,筭,suàn,toán / toan
筮,筮,shì,phệ / thệ / vầu
筲,筲,shāo,sao / sáo
筴,䇲,cè,giáp / sách / hiệp
箕,箕,jī,cơ / ky / kia
箭,箭,jiàn,tiễn / tiến
絞,绞,jiǎo,hào / giảo
絡,络,luò,lạc / rạc
絲,丝,sī,ti / tơ
絺,𫄨,chī,hi / sì
綏,绥,suī,tuy / thỏa / nối
綜,综,zōng,tông / tống
綢,绸,chóu,trù / thao
綣,绻,quǎn,quyển / cuộn
細,细,xì,tế / tới
紳,绅,shēn,thang / thân
紾,紾,zhěn,chẩn / diễn
絀,绌,chù,chuyết / truất
絆,绊,bàn,bận / bán
絏,絏,xiè,tiết / dây
絖,絖,kuàng,quang / khoáng
絜,絜,jié,khiết / hiệt / kiết
純,纯,chún,thuần / truy / đồn / chuẩn
紕,纰,pī,phi / bì
紡,纺,fǎng,phưởng / vưởng
索,索,suǒ,sách / tác
紩,紩,zhì,thắt / dệt
紫,紫,zǐ,tử / tía
紬,䌷,chóu,trừu / dò
累,累,lèi,lũy / luy / lụy / luỵ
粳,粳,jīng,canh / ngạnh / cánh
粹,粹,cuì,túy / tuý
糝,糁,sǎn,tảm / tấm
糞,粪,fèn,phân / phẩn
糾,纠,jiū,kiểu / củ
紆,纡,yū,hu / u / vò
紉,纫,rèn,nhân / nhận
紐,纽,niǔ,nữu / néo
縹,缥,piǎo,phiếu / phiêu
繁,繁,fán,bàn / phồn
繃,绷,běng / bēng,banh / băng
繅,缫,sāo,tảo / sào
繆,缪,móu,cù / mâu / mục / mậu
繇,繇,yáo,diêu / lựu / do / chựu
繓,繓,zuǒ,túi / trói / tói
織,织,zhī,chí / xí / chức
縕,缊,yùn,uân / uẩn / ôn
縛,缚,fù,phược / phọc
縟,缛,rù,nhục / nhọc
縣,县,xiàn,huyền / huyện
縫,缝,fèng,phùng / phúng
縱,纵,zòng,tổng / tung / túng
縵,缦,màn,man / mạn
縷,缕,lǚ,lũ / lâu / lụa
緡,缗,mín,mân / mần
緣,缘,yuán,duyên / duyến
緬,缅,miǎn,miễn / diến
緲,缈,miǎo,miểu / diểu
緻,致,zhì,trí / nhí
縈,萦,yíng,oanh / quanh
縎,縎,gǔ,cốt / cột / gút
縐,绉,zhòu,trứu / sô
綮,綮,qìng,khể / khính
綴,缀,zhuì,chuyết / xuyết / chuế
綵,彩,cǎi,thái / thải
綺,绮,qǐ,ỷ / khỉ
綾,绫,líng,lăng / trăng
緌,緌,ruí,tuy / nhuy
緘,缄,jiān,giam / dàm
締,缔,dì,đề / rế
翛,翛,xiāo,tiêu / dựu
翟,翟,dí,địch / trạch
翠,翠,cuì,thúy / thuý
翥,翥,zhù,chở / chứ
翩,翩,piān,phiến / phiên
耆,耆,qí,kì / chỉ / thị
耇,耇,gǒu,củ / cẩu
耍,耍,shuǎ,sái / sọa
罷,罢,bà,bì / bãi
美,美,měi,mỹ / mỉ
羑,羑,yǒu,dữu / dũ
羝,羝,dī,đê / dê
羸,羸,léi,luy / nuy
羹,羹,gēng,lang / canh
羽,羽,yǔ,vũ / võ
翎,翎,líng,linh / liếng / liệng
纚,纚,lí,lý / sỉ / sủy
缶,缶,fǒu,phẫu / phũ / phữu
缸,缸,gāng,cang / cong / hang
罔,罔,wǎng,võng / vóng
罡,罡,gāng,cương / cang
罣,罣,guà,quái / khuể
罨,罨,yǎn,yểm / ấp
署,署,shǔ,thự / thợ
繚,缭,liáo,liễu / lèo
繪,绘,huì,hội / gói
繭,茧,jiǎn,kiển / kén
繰,缲,zǎo,thao / sào
繳,缴,jiǎo,kiểu / chước / nhàu
繹,绎,yì,dịch / gịt
繾,缱,qiǎn,khiển / khín
纍,累,léi,luy / luỵ
胝,胝,zhī,chi / đê / đì
胭,胭,yān,nhân / yên
胯,胯,kuà,khố / khóa
胱,胱,guāng,quang / choáng
胸,胸,xiōng,hung / hông
能,能,néng,nại / nai / năng
脘,脘,wǎn,oản / quản
脞,脞,cuǒ,tỏa / thỏa
肝,肝,gān,can / gan
肫,肫,zhūn,thuần / truân
肭,肭,nà,nạp / nọi
肯,肯,kěn,khải / khẳng
背,背,bèi,bội / bối
胒,胒,nì,nây / sề
胖,胖,pàng,bàn / phán / bỡn
胙,胙,zuò,tạc / tộ
耽,耽,dān,đam / xẩm
聀,聀,zhí,trác / thắc / chắc / chức / giấc / nhức
聘,聘,pìn,sính / sánh
聞,闻,wén,văn / vấn / vặn
聶,聂,niè,nhiếp / niếp
肉,肉,ròu,nậu / nhục / nhụ
肖,肖,xiào,tiêu / tiếu
肛,肛,gāng,khang / giang / xoang
耒,耒,lěi,lỗi / lồi
耔,耔,zǐ,tì / tỷ
耗,耗,hào,mạo / mao / hao / háo
耙,耙,bà / pá,bá / bà / bồ / bừa
耜,耜,sì,cử / tỷ
耞,耞,jiā,gia / rội
耡,耡,chú,sừ / sự
耼,耼,dān,đam / tham
臘,腊,là,lạp / chạp
臨,临,lín,lâm / lấm
臬,臬,niè,nghiệt / niết
臭,臭,chòu,khứu / xú
致,致,zhì,trí / nhí
臺,台,tái,đài / thai
臼,臼,jiù,cữu / cối
臾,臾,yú,du / dũng
膰,膰,fán,phần / phiền
膴,膴,hū,vũ / hô
膾,脍,kuài,quái / khoái / gỏi
膿,脓,nóng,nùng / nọng
臉,脸,liǎn,thiểm / kiểm
臊,臊,sāo,tao / táo
臏,膑,bìn,tẫn / bận
臑,臑,nào,nhu / nao
腱,腱,jiàn,kiên / kiện
腸,肠,cháng,trường / tràng
腹,腹,fù,phục / phúc
腿,腿,tuǐ,thoái / thối
膏,膏,gāo,cao / cáo
膞,䏝,zhuān,thuần / thuyền
膠,胶,jiāo,giao / keo
膩,腻,nì,nhị / nị
脧,脧,juān,thôi / tuyên
脫,脱,tuō,thoát / đoái
腆,腆,tiǎn,điến / thiển
腋,腋,yè,dịch / nách
腔,腔,qiāng,khang / xoang
腥,腥,xīng,tinh / tanh
腩,腩,nǎn,nạm / nem
腫,肿,zhǒng,thũng / trũng
苔,苔,tái,đài / đầy
苕,苕,sháo,điều / thiều
苗,苗,miáo,miêu / meo
苙,苙,lì,lập / rợp
苫,苫,shān,thiêm / chôm
苾,苾,bì,bí / bật
茁,茁,zhuó,đốt / truất
茄,茄,jiā,gia / nhà
芋,芋,yù,dụ / hu
芣,芣,fú,phù / búp
芧,芧,xù,tự / trữ
芮,芮,ruì,nhuế / nối
芻,刍,chú,sô / so
芼,芼,mào,mạo / mao / mào
芾,芾,fèi,phất / nào
苑,苑,yuàn,oản / uất / uẩn / uyển
艋,艋,měng,mãnh / mành
艘,艘,sōu,sưu / tao
艟,艟,chōng,đồng / xuồng
艸,艸,cǎo,thảo / tháu
艽,艽,jiāo,giao / cừu / bông
艾,艾,ài,nghệ / ngải
艿,艿,nǎi,nãi / nảy
芃,芃,péng,bồng / bông
舅,舅,jiù,cữu / cậu
與,与,yǔ,dự / dữ
興,兴,xìng,hưng / hứng
舍,舍,shě / shè,xá / xả
舐,舐,shì,để / thỉ
舖,舖,pù,phô / phố
舫,舫,fǎng,phảng / phang
般,般,bān,bát / bàn / ban
菟,菟,tù,đồ / thố / thỏ / tho
菫,菫,jǐn,cận / ngẩn
華,华,huá,hoa / hóa
菲,菲,fēi,phi / phỉ
菸,烟,yān,yên / ư
菹,菹,zū / jū,thư / trư
萍,萍,píng,bình / bềnh
萑,萑,huán,hoàn / chuy
莓,莓,méi,môi / mội
莘,莘,shēn,tân / sân
莞,莞,guǎn,hoàn / hoản
莠,莠,yǒu,tú / dửu
莪,莪,é,nga / ngò
莫,莫,mò,mạch / bá / mạc / mộ
莰,莰,kǎn,khúm / khóm
菍,菍,niè,nấm / nộm / núm
茼,茼,tóng,đồng / đòng
荄,荄,gāi,cai / gai
荇,荇,xìng,hành / hạnh
荑,荑,tí,di / đề / rì
荸,荸,bí,bột / mụt
荼,荼,tú,gia / đồ / dưa
莆,莆,pú,phủ / bồ / bo
莎,莎,shā,sa / toa
茆,茆,máo,mao / lữu
茇,茇,bá,bát / bạt / bái
茌,茌,chí,trì / sậy
茫,茫,máng,mang / mương
茲,兹,zī,tư / từ
茸,茸,róng,nhung / nhũng
茹,茹,rú,như / nhà / nhự
茺,茺,chōng,sung / súng
蕞,蕞,zuì,tối / tỏi / tụi
蕩,荡,dàng,đảng / đãng
蕷,蓣,yù,dự / nhựa
薀,蕰,yùn,uẩn / ôn
薄,薄,báo / bó,bác / bạc
薈,荟,huì,hội / cói / oái
薏,薏,yì,ý / é
薑,姜,jiāng,khương / gừng
蔔,卜,bó,bốc / bặc
蔚,蔚,wèi,uất / úy
蔡,蔡,cài,thái / sái / tát
蔣,蒋,jiǎng,tưởng / tương
蔽,蔽,bì,phất / tế
蕁,荨,qián,tầm / tùm
蕎,荞,qiáo,kiều / kiệu
蕘,荛,ráo,nhiêu / nghiêu
蒼,苍,cāng,thương / thưởng
蓉,蓉,róng,dong / rong
蓊,蓊,wěng,ông / ống
蓐,蓐,rù,nhục / náu / nóc
蓑,蓑,suō,tuy / thoa / toa
蓓,蓓,bèi,bội / bụi
蓮,莲,lián,liên / sen
蔓,蔓,màn,mạn / mơn
萩,萩,qiū,tho / thưu
葑,葑,fēng,phong / phúng
葖,葖,tū,đột / nhút
葘,葘,zī,tai / truy
葯,药,yào,dược / điếu / ước
葸,葸,xǐ,tỉ / tơi
蒔,莳,shí,thi / thì
蒜,蒜,suàn,toán / tỏi
虯,虬,qiú,cầu / cù
蚓,蚓,yǐn,dẫn / rận
蚕,蚕,cán,tàm / tằm
蚜,蚜,yá,nha / nhá
蚤,蚤,zǎo,tao / tảo
蚧,蚧,jiè,giới / nhái
蚩,蚩,chī,si / xi
蛀,蛀,zhù,chú / chấu
蘺,蓠,lí,li / loe
蘿,萝,luó,la / lá
處,处,chù,xử / xứ
虛,虚,xū,khư / hư
號,号,hào,hào / hiệu
虢,虢,guó,quắc / quách
虧,亏,kuī,khuy / khuya
虬,虬,qiú,cầu / gù
藐,藐,miǎo,mạc / miểu
藕,藕,ǒu,ngẫu / ngó
藩,藩,fān,phiên / phan
藪,薮,sǒu,tẩu / sú
蘇,苏,sū,tô / to
蘊,蕴,yùn,uẩn / uấn
蘝,蘝,liǎn,liêm / liễm / lém
蘸,蘸,zhàn,tiếu / trám
薔,蔷,qiáng,tường / sắc
薙,薙,tì,thế / trĩ
薝,薝,zhān,chiêm / đảm
薧,薧,hāo,khảo / hảo
薷,薷,rú,nhu / nho
薹,苔,tái,đài / đầy
藉,藉,jí,tịch / tạ / chạ
藏,藏,cáng,tàng / tạng
螻,蝼,lóu,lâu / sâu
蟄,蛰,zhé,trập / chập
蟠,蟠,pán,bàn / phiền
蟣,虮,jǐ,kì / kỉ
蟯,蛲,náo,nhiêu / nghêu
蠃,蠃,luǒ,loa / lỏa
蠅,蝇,yíng,dăng / nhặng
蠆,虿,chài,sái / mại
蝙,蝙,biān,biên / biển
蝤,蝤,qiú,du / tưu / tù
蝴,蝴,hú,hà / hồ
螄,蛳,sī,tư / si / sư
融,融,róng,dong / dung
螓,螓,qín,tần / trăn
螣,螣,téng,đằng / đặc
螮,䗖,dì,đế / giải
蜂,蜂,fēng,phong / ong
蜆,蚬,xiàn,hiện / kiến
蜇,蜇,zhē,triết / xít
蜍,蜍,chú,thờ / thừ
蜚,蜚,fēi,phi / phỉ / bay
蜼,蜼,wèi,vị / dữu
蝎,蝎,xiē,hạt / hiết / rết
蝒,蝒,mián,dện / nhện / rện
蛇,蛇,shé,di / xà
蛛,蛛,zhū,chu / thù / châu
蛦,蛦,yí,dơi / ri
蛭,蛭,zhì,điệt / chấy
蛹,蛹,yǒng,dũng / nhộng
蛺,蛱,jiá,hiệp / kiệp
蛾,蛾,é,nga / nghĩ
蜀,蜀,shǔ,thục / xọc
袞,衮,gǔn,cổn / gọn
袠,袠,zhì,dật / trật
被,被,bèi,bí / bị
袷,袷,qiā / jiá,giáp / kiếp / khiếp
裁,裁,cái,tài / trài
裊,袅,niǎo,nẻo / niểu
裏,里,lǐ,lý / lịa
裒,裒,póu,bầu / bâu
衰,衰,shuāi,thôi / suy / súy
衲,衲,nà,nạp / nẹp
衷,衷,zhōng,trung / trúng
袂,袂,mèi,duệ / mệ
袈,袈,jiā,ca / cà
袋,袋,dài,đại / đãy
袏,袏,zuò,tả / tã
袗,袗,zhěn,chẩn / chân
蠶,蚕,cán,tàm / tằm
蠻,蛮,mán,man / mán
衊,蔑,miè,miệt / mét
行,行,xíng,hàng / hành / hạng / hạnh
衍,衍,yǎn,diên / diễn
衡,衡,héng,hoành / hành
衣,衣,yī,y / ý
衫,衫,shān,sam / oam
蠋,蠋,zhú,thục / trục
蠍,蝎,xiē,hiết / rết
蠐,蛴,qí,tề / xê
蠓,蠓,měng,mông / mòng / mống
蠖,蠖,huò,hoạch / oách
蠛,蠛,miè,miệt / mọt
蠟,蜡,là,lạp / rệp
蠡,蠡,lí,lê / lễ / lỏa / lãi
覊,覊,jī,ki / ky
見,见,jiàn,hiện / kiến
規,规,guī,quy / qui
覘,觇,chān,chiêm / siêm
親,亲,qīn,thân / thấn
覺,觉,jué,giác / giáo
觀,观,guān,quán / quan
角,角,jiǎo,giác / góc / giốc
襌,襌,dān,đan / thiền
襪,袜,wà,miệt / vạt
襬,摆,bǎi,bi / bãi
西,西,xī,tê / tây
要,要,yào,yêu / yếu
覃,覃,tán,đàm / diễm
覆,覆,fù,phúc / phú
覉,覉,jī,ki / ky
複,复,fù,hạ / phức
褎,褎,xiù,tụ / hựu
褐,褐,hè,hạt / cát
褓,褓,bǎo,bảo / bìu
褶,褶,zhě,tập / điệp / chấp / triệp
襃,襃,bāo,bao / bầu
襆,襆,fú,bộc / bọc
襇,裥,jiǎn,giản / cán
裕,裕,yù,dụ / dịu
裡,里,lǐ,lý / lịa
裨,裨,bì,tì / bì
裰,裰,duō,chuyết / xuyết
裱,裱,biǎo,phiếu / bíu
裸,裸,luǒ,khỏa / lỏa / khoả
裼,裼,tì,thế / tích
裾,裾,jū,cư / cứ
諉,诿,wěi,ủy / dụy
請,请,qǐng,tính / thỉnh
論,论,lùn,luân / luận
諛,谀,yú,du / hùa
諦,谛,dì,đề / đế
諮,咨,zī,tư / ti
諱,讳,huì,huý / húy
諶,谌,chén,thầm / kham
訾,訾,zǐ,ti / tí
詁,诂,gǔ,cổ / hỗ
詹,詹,zhān,đạm / chiêm
誓,誓,shì,thệ / thề
語,语,yǔ,ngữ / ngứ
說,说,shuō,thuế / thuyết / duyệt
課,课,kè,khoá / khóa
調,调,diào,điều / điệu
訑,訑,yí,di / tha / nãn
訕,讪,shàn,san / sán
訖,讫,qì,cật / ngật
訢,䜣,xīn,hy / hân
訥,讷,nè,nột / dốt
訪,访,fǎng,phỏng / phóng
設,设,shè,thiết / thết
許,许,xǔ,hổ / hử / hứa
觜,觜,zī,tuy / tủy
解,解,jiě,giới / giải / giái
觳,觳,hú,hạc / hộc / giác
觴,觞,shāng,thương / tràng
言,言,yán,ngân / ngôn
計,计,jì,kế / kê / kể
訏,𬣙,xū,hủ / hu
訐,讦,jié,yết / kiết
貍,貍,lí,li / uất
貓,猫,māo,miêu / mèo
貝,贝,bèi,bối / buổi
貤,貤,yí,di / dị
貨,货,huò,hóa / hoá
販,贩,fàn,phiến / phán
貫,贯,guàn,quán / quan
責,责,zé,trách / trái
豉,豉,chǐ,thị / xị
豚,豚,tún,đồn / độn
豫,豫,yù,tạ / dự
豸,豸,zhì,trĩ / trại
豹,豹,bào,báo / beo
貅,貅,xiū,hưu / hươu
貉,貉,háo,mạch / hạc
貌,貌,mào,mạo / mộc
譟,噪,zào,táo / tháo
警,警,jǐng,cảnh / khểnh
譫,谵,zhān,chiêm / thiềm
讀,读,dú,độc / đậu
變,变,biàn,biện / biến
讓,让,ràng,nhường / nhượng
谷,谷,gǔ,dục / lộc / cốc
豈,岂,qǐ,khải / khởi
謅,诌,zhōu,sưu / sảo
謏,𫍲,xiǎo,tẩu / tiểu
謐,谧,mì,mịch / mật
謙,谦,qiān,khiêm / khiệm
謾,谩,mán,man / mạn
譖,谮,zèn,trấm / tiếm
識,识,shí / shì,chí / thức
譜,谱,pǔ,phổ / phả
跬,跬,kuǐ,khuể / khoẻ
跰,跰,pián,kiển / nghiễn
跳,跳,tiào,khiêu / khêu
踖,踖,jí,tích / tếch
踘,踘,jū,cúc / guốc
踝,踝,huái,khỏa / hõa
踣,踣,bó,bặc / phấu / vội
踧,踧,cù,túc / địch
趣,趣,qù,xúc / thú
趨,趋,qū,xúc / xu
趹,趹,jué,quyết / quế
趾,趾,zhǐ,chỉ / nhảy
跌,跌,diē / dié,điệt / trật / trặc
距,距,jù,cự / cựa
跟,跟,gēn,ngân / cân / ngấn
跪,跪,guì,quỳ / quỵ
賽,赛,sài,tái / trại
贖,赎,shú,thục / chuộc
贛,赣,gàn,cống / cám
赤,赤,chì,thích / xích
赧,赧,nǎn,noản / nấn
赬,赪,chēng,trinh / xanh
越,越,yuè,hoạt / việt
趟,趟,tàng,tranh / thảng
貰,贳,shì,thế / thởi
貸,贷,dài,thải / thắc
費,费,fèi,phí / bỉ
賁,贲,bì,bí / phần / bôn
賈,贾,jiǎ,cổ / giá / giả
賓,宾,bīn,tân / thấn
質,质,zhì,chí / chất
賸,賸,shèng,thặng / thứng
躩,躩,jué,quặc / khước
身,身,shēn,quyên / thân
躺,躺,tǎng,thảng / thẳng
軀,躯,qū,khu / xo
軋,轧,yà,yết / loát
軌,轨,guǐ,quỹ / quẫy
軏,𫐄,yuè,ngột / nguyệt
軼,轶,yì,dật / điệt
蹺,跷,qiāo,khiêu / nghều
蹻,蹻,juē,kiểu / cược / kều
蹼,蹼,pǔ,bốc / phốc
躁,躁,zào,táo / tháo
躅,躅,zhú,trục / sộc / trọc / xộc
躇,躇,chú,trừ / chứa
躋,跻,jī,tê / tễ
躐,躐,liè,liệp / láp
蹍,蹍,niǎn,niễn / chiển
蹙,蹙,cù,túc / xúc
蹜,蹜,sù,súc / tốc
蹢,蹢,dí,đích / trịch / nhích
蹣,蹒,pán / mán,man / bàn
蹤,踪,zōng,tông / tung
蹲,蹲,dūn,tỗn / tồn
蹶,蹶,jué,quyết / quệ
踪,踪,zōng,tông / tung
踶,踶,dì,đề / đệ
踹,踹,chuài,đoán / sủy
蹂,蹂,róu,nhu / nhựu
蹄,蹄,tí,đề / đế
蹇,蹇,jiǎn,kiển / kiễng
蹈,蹈,dǎo,đạo / dạo
蹉,蹉,cuō,sa / tha
逆,逆,nì,nghịch / nghịnh
這,这,zhè,giá / nghiện
造,造,zào,tháo / tạo
逭,逭,huàn,hoán / quần
逮,逮,dǎi,đệ / đãi
逴,逴,chuō,trác / sước / rước
遁,遁,dùn,tuần / độn / trốn
過,过,guò,qua / quá
迎,迎,yíng,nghịnh / nghênh
近,近,jìn,cận / ký / cấn
迢,迢,tiáo,điều / dìu
迦,迦,jiā,ca / già / dà
迭,迭,dié,dật / điệt
迻,迻,yí,đi / đưa / đừa
追,追,zhuī,truy / đôi
退,退,tuì,thoái / thối
轉,转,zhuǎn,chuyển / chuyến
轟,轰,hōng,oanh / huênh / hoanh
辟,辟,pì,tích / tịch / thí / bễ / phích / vếch
辦,办,bàn,biện / bạn
辨,辨,biàn,biện / biến
辰,辰,chén,thần / thìn
辱,辱,rǔ,nhục / nhọc
迍,迍,zhūn,truân / đốn / trốn / dọn / đon / đón / đọn
較,较,jiào,giảo / giác / giếu
輅,辂,lù,nhạ / lộ
載,载,zài,tái / tại / tải
輕,轻,qīng,khánh / khinh
輟,辍,chuò,chuyết / xuyết
輸,输,shū,thú / thâu
輻,辐,fú,bức / phúc
輾,辗,zhǎn,triển / niễn
鄢,鄢,yān,yên / yển
酇,酂,zàn,toản / tán
酈,郦,lì,lịch / li
酉,酉,yǒu,dấu / dậu
酖,酖,zhèn,đam / chậm
酗,酗,xù,hú / húng
酩,酩,mǐng,mính / mỉnh
酲,酲,chéng,trình / xành
那,那,nà,na / nả
邦,邦,bāng,bang / vâng
邪,邪,xié,tà / da
邶,邶,bèi,bội / bắc
邾,邾,zhū,chu / chau
郅,郅,zhì,chí / chất
鄕,鄕,xiāng,hương / hướng
鄙,鄙,bǐ,bỉ / bẽ
遴,遴,lín,lân / lận / lấn
遶,遶,rào,nháo / nhiễu
選,选,xuǎn,tuyến / tuyển
遺,遗,yí,di / dị
還,还,hái,hoàn / toàn
邅,邅,zhān,chiên / chênh
邏,逻,luó,la / lạ
邙,邙,máng,mang / mương
道,道,dào,đạo / đáo
遞,递,dì,đệ / đái
遠,远,yuǎn,viễn / viển
遣,遣,qiǎn,khiển / khán / khiến
遥,遥,yáo,diêu / dao
適,适,shì,thích / đích
遯,遯,dùn,độn / rộn
遲,迟,chí,trì / trí
銛,铦,xiān,tiêm / thiểm
銷,销,xiāo,tiêu / tiu
鋅,锌,xīn,tân / tử
鋌,铤,dìng,đĩnh / thính
鋟,锓,qǐn,tiêm / tẩm / xăm
鋥,锃,zèng,rỉnh / xiềng
鋪,铺,pù,phô / phố
鋭,锐,ruì,duệ / nhọn / nhuệ
鈍,钝,dùn,độn / nhọn
鈔,钞,chāo,sao / sáo
鈕,钮,niǔ,nữu / nạo
鈮,铌,nǐ,ni / nỉa
鉏,鉏,chú,tư / trở / sừ
鉦,钲,zhēng,chinh / chiêng
銑,铣,xiǎn,tiển / ten
銚,铫,yáo,diêu / điều / điệu
里,里,lǐ,lý / lịa
重,重,zhòng,trùng / trọng
量,量,liàng,lương / lượng
釐,厘,xī / lí,li / hy / ly
釟,釟,bā,bát / díp
釦,扣,kòu,khấu / khẩu
釭,釭,gāng,công / cang / cong
釵,钗,chāi,thoa / sai
醍,醍,tí,đề / thể
醜,丑,chǒu,xú / xấu
醝,醝,cuō,ta / say
醨,醨,lí,li / ly
醪,醪,láo,lao / dao
醱,酦,fā / pò,bát / phát
采,采,cǎi,thái / thải
釋,释,shì,dịch / thích
鐃,铙,náo,nao / nạo
鐄,𨱑,huáng,hoàng / vàng
鐐,镣,liáo,liêu / rìu
鐓,镦,duì,đôn / đối
鐘,钟,zhōng,chung / chuông
鐙,镫,dèng,đăng / đặng / đâng
鐮,镰,lián,liêm / liềm
鐰,鐰,qiāo,thao / thau
鎖,锁,suǒ,tỏa / toả
鎗,鎗,qiāng,thương / sanh / sang
鎬,镐,hào,hạo / cảo / cào
鎰,镒,yì,dật / dát
鏇,旋,xuàn,tuyền / toàn
鏗,铿,kēng,khanh / keng
鏡,镜,jìng,kính / kẻng
鏢,镖,biāo,phiêu / tiu
錢,钱,qián,tiễn / tiền
錦,锦,jǐn,cẩm / gấm
錫,锡,xī,tích / thiếc
錯,错,cuò,thác / thó
鍄,鍄,liàng,keng / kiềng
鎊,镑,bàng,bàng / bảng
鎌,镰,lián,liêm / gươm
鎔,镕,róng,dong / dung
鋸,锯,jù,cứ / cưa
鋼,钢,gāng,cương / gang
錁,锞,guǒ,quả / khoá
錐,锥,zhuī,duì / trùy
錘,锤,chuí,chuy / chùy
錚,铮,zhēng,tranh / trành
錞,𬭚,chún,thuần / đỗi
錡,锜,qí,ki / kĩ
陂,陂,pí,bí / bi / pha / bê
附,附,fù,phụ / phò
降,降,jiàng,hàng / giáng
陜,陜,xiá,thiểm / xiểm
陲,陲,chuí,thùy / thuỳ
陳,陈,chén,trần / trận
陴,陴,pí,bì / bài
陶,陶,táo,đào / giao
闍,阇,dū,đồ / xà
闓,闿,kǎi,khải / khai
關,关,guān,loan / quan
闞,阚,kàn,hám / giảm
闡,阐,chǎn,xiển / xén
闢,辟,pì,tịch / vếch
阽,阽,diàn,diêm / điếm
阿,阿,ā,á / a
閒,闲,xián,gian / gián / nhàn
閘,闸,zhá,áp / sạp
閤,合,gé,cáp / hợp
閧,閧,hòng,hống / hổng
閬,阆,làng,lang / lãng
閼,阏,è,yên / át
閾,阈,yù,vực / quắc / vắc
闌,阑,lán,lan / làn
鐲,镯,zhuó,trạc / đục
鐺,铛,dāng,sanh / đang
鐻,鐻,jù,cự / cứa
鑅,鑅,héng,vành / vòng / vạnh
鑊,镬,huò,hoạch / vạc
鑕,锧,zhì,chất / chặt
鑽,钻,zuān,toản / toàn
長,长,zhǎng,trướng / trường / trưởng
靠,靠,kào,khốc / kháo
靡,靡,mí,mi / mị / mĩ
革,革,gé,cách / cức
鞄,鞄,páo,bạc / bào
鞅,鞅,yāng,óng / ưởng
鞍,鞍,ān,yên / an
鞹,鞹,kuò,khuếch / khoác
韈,韈,wà,miệt / vạt
霈,霈,pèi,bái / pháy
霎,霎,shà,sáp / siếp
霏,霏,fēi,phi / phay
霑,沾,zhān,triêm / dìm
霓,霓,ní,nghê / nghi
霸,霸,bà,bá / phách
霹,霹,pī,tích / phích
靂,雳,lì,lịch / rích
雍,雍,yōng,ung / úng / ủng
雎,雎,jū,thư / sư
雟,雟,xī,huề / tủy
離,离,lí,li / ly
難,难,nán,nam / nạn / nan
雨,雨,yǔ,vũ / vú
零,零,líng,linh / lênh
霂,霂,mù,mộc / móc
隋,隋,suí,tùy / đọa
隕,陨,yǔn,viên / vẫn
隨,随,suí,tùy / tuỳ
隩,隩,ào,áo / úc
隱,隐,yǐn,ấn / ẩn
隴,陇,lǒng,lũng / luống
隻,只,zhī,chích / chiếc
雋,隽,juàn,tuấn / tuyển
餒,馁,něi,nuôi / nỗi
餧,餧,wèi,ủy / nỗi
餲,餲,ài,ái / ế / át / ưởi
餵,喂,wèi,ủy / ỏi
餼,饩,xì,hi / hí / khái
饁,馌,yè,diệp / ấp
饑,饥,jī,cơ / ky
饞,馋,chán,sàm / thèm
食,食,shí,tự / thực
飧,飧,sūn,san / tôn / sôn
飫,饫,yù,ốc / ứ
飮,飮,yǐn,ấm / ẩm
飯,饭,fàn,phạn / phãn
飴,饴,yí,di / tự
餅,饼,bǐng,bính / bánh
養,养,yǎng,dưỡng / dượng
頗,颇,pō / pǒ,phả / pha / phở
領,领,lǐng,lãnh / lĩnh
頡,颉,xié,hiệt / gật
頫,𫖯,fǔ,phủ / thiếu
顒,颙,yóng,ngong / ngung / ngùng / ngóng / ngông / ngõng / ngọng / ngỏng / ngủng
顣,顣,cù,túc / xúc
顥,颢,hào,hạo / hiệu
顫,颤,chàn,đản / chiến
韘,韘,shè,thiếp / nhiếp
韵,韵,yùn,vận / vần
響,响,xiǎng,hướng / hưởng
頃,顷,qǐng,khuể / khoảnh / khuynh
須,须,xū,tu / tua
頎,颀,qí,kì / khẩn
頏,颃,háng,hàng / kháng
頒,颁,bān,phân / ban
鬂,鬂,bìn,tấn / bấn
鬆,松,sōng,tông / tùng
鬢,鬓,bìn,tấn / mấn
鬧,闹,nào,nháo / náo
鬨,哄,hòng,hống / họng
鬲,鬲,gé,lịch / cách
鬻,鬻,yù,chúc / dục
魄,魄,pò,bạc / thác / phách
驁,骜,ào,ngao / ngạo
驅,驱,qū,khu / xúi
驢,驴,lǘ,lư / lừa
髓,髓,suǐ,tủy / tuỷ
髕,髌,bìn,tẫn / bận
髟,髟,biāo,tiêu / bưu
髯,髯,rán,nhiêm / nhẹm
髻,髻,jì,kế / kết
駘,骀,tái,đài / thai / đãi
駙,驸,fù,phụ / phò
駢,骈,pián,biền / bền
駸,骎,qīn,xăm / xâm
騂,骍,xīng,tinh / tuynh
騃,騃,ái,ngai / ngãi
騧,䯄,guā,qua / quai
騫,骞,qiān,khiên / kiển
首,首,shǒu,thú / thủ
馥,馥,fù,phức / phốc
馨,馨,xīn,hanh / hinh
馭,驭,yù,ngự / ngựa
馮,冯,féng,bằng / phùng
馱,驮,tuó,đà / đạ
馴,驯,xún,thuần / tuần
駔,驵,zǎng,tảng / tổ
黽,黾,miǎn,mẫn / mãnh
鼾,鼾,hān,hãn / han
齊,齐,qí,tư / trai / tề / tày
齣,出,chū,xích / xuất
齦,龈,kěn,ngân / khẩn
齧,啮,niè,khiết / niết
齲,龋,qǔ,củ / khủ
龍,龙,lóng,long / sủng
鷟,𬸦,zhuó,trạc / sạt
鸜,鸜,qú,cù / cò
鹼,碱,jiǎn,kiềm / thiêm / dảm
麂,麂,jǐ,kỉ / hoẵng
麃,麃,páo / biāo,tiêu / bào
麇,麇,jūn,quân / quần / khuân
麗,丽,lì,lệ / ly
黴,霉,méi,mi / vi
鴂,鴂,jué,quyết / quých
鴝,鸲,qú,cù / cu
鵒,鹆,yù,dục / cốc
鵠,鹄,hú,hộc / cốc
鶻,鹘,gú,cốt / hốt
鷂,鹞,yào,diêu / diều
鷓,鹧,zhè,gia / chá
鷞,鷞,shuāng,sương / sảng
鮠,𬶏,wéi,nguy / ngôi
鮭,鲑,guī,hài / khuê
鮮,鲜,xiān,tiên / tiển
鯖,鲭,zhēng,chinh / thinh
鰱,鲢,lián,liên / lươn / lờn
鱠,鲙,kuài,quái / khoái / gỏi
鱸,鲈,lú,lư / rô
鳶,鸢,yuān,diên / diều
侔,侔,móu,mâu / mầu
侖,仑,lún,lôn / lỏn
侗,侗,dòng,đồng / thống
依,依,yī,y / ỷ
侯,侯,hóu,hầu / hậu
侶,侣,lǚ,lữ / lứa
俐,俐,lì,lị / lợi
俑,俑,yǒng,dũng / dõng
低,低,dī,đê / đây
住,住,zhù,trụ / trú
佔,占,zhàn,chiêm / chiếm
佗,佗,tuó,đà / tha
佻,佻,tiāo,điêu / diêu / điệu
使,使,shǐ,sử / sứ
來,来,lái,lai / lãi
例,例,lì,lệ / lề
仰,仰,yǎng,ngưỡng / nhạng
价,价,jià,giới / giá
任,任,rèn,nhâm / nhậm
份,份,fèn,phần / phân
仿,仿,fǎng,phỏng / phảng
伎,伎,jì,kĩ / kỹ
伶,伶,líng,linh / rành
伺,伺,cì,tứ / tý
龐,庞,páng,bàng / lung
龕,龛,kān,khám / kham
龜,龟,guī,quân / quy / cưu
龠,龠,yuè,dược / thược
𤡮,𤡮,rán,nhiên / nhen
仆,仆,pū,phó / bọc
仔,仔,zǐ,tể / tử
令,令,lìng,linh / lệnh
冽,冽,liè,liệt / rét
准,准,zhǔn,chuẩn / chốn
凍,冻,dòng,đông / đống
凔,凔,chuàng,sương / sảng
几,几,jǐ,kỉ / kỷ
凭,凭,píng,bằng / bẵng
出,出,chū,xuất / xúy
函,函,hán,hàm / hòm
兢,兢,jīng,căng / cạnh
內,内,nèi,nạp / nội
兩,两,liǎng,lưỡng / lạng
共,共,gòng,cung / cộng
其,其,qí,kì / kỳ / ký / ki
冒,冒,mào,mạo / mặc
冠,冠,guān,quán / quan
冷,冷,lěng,lãnh / lạnh
儈,侩,kuài,quái / cúi
儘,尽,jǐn,tẫn / tận
先,先,xiān,tiên / tiến
兌,兑,duì,đoái / đoài
免,免,miǎn,miễn / vấn
兒,儿,ér,nghê / nhi
兙,兙,shí,khắc / thập
兛,兛,qiān,thiên / khắc
傘,伞,sǎn,tản / tàn
催,催,cuī,thôi / thòi
傳,传,chuán,truyền / truyện / truyến
僎,僎,zhuàn,soạn / chuyến
僑,侨,qiáo,kiều / quều
僝,僝,chán,sàn / sạn
僥,侥,jiǎo,nghiêu / nghẹo
儂,侬,nóng,nùng / nông
亢,亢,kàng,cương / kháng / cang
亨,亨,hēng,phanh / hưởng / hanh
亹,亹,wěi,môn / vỉ / mên
仃,仃,dīng,đinh / đừng
㑫,㑫,niàn,niệm / nộm
㑤,㑤,miáo,~miêu
㑥,㑥,yì,~dật
㑦,㑦,lì,~lệ
㑧,㑧,jì,~kệ
㑨,㑨,yǔ,~ủ
㑮,㑮,hún,~hồn
㑰,㑰,huì,~hội
㑱,㑱,rǎo,~nhiễu
㑙,㑙,dié,~điệp
㑚,㑚,nuó,~na
㑛,㑛,sù,~túc
㑜,㑜,yì,~dật
㑝,㑝,lòng,~lỏng
㑞,㑞,yìng,~ánh
㑟,㑟,běng,~bổng
㑣,㑣,lán,~lam
㑇,㑇,zhòu,~sậu
㑉,㑉,sù,~túc
㑊,㑊,yì,~dật
㑋,㑋,qióng,~cung
㑌,㑌,kuāng,~khuông
㑍,㑍,lèi,~lệ
㑎,㑎,nǎo,~não
㑗,㑗,shēn,~thân
㐳,㐳,wù,~ngột
㐵,㐵,rú,~nho
㐹,㐹,yì,~dật
㐺,㐺,yín,~ngân
㐼,㐼,chèng,~xứng
㑁,㑁,zhuō,~xấc
㑂,㑂,fǎng,~phỏng
㑃,㑃,ǎo,~áo
㒛,㒛,diào,~điếu
㒜,㒜,yǔ,~ủ
㒝,㒝,miè,~miệt
㒞,㒞,jùn,~tuấn
㒟,㒟,niǎo,~điểu
㒠,㒠,xiè,~tiết
㒡,㒡,yóu,~du
㒤,㒤,chè,~triệt
㒋,㒋,sī,~tư
㒌,㒌,qióng,~cung
㒍,㒍,léi,~luy
㒎,㒎,sà,~sát
㒑,㒑,kuǐ,~khuể
㒕,㒕,yāng,~ương
㒖,㒖,ǒu,~ngẫu
㒗,㒗,tái,~đài
㒁,㒁,yǔ,~ủ
㒂,㒂,zhuó,~trác
㒃,㒃,èr,~nhị
㒄,㒄,rǎn,~nhiễm
㒆,㒆,chì,~sế
㒈,㒈,hàn,~hán
㒉,㒉,tǎng,~thẳng
㒊,㒊,sè,~sắc
㑳,㑇,zhòu,~sậu
㑵,㑵,hàn,~hán
㑶,㐹,xì,~hệ
㑹,㑹,huì,~hội
㑻,㑻,mà,~mạ
㑾,㑾,yáo,~dao
㑿,㑿,zhào,~triệu
㒀,㒀,zhāi,~trai
㓞,㓞,qià,~kháp
㓡,㓡,fǔ,~phủ
㓢,㓢,luò,~lạc
㓣,㓣,qià,~kháp
㓤,㓤,qià,~kháp
㓦,㓦,bāi,~bẻ
㓧,㓧,gān,~can
㓯,㓯,lí,~ly
㓌,㓌,chēng,~xưng
㓎,㓎,qīn,~khâm
㓑,㓑,xìng,~hành
㓓,㓓,nán,~nam
㓖,㓖,bì,~tất
㓗,㓗,jié,~cát
㓜,㓜,yòu,~dứu
㓝,㓝,xíng,~hình
㒾,㒾,shì,~thị
㒿,㒿,lí,~li
㓁,㓁,wǎng,~võng
㓂,㓂,kòu,~khấu
㓄,㓄,zhèn,~trẫm
㓅,㓅,tīng,~thính
㓈,㓈,bìng,~tinh
㓊,㓊,dòng,~đông
㒦,㒦,lěi,~lỗi
㒩,㒩,luǒ,~khỏa
㒫,㒫,jì,~ký
㒰,㒰,quán,~toàn
㒵,㒵,mào,~mạo
㒷,㒷,guǎ,~quả
㒺,㒺,wǎng,~võng
㒻,㒻,mào,~mạo
㔚,㔚,jié,~kiếp
㔜,㔜,bá,~bạt
㔞,㔞,kuài,~khối
㔠,㔠,xiā,~hà
㔣,㔣,léi,~lôi
㔤,㔤,xìn,~tín
㔥,㔥,bài,~bại
㔦,㔦,yǎng,~dưỡng
㔌,㔌,zòu,~tấu
㔍,㔍,chuā,~sái
㔒,㔒,xí,~tập
㔓,㔓,jiǎn,~kiễng
㔕,㔕,jí,~tập
㔗,㔗,fèi,~phí
㔘,㔘,chù,~xúc
㔙,㔙,bēng,~banh
㓾,㓾,xī,~tây
㔀,㔀,lüè,~lược
㔁,㔁,dēng,~đăng
㔃,㔃,jué,~khoét
㔆,㔆,zàn,~tán
㔉,㔉,zhǔ,~chúc
㔊,㔊,zhǎn,~triển
㔋,㔋,jiān,~kiền
㓰,㓰,huà,~vạch
㓱,㓱,tóu,~đầu
㓲,㓲,piān,~thiên
㓳,㓳,dī,~đây
㓴,㓴,ruǎn,~nhuyễn
㓷,㓷,yì,~nhị
㓸,㓸,zhuō,~trác
㓹,㓹,ruì,~nhuế
㕎,㕎,kè,~hụp
㕏,㕏,chú,~trù
㕑,㕑,chú,~trù
㕒,㕒,wēi,~uy
㕕,㕕,huàn,~hoán
㕗,㕗,yòu,~dứu
㕘,㕘,cān,~xam
㕚,㕚,zhǎo,~trảo
㔿,㔿,zòu,~tấu
㕂,㕂,yín,~ngân
㕃,㕃,xī,~hi
㕄,㕄,zhǐ,~chỉ
㕇,㕇,lā,~lụp
㕈,㕈,yǐ,~nghĩ
㕉,㕉,kè,~hụp
㕊,㕊,fū,~phu
㔱,㔱,yǔ,~tủ
㔳,㔳,guǐ,~quỹ
㔴,㔴,yì,~dịch
㔵,㔵,xuǎn,~tuyển
㔷,㔷,lòu,~lũ
㔸,㔸,tī,~đề
㔺,㔺,shì,~thế
㔽,㔽,yào,~diệu
㔧,㔧,lǜ,~lự
㔨,㔨,bèi,~bối
㔩,㔩,è,~ngạc
㔬,㔬,zhuó,~đốt
㔭,㔭,chè,~triệt
㔮,㔮,nuó,~na
㔯,㔯,xuán,~tuyền
㔰,㔰,héng,~hằng
㖂,㖂,yì,~thé
㖃,㖃,hǒu,~hống
㖊,㖊,xún,~tầm
㖏,㖏,niè,~chiếp
㖐,㖐,wěi,~vĩ
㖔,㖔,tǔn,~thận
㖕,㖕,niè,~chiếp
㖖,㖖,niè,~chiếp
㕲,㕲,huá,~hoa
㕶,㕶,ň,~ng
㕷,㕷,huà,~thoại
㕹,㕹,fá,~phạt
㕺,㕺,xiāo,~hiu
㕻,㕻,pǒu,~phủ
㖀,㖀,lè,~sựt
㖁,㖁,lìn,~lận
㕥,㕥,shēn,~thân
㕧,㕧,xī,~sáp
㕩,㕩,pàng,~phừng
㕪,㕪,dǎn,~đảm
㕫,㕫,fǎng,~phỏng
㕬,㕬,gōng,~cung
㕮,㕮,fǔ,~phủ
㕱,㕱,yóu,~du
㕛,㕛,xù,~tự
㕜,㕜,shǐ,~sử
㕞,㕞,shuā,~loát
㕟,㕟,kuì,~quỹ
㕠,㕠,shuāng,~song
㕢,㕢,gài,~cái
㕣,㕣,yǎn,~thèm
㕤,㕤,qiú,~cầu
㗭,㗭,xī,~sáp
㗰,㗰,cóng,~tùng
㗲,𠵾,huò,~oác
㗳,㗳,tǎ,~tháp
㗵,㗵,xù,~tuất
㗷,㗷,sǎi,~thái
㗻,㗻,guō,~oà
㗼,㗼,yè,~dạ
㗣,㗣,tì,~thế
㗤,㗤,cù,~xúc
㗥,㗥,kuò,~khuếch
㗦,㗦,láo,~rao
㗧,㗧,zhì,~chợt
㗨,㗨,xiē,~xa
㗫,㗫,qiè,~mép
㗬,㗬,zhā,~cha
㗃,㗃,wěn,~răn
㗄,㗄,kū,~khóc
㗈,㗈,màn,~man
㗊,㗊,jí,~tập
㗌,㗌,zhì,~chợt
㗓,㗓,zhuī,~duì
㗕,㗕,gòu,~cấu
㗗,㗗,bēi,~bôi
㖢,㖢,qí,~kì
㖩,㖩,jū,~cư
㖪,㖪,huò,~oác
㖶,㖶,yān,~yên
㖷,㖷,shí,~thực
㖸,㖸,xué,~cược
㖻,㖻,niú,~ngưu
㗀,㗀,yōu,~ưu
㘥,㘥,yóu,~nga
㘧,㘧,xù,~tự
㘫,㘫,jǐng,~cảnh
㘬,㘬,ào,~ao
㘲,㘲,jú,~cong
㘴,㘴,zuò,~tọa
㘵,㘵,bù,~phụ
㘷,㘷,ài,~ái
㘛,㘛,kān,~kham
㘜,㘜,chǐ,~xếch
㘝,㘝,niè,~nghiệt
㘞,㘞,huò,~hoạch
㘠,㘠,bì,~tất
㘡,㘡,xiá,~giáp
㘢,㘢,wěng,~ổng
㘣,㘣,xuán,~tuyền
㘌,㘌,jù,~câu
㘍,㘍,jí,~tập
㘐,㘐,pào,~pháo
㘔,㘔,sǎi,~thái
㘕,㘕,hǎn,~hảm
㘖,㘖,yán,~nhằn
㘗,㘗,qū,~khư
㘙,㘙,yán,~nhằn
㗽,㗽,xiǎng,~hưởng
㗿,㗿,hé,~hoà
㘁,㘁,yì,~thé
㘂,㘂,cí,~từ
㘆,㘆,tǎi,~đài
㘈,㘈,yì,~thé
㘉,㘉,zhì,~chợt
㘊,㘊,xī,~sáp
㙞,㙞,niè,~nồi
㙠,㙠,yī,~y
㙡,㙡,zōng,~tông
㙢,㙢,mán,~man
㙥,㙥,gùn,~côn
㙨,㙨,jì,~ký
㙪,㙪,yì,~đệm
㙫,㙫,jí,~tức
㙓,㙓,kuí,~quỳ
㙔,㙔,wěi,~duy
㙕,㙕,kuài,~khối
㙗,㙗,wēi,~uy
㙘,㙘,yāo,~yêu
㙚,㙚,xīng,~tinh
㙜,㙜,chí,~trì
㙝,㙝,xié,~tà
㙇,㙇,chù,~súc
㙈,㙈,xià,~hạ
㙉,㙉,tiǎn,~điễn
㙍,㙍,duō,~xuyết
㙏,㙏,fù,~phụ
㙐,㙐,duǒ,~đóa
㙑,㙑,yǔ,~vũ
㙒,㙒,yě,~dã
㘹,㘹,cí,~từ
㘺,㘺,fá,~phạt
㘿,㘿,niè,~nồi
㙀,㙀,liù,~lựu
㙁,㙁,méi,~thi
㙂,㙂,duì,~đỗi
㙃,㙃,bāng,~bựng
㙄,㙄,bì,~bị
㚟,㚟,chuò,~xước
㚠,㚠,xiāo,~tiêu
㚢,㚢,nú,~nô
㚤,㚤,yì,~ế
㚥,㚥,yú,~ngu
㚦,㚦,yí,~dì
㚧,㚧,yǎn,~yểm
㚨,㚨,shěn,~thím
㚍,㚍,kuǐ,~khuể
㚐,㚐,tào,~sáo
㚔,㚔,niè,~niếp
㚕,㚕,fú,~phù
㚘,㚘,bàn,~bận
㚚,㚚,kōng,~không
㚛,㚛,xì,~khích
㚝,㚝,zhuī,~duì
㙼,㙼,lěi,~luỹ
㚀,㚀,xī,~hè
㚂,㚂,nàng,~nang
㚃,㚃,yūn,~uân
㚅,㚅,lóng,~lung
㚆,㚆,fù,~hạ
㚇,㚇,zōng,~tông
㚌,㚌,huà,~thoại
㙯,㙯,yì,~đệm
㙰,㙰,xiè,~tiết
㙱,㙱,hào,~hạo
㙵,㙵,tái,~đài
㙷,㙷,zhí,~chấp
㙸,㙸,bào,~báo
㙹,㙹,méng,~mông
㙺,㙺,kuí,~quỳ
㛕,㛕,yì,~ế
㛖,㛖,suō,~sa
㛗,㛗,qiē,~thiết
㛘,㛘,pò,~phách
㛙,㛙,xīn,~tân
㛛,㛛,xìn,~tín
㛜,㛜,yóu,~du
㛝,㛝,bèi,~bối
㛃,㛃,jié,~tiệp
㛄,㛄,yī,~y
㛆,㛆,duò,~đoạ
㛊,㛊,duǒ,~đoá
㛍,㛍,qiè,~thiếp
㛎,㛎,lǚ,~lũ
㛒,㛒,dòu,~đậu
㛓,㛓,xī,~hi
㚹,㚹,mǎo,~mão
㚺,㚺,yùn,~uẩn
㚻,㚻,jī,~cơ
㚾,㚾,xiōng,~hung
㚿,㚿,páo,~bào
㛀,㛀,chú,~trâu
㛁,㛁,pēng,~phanh
㛂,㛂,nuǒ,~na
㚩,㚩,rǎn,~nhiễm
㚫,㚫,sà,~táp
㚭,㚭,yóu,~du
㚯,㚯,xín,~đàm
㚱,㚱,qiū,~thu
㚲,㚲,chān,~sọm
㚴,㚴,bù,~bộ
㚷,㚷,ěr,~nhĩ
㜋,㜋,yì,~ế
㜌,㜌,nǒu,~vú
㜎,㜎,xī,~hi
㜏,㛣,yún,~vân
㜒,㜒,yì,~ế
㜕,㜕,lián,~liêm
㜗,㜗,cān,~xan
㜘,㜘,jù,~cự
㛻,㛻,kuā,~khoa
㛼,㛼,chā,~xoa
㛿,㛿,zhì,~chất
㜄,㚯,xún,~tầm
㜆,㜆,mì,~mịch
㜇,㜇,huì,~hối
㜉,㜉,yōng,~ung
㜊,㜊,zhǎn,~triển
㛯,㛯,fàn,~phiến
㛱,㛱,wěi,~vãi
㛲,㛲,fà,~pháp
㛳,㛳,yì,~ế
㛴,㛴,nǎo,~não
㛵,㛵,chēng,~xưng
㛹,㛹,pián,~bền
㛺,㛺,ān,~am
㛞,㛞,lòng,~lỏng
㛣,㛣,yún,~vân
㛥,㛥,tà,~đạp
㛧,㛧,mǎn,~mãn
㛨,㛨,qiǎng,~cưỡng
㛩,㛩,zhóu,~dâu
㛫,㛫,xī,~hi
㛭,㛭,xī,~hi
㜿,㜿,xù,~tự
㝀,㝀,hào,~hạo
㝁,㝁,xuān,~huyên
㝂,㝂,zhì,~chí
㝃,㝃,miǎn,~miễn
㝅,㝅,gòu,~cấu
㝊,㝊,shǒu,~thủ
㝌,㝌,jiù,~cứu
㜳,㜳,huái,~hoài
㜴,㜴,mèng,~mộng
㜵,㜵,niǎo,~niệu
㜶,㜶,wǎn,~uyển
㜷,㜷,mí,~mi
㜸,㜸,niè,~nghiệt
㜺,㜺,zàn,~tán
㜼,㜼,zhí,~đẹt
㜧,㜧,yuè,~dược
㜨,㜨,nái,~nai
㜪,㜪,shēn,~thần
㜫,㜫,mà,~mạ
㜮,㜮,làn,~lạn
㜯,㜯,xī,~hi
㜰,㜰,yuè,~dược
㜲,㜲,wěng,~ổng
㜛,㜛,nèn,~non
㜝,㜝,ǎn,~an
㜞,㜞,qiàn,~tiệm
㜠,㜠,cuī,~thôi
㜡,㜡,cōng,~thông
㜣,㜣,rán,~nhiên
㜤,㜤,niǎn,~niễn
㜦,㜦,xín,~đàm
㞁,㞁,yào,~diệu
㞃,㞃,jì,~kế
㞅,㞅,luò,~lạc
㞆,㞆,jǐ,~kỉ
㞇,㞇,wěi,~vĩ
㞈,㞈,bō,~bát
㞌,㞌,yùn,~uẩn
㞎,㞎,bǎ,~ba
㝮,㝮,cuì,~thuý
㝴,㝴,wán,~hoàn
㝹,㝹,nóu,~nâu
㝻,㝻,jǐn,~cận
㝼,㝼,yū,~u
㝽,㝽,chuí,~thùy
㝿,㝿,bǒ,~bá
㞀,㞀,huī,~huy
㝙,㝙,yín,~dần
㝟,㝟,máo,~mao
㝡,㝡,zuì,~tuy
㝢,㝢,yǔ,~vũ
㝤,㝤,gòu,~cấu
㝥,㝥,mǐ,~mễ
㝪,㝪,diàn,~điếm
㝫,㝫,lóng,~lung
㝎,㝎,dìng,~định
㝐,㝐,róng,~dung
㝓,㝓,kè,~khách
㝔,㝔,yǎo,~yểu
㝕,㝕,níng,~trữ
㝖,㝖,yí,~di
㝗,㝗,láng,~lang
㝘,㝘,yóng,~ngong
㟁,㟁,àn,~ngàn
㟃,㟃,sī,~tư
㟅,㟅,yáng,~dương
㟇,㟇,cuò,~thó
㟉,㟉,láo,~lao
㟊,㟊,fú,~phù
㟋,㟋,duì,~đỗi
㟎,㟎,tuǒ,~thỏa
㞱,㞱,cōng,~thông
㞲,㞲,yòng,~vinh
㞴,㞴,chí,~trì
㞶,㞶,mǐn,~mẫn
㞸,㞸,suì,~tuế
㞺,㞺,zú,~chót
㞼,㞼,chéng,~thành
㟀,㟀,lián,~liêm
㞢,㞢,zhī,~chi
㞤,㞤,yín,~dần
㞥,㞥,cén,~sầm
㞧,㞧,huì,~hội
㞪,㞪,náo,~nao
㞫,㞫,jù,~cự
㞯,㞯,jié,~tiết
㞰,㞰,xǔ,~hủ
㞏,㞏,zhé,~trích
㞑,㞑,wěi,~vĩ
㞒,㞒,xiè,~tiết
㞓,㞓,qì,~khí
㞔,㞔,yí,~di
㞖,㞖,cí,~từ
㞚,㞚,qì,~khí
㞡,㞡,zhǎn,~triển
㟵,㟵,gǎng,~cương
㟶,㟶,yuán,~viên
㟷,㟷,da,~đáp
㟹,㟹,láo,~lao
㟺,㟺,lóu,~lưu
㟻,㟻,qiàn,~khảm
㟼,㟼,áo,~ngao
㟾,㟾,yōng,~ung
㟫,㟫,quán,~quyền
㟬,㟬,sǒu,~tẩu
㟭,㟭,mín,~mân
㟮,㟮,tū,~thóc
㟱,㟱,yǎo,~yểu
㟲,㟲,jué,~quyết
㟳,㟳,lì,~lịch
㟴,㟴,kuài,~khối
㟞,㟞,zhàn,~chiến
㟠,㟠,gǎng,~cương
㟢,㟢,qí,~kì
㟥,㟥,cēn,~sâm
㟦,㟦,yùn,~vận
㟨,㟨,duān,~đoan
㟩,㟩,mín,~mân
㟪,㟪,wēi,~nguy
㟐,㟐,mǎng,~mãng
㟑,㟑,bó,~bột
㟖,㟖,lòng,~lỏng
㟗,㟗,bīn,~tân
㟘,㟘,tiáo,~đèo
㟙,㟙,zé,~trách
㟛,㟛,zàn,~tán
㟜,㟜,mí,~mi
㠮,㠮,pēng,~phanh
㠯,㠯,yǐ,~dĩ
㠱,㠱,jì,~kị
㠲,㠲,bǐ,~bỉ
㠴,㠴,rèn,~nhận
㠵,㠵,huāng,~hoang
㠶,㠶,fán,~phiền
㠷,㠷,gé,~cách
㠝,㠝,cuán,~toàn
㠠,㠠,lú,~lô
㠡,㠡,niǎo,~điểu
㠢,㠢,huái,~hoài
㠥,㠥,lǜ,~luật
㠧,㠧,mǐ,~mị
㠨,㠨,yù,~dục
㠭,㠭,zhǎn,~triển
㠑,㠑,zuì,~tội
㠔,㠔,bài,~bại
㠕,㠕,wěi,~vĩ
㠖,㠖,yǐ,~nghĩ
㠘,㠘,yǔ,~tự
㠚,㠚,duì,~đỗi
㠛,㠛,wò,~hoạch
㠜,㠜,nì,~nật
㟿,㟿,mǎng,~mãng
㠂,㠂,áo,~ngao
㠅,㠅,fú,~phù
㠇,㠇,jiù,~thứu
㠈,㠈,rùn,~nhuần
㠊,㠊,qū,~khu
㠌,㠌,qī,~thê
㠍,㠍,jí,~tập
㡞,㡞,lóu,~lưu
㡡,㡡,chú,~trù
㡢,㡢,màn,~màn
㡣,㡣,lóng,~lung
㡥,㡥,yìn,~ấn
㡦,㡦,pīn,~phanh
㡨,㡨,jiān,~tiêm
㡪,㡪,nié,~niết
㡓,㡓,kūn,~côn
㡔,㡔,wù,~vụ
㡕,㡕,yīng,~anh
㡖,㡖,chuáng,~choàng
㡙,㡙,bī,~bức
㡚,㡚,gōu,~câu
㡜,㡜,xiè,~tiết
㡝,㡝,fèng,~phượng
㡉,㡉,xián,~nhàn
㡊,㡊,qià,~kháp
㡋,㡋,yé,~gia
㡌,㡌,mào,~mão
㡎,㡎,shān,~sam
㡏,㡏,shù,~thuật
㡑,㡑,qiāo,~thiêu
㡒,㡒,zhūn,~truân
㠸,㠸,kù,~khố
㠾,㠾,yuān,~uyên
㠿,㠿,zī,~tư
㡀,㡀,bì,~giẻ
㡁,㡁,kuǎ,~khoa
㡃,㡃,huāng,~hoang
㡄,㡄,xún,~tuân
㡇,㡇,zhé,~triếp
㢞,㢞,yì,~dị
㢟,㢟,chān,~sọm
㢣,㢣,jìng,~kính
㢥,㢥,dòng,~động
㢮,㢮,chí,~thỉ
㢯,㢯,diāo,~điêu
㢲,㢲,xùn,~tấn
㢳,㢳,lú,~lô
㢅,㢅,lòng,~lỏng
㢋,㢋,chǐ,~sỉ
㢍,㢍,yǐng,~nhánh
㢎,㢎,zhé,~trích
㢔,㢔,zǒng,~tổng
㢗,㢗,qiào,~tiếu
㢛,㢛,yàn,~diễm
㢝,㢝,sū,~tô
㡼,㡼,yì,~dị
㡽,㡽,zhào,~triệu
㡾,㡾,xiàn,~hiển
㡿,㡿,chì,~xích
㢀,㢀,cì,~thứ
㢁,㢁,chǐ,~sỉ
㢂,㢂,yǎn,~yểm
㢄,㢄,dòu,~đậu
㡫,㡫,yì,~dịch
㡮,㡮,jí,~tập
㡯,㡯,zhái,~trạch
㡰,㡰,yǔ,~dữu
㡱,㡱,jiǔ,~cửu
㡵,㡵,líng,~linh
㡸,㡸,zhà,~trá
㡹,㡹,jū,~cư
㣧,㣧,yìn,~ấn
㣫,㣫,zhǒng,~trủng
㣬,㣬,qì,~tập
㣭,㣭,zōng,~tông
㣰,㣰,xiè,~tiết
㣱,㣱,zé,~trách
㣶,㣶,zhān,~chiên
㣷,㣷,nìng,~nính
㣙,㣙,dí,~địch
㣛,㣛,tà,~thát
㣜,㣜,xíng,~hình
㣟,㣟,xì,~khích
㣠,㣠,tāo,~thao
㣢,㣢,tí,~đề
㣣,㣣,shàn,~thiện
㣥,㣥,zhì,~trĩ
㣅,㣅,zàn,~tán
㣆,㣆,mí,~di
㣇,㣇,yì,~dịch
㣈,㣈,sì,~tứ
㣍,㣍,tái,~đài
㣏,㣏,jìng,~tịnh
㣑,㣑,róng,~nhung
㣒,㣒,cèng,~thặng
㢴,㢴,xī,~tây
㢵,㢵,xié,~hiếp
㢸,㢸,bì,~bị
㢺,㢺,xián,~huyền
㢻,㢻,ruì,~nhuế
㣀,㣀,zhèn,~chẩn
㣂,㣂,è,~ngạc
㣃,㣃,yǔ,~vũ
㤭,㤭,jiāo,~kiêu
㤮,㤮,guàng,~cuống
㤱,㤱,fù,~phụ
㤲,㤲,qiè,~khiếp
㤴,㤴,chè,~triệt
㤵,㤵,cí,~từ
㤶,㤶,máng,~mang
㤷,㤷,hān,~hám
㤜,㤜,jué,~quyết
㤝,㤝,chōng,~sung
㤞,㤞,chà,~sá
㤟,㤟,kǒng,~khủng
㤢,㤢,yù,~dục
㤤,㤤,yú,~ngùng
㤪,㤪,yuàn,~nguyện
㤬,㤬,huì,~tuệ
㤌,㤌,gān,~can
㤍,㤍,qiāo,~tiễu
㤏,㤏,tóng,~đồng
㤑,㤑,yòu,~dứu
㤖,㤖,zhù,~chú
㤘,㤘,zhòu,~chú
㤙,㤙,ēn,~ân
㤛,㤛,nín,~nâm
㣻,㣻,yì,~ý
㣾,㣾,chà,~sá
㣿,㣿,zhuó,~chước
㤃,㤃,fáng,~phương
㤄,㤄,pèi,~phải
㤈,㤈,qìn,~khấm
㤉,㤉,qiā,~hạp
㤋,㤋,fēn,~phân
㥞,㥞,suì,~toại
㥟,㥟,xié,~hài
㥠,㥠,xū,~tu
㥡,㥡,chì,~thức
㥢,㥢,qiú,~cầu
㥣,㥣,huì,~tuệ
㥦,㥦,qiè,~khiếp
㥨,㥨,shuì,~thuế
㥒,㥒,cǎi,~thải
㥓,㥓,qī,~thích
㥔,㥔,yù,~dục
㥕,㥕,lián,~lanh
㥖,㥖,cōng,~thông
㥚,㥚,yú,~ngu
㥜,㥜,wèi,~uý
㥝,㥝,mǐ,~mễ
㥇,㥇,cán,~tàm
㥉,㥉,chè,~triệt
㥋,㥋,yī,~y
㥌,㥌,jú,~cúc
㥍,㥍,jì,~kị
㥎,㥎,lái,~lai
㥏,㥏,tiǎn,~thỏm
㥐,㥐,yuàn,~nguyện
㤸,㤸,xì,~ghét
㤹,㤹,qiú,~cầu
㤺,㤺,huǎng,~hoảng
㤽,㤽,chóu,~trù
㤾,㤾,sàn,~tản
㥀,㥀,zhí,~chấp
㥂,㥂,tè,~thắc
㥄,㥄,líng,~linh
㦝,㦝,miǎo,~miểu
㦞,㦞,chóu,~trù
㦟,㦟,mái,~mai
㦢,㦢,jié,~ghét
㦣,㦣,wèi,~uý
㦦,㦦,xì,~ghét
㦩,㦩,yǐn,~ẩn
㦪,㦪,xiè,~giải
㦑,㦑,xiàn,~hiến
㦒,㦒,lí,~lê
㦓,㦓,xiàn,~hiến
㦔,㦔,yàn,~diễm
㦕,㦕,lóng,~lung
㦗,㦗,jīn,~căm
㦘,㦘,jī,~kích
㦛,㦛,yǔ,~vũ
㥺,㥺,hé,~hoà
㥼,㥼,yìn,~ngận
㦁,㦁,lián,~lanh
㦃,㦃,chǎn,~sản
㦅,㦅,diē,~nhẹ
㦋,㦋,zhā,~tra
㦌,㦌,hū,~hốt
㦎,㦎,huò,~hoạch
㥩,㥩,duǒ,~đoá
㥮,㤘,zhòu,~chú
㥰,㥰,sāo,~tao
㥲,㥲,chēn,~xin
㥳,㥳,yuán,~viên
㥴,㥴,yí,~di
㥵,㥵,hùn,~hỗn
㥹,㥹,fěn,~phấn
㧏,㧏,gāng,~cương
㧒,㧒,yù,~vựa
㧔,㧔,guài,~quái
㧕,㧕,liǔ,~lữu
㧖,㧖,è,~ngột
㧘,㧘,zì,~chí
㧙,㧙,bì,~tất
㧜,㧜,liè,~xợp
㧃,㧃,shōu,~thu
㧄,㧄,qiǎn,~hiểm
㧆,㧆,jīn,~kim
㧇,㧇,mǎo,~mão
㧈,㧈,yǐn,~uẩn
㧉,㧉,gài,~cái
㧋,㧋,xuǎn,~tuyển
㧌,㧌,mào,~mạo
㦸,㦸,jǐ,~kích
㦹,㦹,yáng,~dương
㦺,㦺,rù,~nhọc
㦼,㦼,shuàng,~tương
㦽,㦽,yù,~duật
㦾,㦾,yí,~di
㦿,㦿,qiǎn,~hiểm
㧀,㧀,jí,~tập
㦬,㦬,luǒ,~lỏa
㦭,㦭,líng,~linh
㦮,㦮,qián,~kiềm
㦯,㦯,huò,~hoặc
㦰,㦰,jiān,~tiên
㦵,㦵,zhū,~chư
㦶,㦶,dié,~điệp
㦷,㦷,yǒng,~dũng
㨍,㨍,bāng,~banh
㨎,㨎,rú,~như
㨐,㨐,bǔ,~bõ
㨑,㨑,zōng,~tông
㨒,㨒,kuī,~khôi
㨓,㨓,láo,~lao
㨕,㨕,yíng,~doanh
㨚,㨚,xún,~tuần
㨃,㨃,duǐ,~đuy
㨄,㨄,zhōu,~chu
㨅,㨅,nèi,~nại
㨈,㨈,jǐ,~tễ
㨉,㨉,mín,~mân
㨊,㨊,wěi,~vãi
㨋,㨋,chě,~xả
㨌,㨌,gòu,~cấu
㧵,㧵,póu,~bồi
㧶,㧶,kēng,~ken
㧷,㧷,tùn,~độn
㧸,㧸,pēng,~banh
㧹,㧹,tè,~thắc
㧺,㧺,tà,~thát
㨀,㨀,bǐng,~bỉnh
㨁,㨁,zhì,~chí
㧢,㧢,yīn,~nhân
㧣,㧣,zhū,~chư
㧦,㧦,xuàn,~huyến
㧩,㧩,pèi,~bí
㧪,㧪,guǐ,~quỷ
㧫,㧫,ér,~nhi
㧮,㧮,hū,~hốt
㧳,㧳,zhuò,~trác
㩋,㩋,xiāo,~tiêu
㩌,㩌,fèi,~mượn
㩎,㩎,yè,~áp
㩓,㩓,huǐ,~huỷ
㩔,㩔,tún,~đồn
㩗,㩗,xí,~tập
㩘,㩘,nǐ,~nghĩ
㩛,㩛,tuán,~đoàn
㩁,㩁,què,~xác
㩃,㩃,qiān,~khiên
㩄,㩄,shāi,~si
㩆,㩆,jiù,~cứu
㩇,㩇,huò,~xách
㩈,㩈,yǔn,~vẫn
㩉,㩉,dá,~đạt
㩊,㩊,xuān,~tuyên
㨵,㨵,jiǎn,~tiên
㨷,㨷,jìn,~tấn
㨸,㨸,mà,~mạ
㨹,㨹,huì,~khối
㨺,㨺,miǎn,~miễn
㨻,㨻,cán,~sàm
㨽,㨽,pì,~tịch
㩀,㩀,jù,~cứ
㨡,㨡,hún,~hồn
㨥,㨥,nà,~nài
㨧,㨧,bèn,~bỡn
㨯,㨯,huò,~xách
㨰,㨰,gǔn,~cổn
㨱,㨱,yáo,~gieo
㨳,㨳,guǐ,~quỷ
㨴,㨴,jiàn,~kiến
㪓,㪓,chuái,~suỳ
㪔,㪔,sàn,~tản
㪕,㪕,diào,~điếu
㪘,㪘,liǎn,~liễm
㪙,㪙,kě,~khả
㪚,㪚,sàn,~tản
㪛,㪛,zhěn,~chẩn
㪜,㪜,chuǎi,~thuỷ
㪈,㪈,guì,~quý
㪉,㪉,hé,~hạp
㪌,㪌,tǒng,~thống
㪍,㪍,bó,~bác
㪏,㪏,bǐ,~bỉ
㪐,㪐,lù,~lục
㪑,㪑,yè,~diệp
㪒,㪒,ní,~nghê
㩼,㩼,zhī,~chi
㩾,㩾,zhuì,~chuế
㩿,㩿,kū,~khô
㪀,㪀,yú,~du
㪂,㪂,kū,~khô
㪃,㪃,hé,~hà
㪄,㪄,fú,~phù
㪇,㪇,xiàn,~tuyến
㩦,㩦,xié,~huề
㩨,㩨,huì,~khối
㩪,㩪,xié,~huề
㩮,㩮,qián,~kiền
㩰,㩰,jiǎo,~giảo
㩱,㩱,jué,~quặc
㩴,㩴,jú,~cúc
㩶,㩶,niè,~nghiệt
㫐,㫐,yǎo,~yểu
㫓,㫓,qǐ,~khải
㫘,㫘,mì,~mịch
㫚,㫚,hū,~hốt
㫛,㫛,guàng,~cuống
㫜,㫜,tǎn,~đán
㫝,㫝,dī,~đây
㫟,㫟,yán,~diêm
㪵,㪵,bàn,~bán
㪹,㪹,lǒu,~lâu
㪺,㪺,jū,~câu
㪿,㪿,zhé,~triết
㫃,㫃,yǎn,~yển
㫊,㫊,yǐ,~y
㫍,㫍,yóu,~du
㫏,㫏,yǎo,~yểu
㪩,㪩,sù,~túc
㪪,㪪,sà,~sát
㪫,㪫,ruì,~nhuế
㪬,㪬,chuō,~trạc
㪭,㪭,lú,~lô
㪮,㪮,líng,~linh
㪯,㪯,chá,~tra
㪴,㪴,jiá,~giáp
㪞,㪞,mào,~mạo
㪟,㪟,dūn,~đôn
㪡,㪡,kài,~khế
㪣,㪣,xiāo,~tiêu
㪤,㪤,bì,~tệ
㪥,㪥,zhā,~tra
㪦,㪦,yìn,~ấn
㪧,㪧,xī,~hi
㬣,㬣,duì,~đỗi
㬤,㬤,qī,~thê
㬥,㬥,pù,~phố
㬧,㬧,bó,~bác
㬩,㬩,huì,~hổi
㬫,㬫,yàn,~yến
㬬,㬬,jù,~cữ
㬮,㬮,nàn,~nạn
㬈,㬈,wēn,~uân
㬎,㬎,xiǎn,~tiển
㬒,㬒,mǎng,~mãng
㬕,㬕,yáng,~dương
㬗,㬗,xiàn,~hiện
㬛,㬛,xī,~hi
㬟,㬟,fēn,~phân
㬡,㬡,líng,~linh
㫷,㫷,jī,~cơ
㫸,㫸,jiē,~giai
㫹,㫹,shù,~thuật
㫺,㫺,xī,~tích
㬂,㬂,yú,~du
㬃,㬃,tái,~đài
㬄,㬄,chàn,~sám
㬅,㬅,màn,~mạn
㫤,㫤,chǎng,~sưởng
㫧,㫧,bào,~bạo
㫫,㫫,xiǎn,~tiển
㫯,㫯,mào,~mạo
㫰,㫰,làng,~lãng
㫱,㫱,nǎn,~nam
㫲,㫲,bèi,~bội
㫶,㫶,zhǒu,~trửu
㭢,㭢,xīn,~tăm
㭤,㭤,niǎo,~điểu
㭩,㭩,liè,~liệt
㭫,㭫,cuó,~ta
㭬,㭬,zhuó,~trạc
㭯,㭯,zhé,~trích
㭰,㭰,zuī,~chuối
㭱,㭱,hé,~hạch
㭒,㭒,sì,~tứ
㭔,㭔,lú,~lô
㭕,㭕,qū,~khư
㭘,㭘,gé,~cách
㭙,㭙,zhé,~trích
㭚,㭚,lǚ,~lữ
㭜,㭜,róng,~vinh
㭞,㭞,liè,~lệ
㭁,㭁,réng,~nhưng
㭂,㭂,jiǎo,~kiểu
㭃,㭃,gāng,~cương
㭄,㭄,xìn,~tín
㭇,㭇,yuàn,~nguyện
㭋,㭋,bàng,~vổng
㭌,㭌,móu,~mâu
㭎,㭎,gāng,~cương
㬯,㬯,liè,~liệt
㬰,㬰,yú,~du
㬳,㬳,wǔ,~vũ
㬴,㬴,hǒng,~cống
㬸,㬸,tiāo,~vẹo
㬹,㬹,zhēng,~giêng
㬻,㬻,huāng,~hoang
㬼,㬼,fù,~phụ
㮟,㮟,niǎn,~niễn
㮣,㮣,gài,~cái
㮥,㮥,bèn,~bỡn
㮦,㮦,suǒ,~tỏa
㮨,㮨,jì,~cậy
㮩,㮩,xī,~tích
㮫,㮫,hé,~hạch
㮬,㮬,wēng,~ung
㮖,㮖,jiá,~giáp
㮗,㮗,qín,~cầm
㮘,㮘,máo,~mao
㮚,㮚,lì,~lặt
㮛,㮛,chí,~trì
㮜,㮜,zāng,~tang
㮝,㮝,hé,~hạch
㮞,㮞,jié,~kiệt
㮇,㮇,tiàn,~thiến
㮋,㮋,yǒu,~dửu
㮍,㮍,jiān,~kiên
㮐,㮐,shěng,~tỉnh
㮑,㮑,chā,~xoa
㮒,㮒,yān,~yên
㮓,㮓,gèn,~cẳng
㮕,㮕,ruǎn,~nhuyễn
㭸,㭸,tú,~dừa
㭹,㭹,xián,~tiềm
㭺,㭺,yǎn,~yểm
㭼,㭼,tà,~tháp
㮁,㮁,xiáo,~hào
㮂,㮂,jú,~cúc
㮅,㮅,zhuī,~chòi
㮆,㮆,niè,~nghiệt
㯙,㯙,zhé,~trích
㯜,㯜,cuì,~thúy
㯠,㯠,qiàn,~tạm
㯡,㯡,pào,~pháo
㯤,㯤,lì,~lệ
㯩,㯩,tì,~thế
㯪,㯪,líng,~ranh
㯬,㯬,liǎn,~liễm
㯋,㯋,jiǒng,~quýnh
㯌,㯌,chuán,~chuyên
㯍,㯍,jiǎng,~tưởng
㯏,㯏,gǔ,~cột
㯐,㯐,fǎng,~phỏng
㯔,㯔,cuì,~thuý
㯕,㯕,xī,~tích
㯖,㯖,dé,~đức
㮶,㮶,shuò,~giáo
㮿,㮿,bì,~bẹ
㯀,㯀,xuàn,~tuyên
㯂,㯂,dài,~đái
㯄,㯄,zhī,~chi
㯅,㯅,pí,~tì
㯇,㯇,bì,~bẹ
㯈,㯈,sù,~túc
㮭,㮭,xián,~tiềm
㮮,㮮,jié,~kiệt
㮯,㮯,hún,~hồn
㮰,㮰,pí,~tì
㮱,㮱,shēn,~sâm
㮲,㮲,chōu,~thu
㮳,㮳,zhèn,~trẫm
㮵,㮵,zhān,~chiên
㰣,㰣,zī,~tư
㰤,㰤,hē,~húp
㰥,㰥,xì,~khích
㰨,㰨,xiā,~hà
㰪,㰪,guī,~quy
㰫,㰫,chān,~sọm
㰬,㰬,xún,~tuân
㰭,㰭,xū,~hư
㰚,㰚,lí,~lê
㰛,㰛,yuè,~vẹt
㰝,㰝,yǐ,~nghĩ
㰞,㰞,chī,~si
㰟,㰟,jì,~kế
㰠,㰠,hāng,~bổn
㰡,㰡,xiè,~tiết
㰢,㰢,kēng,~khanh
㰈,㰈,liǎn,~liễm
㰍,㰍,lóng,~trồng
㰎,㰎,zuì,~tuy
㰐,㰐,jué,~quyết
㰑,㰑,shān,~sam
㰔,㰔,xiè,~tạ
㰗,㰗,qí,~cời
㰘,㰘,yí,~di
㯰,㯰,zhé,~trích
㯱,㯱,pāo,~phao
㯳,㯳,qíng,~kềnh
㯶,㯶,zōng,~tông
㯸,㯸,jǐn,~cận
㯽,㯽,bīn,~tân
㰄,㰄,jiàn,~hãm
㰆,㰆,bèi,~vối
㱌,㱌,yé,~gia
㱎,㱎,kūn,~côn
㱏,㱏,zhèng,~chứng
㱖,㱖,cuì,~tụy
㱗,㱗,xiū,~tu
㱘,㱘,àn,~ám
㱙,㱙,xiǔ,~tưu
㱚,㱚,cán,~tàn
㱂,㱂,kāng,~khang
㱄,㱄,hēi,~hắc
㱅,㱅,yì,~dịch
㱆,㱆,xī,~hy
㱇,㱇,sè,~sắc
㱈,㱈,jìn,~tấn
㱉,㱉,yè,~diệp
㱊,㱊,yōu,~ưu
㰸,㰸,liǎn,~liễm
㰹,㰹,xiān,~tiêm
㰻,㰻,yǐ,~nghĩ
㰼,㰼,shà,~sáp
㰽,㰽,yàn,~diễm
㰿,㰿,xī,~hy
㱀,㱀,chǐ,~sỉ
㱁,㱁,shì,~thị
㰮,㰮,shèn,~thận
㰯,㰯,kòu,~khấu
㰰,㰰,xiā,~hà
㰱,㰱,shà,~sáp
㰲,㰲,yū,~u
㰴,㰴,pǒu,~phủ
㰵,㰵,zú,~tốt
㰶,㰶,yǒu,~dửu
㲋,㲋,chuò,~xước
㲌,㲌,nèng,~nính
㲍,㲍,zhī,~chi
㲎,㲎,lóu,~lưu
㲏,㲏,pāo,~phao
㲒,㲒,bào,~bạo
㲓,㲓,róng,~nhung
㲕,㲕,lèi,~lệ
㱸,㱸,bì,~tất
㱺,㱺,lú,~lô
㱻,㱻,luò,~lạc
㱽,㱽,zhěn,~chẩn
㲀,㲀,zhēn,~châm
㲃,㲃,jiù,~cữu
㲆,㲆,líng,~linh
㲊,㲊,ruì,~nhuế
㱪,㱪,mèn,~muộn
㱬,㱬,wěi,~vĩ
㱮,㱮,kuài,~quái
㱯,㱯,ái,~ngai
㱱,㱱,huì,~hội
㱲,㱲,yì,~ế
㱴,㱴,zì,~chí
㱵,㱵,fèn,~phẫn
㱛,㱛,chuǎn,~suyễn
㱞,㱞,yì,~ế
㱟,㱟,pī,~phi
㱡,㱡,shēng,~thăng
㱤,㱤,xī,~hi
㱥,㱥,líng,~linh
㱧,㱧,wò,~oát
㱨,㱨,liàn,~liệm
㳊,㳊,yōu,~ưu
㳋,㳋,qiū,~thu
㳍,㳍,bù,~bố
㳏,㳏,shì,~phệ
㳐,㳐,zhá,~trát
㳑,㳑,yì,~dật
㳒,㳒,biàn,~biện
㳔,㳔,duì,~đuối
㲼,㲼,yì,~dật
㲽,㲽,niàn,~niệm
㲾,㲾,yǔ,~vũ
㳂,㳂,yán,~duyên
㳃,㳃,cuì,~rót
㳄,㳄,xián,~tiên
㳆,㳆,tǒu,~thẩu
㳈,㳈,pèi,~phải
㲯,㲯,rán,~nhiên
㲰,㲰,níng,~trữ
㲱,㲱,liè,~liệt
㲳,㲳,dié,~điệp
㲴,㲴,zhòng,~trọng
㲶,㲶,lǜ,~lục
㲹,㲹,guǐ,~quỷ
㲺,㲺,jí,~bập
㲜,㲜,tán,~đàm
㲝,㲝,rǒng,~nhũng
㲟,㲟,yǐng,~nhánh
㲠,㲠,máo,~li
㲢,㲢,biàn,~biện
㲤,㲤,shuāi,~suy
㲨,㲨,róng,~nhung
㲭,㲭,tǎn,~xồm
㴈,㴈,yìn,~ấn
㴉,㴉,jǐ,~kỉ
㴒,㴒,yì,~dật
㴓,㴓,shāi,~si
㴔,㴔,jí / xī,~hấp
㴕,㴕,jí,~bập
㴗,㴗,yōu,~ưu
㴘,㴘,mào,~mạo
㳺,㳺,yóu,~dầu
㴀,㴀,fàn,~phiếm
㴁,㴁,yì,~dật
㴂,㴂,tān,~than
㴃,㴃,lèi,~lệ
㴄,㴄,yǒng,~dũng
㴆,㴆,jìn,~tấn
㴇,㴇,shè,~nhiếp
㳧,㳧,chè,~triệt
㳩,㳩,tān,~than
㳫,㳫,zǎn,~toản
㳭,㳭,xián,~tiên
㳮,㳮,niào,~niệu
㳴,㳴,mì,~vắt
㳵,㳵,jì,~kịp
㳷,㳷,hū,~hô
㳕,㳕,lán,~làn
㳖,㳖,yī,~y
㳗,㳗,chài,~sái
㳘,㳘,chōng,~trùng
㳚,㳚,xù,~dơ
㳛,㳛,yú,~ngư
㳜,㳜,xiū,~tu
㳦,㳦,xiè,~dới
㵠,㵠,kū,~khô
㵤,㵤,shà,~tiệp
㵥,㵥,mì,~vắt
㵦,㵦,suí,~tùy
㵨,㵨,pì,~vữa
㵩,㵩,yì,~dật
㵪,㵪,xián,~tiên
㵫,㵫,nì,~nịch
㵊,㵊,nà,~na
㵍,㵍,mèn,~muộn
㵏,㵏,cuǐ,~dồi
㵓,㵓,shí,~thực
㵔,㵔,chě,~xả
㵖,㵖,nǜ,~nục
㵘,㵘,màn,~man
㵝,㵝,yì,~dật
㴰,㴰,néng,~năng
㴲,㴲,sī,~ti
㴵,㴵,mì,~vắt
㴷,㴷,dān,~đan
㴾,㴾,bó,~bọt
㵀,㵀,zú,~thốc
㵅,㵅,tān,~than
㵆,㵆,gǎo,~cảo
㴙,㴙,zhǎ,~trả
㴚,㴚,suì,~toại
㴝,㴝,lí,~lầy
㴧,㴧,xī,~tích
㴪,㴪,niè,~niết
㴫,㴫,jùn,~tuấn
㴭,㴭,yǎo,~yểu
㴯,㴯,zhī,~dề
㶗,㶗,fàn,~phiếm
㶘,㶘,diàn,~điến
㶛,㶛,yú,~ngư
㶞,㶞,nǎng,~nện
㶟,㶟,lěi,~lũy
㶠,㶠,yì,~dật
㶡,㶡,dài,~đại
㶣,㶣,chán,~sàm
㶆,㶆,zhū,~chua
㶈,㶈,yíng,~huỳnh
㶉,㶉,xī,~khe
㶌,㶌,lián,~liêm
㶏,㶏,yīn,~nhân
㶓,㶓,cáng,~tàng
㶔,㶔,bèi,~bị
㶕,㶕,jiǎn,~trát
㵺,㵺,pài,~phái
㵻,㵻,xiū,~tu
㵽,㵽,lěi,~lũy
㵾,㵾,qìng,~khánh
㵿,㵿,xiào,~hiệu
㶀,㶀,jiāo,~kiêu
㶁,㶁,guó,~quốc
㶄,㶄,yán,~duyên
㵬,㵬,yíng,~huỳnh
㵭,㵭,zhǔ,~chã
㵰,㵰,xù,~dơ
㵱,㵱,piǎo,~phiếu
㵴,㵴,cáng,~tàng
㵵,㵵,zòu,~tấu
㵶,㵶,zuō,~chối
㵸,㵸,yào,~diệu
㷐,㷐,huǐ,~khói
㷒,㷒,yú,~du
㷓,㷓,zǒng,~tổng
㷔,㷔,yàn,~diễm
㷕,㷕,qiú,~cầu
㷘,㷘,tái,~đài
㷣,㷣,xīng,~tinh
㷤,㷤,hù,~hộ
㷄,㷄,huǐ,~khói
㷆,㷆,fù,~phụ
㷇,㷇,huī,~hôi
㷈,㷈,è,~ngạc
㷉,㷉,wèi,~vi
㷊,㷊,fén,~phần
㷋,㷋,tán,~đàm
㷏,㷏,yǒng,~dũng
㶸,㶸,xié,~hiếp
㶺,㶺,tiàn,~thiến
㶼,㶼,āi,~ai
㶾,㶾,biāo,~tiêu
㶿,㶿,bó,~bột
㷀,㷀,qióng,~quỳnh
㷂,㷂,shù,~thuật
㷃,㷃,chuǐ,~chuỷ
㶦,㶦,jìn,~tận
㶫,㶫,liǎo,~rẻo
㶬,㶬,mò,~mạch
㶭,㶭,yǒu,~dửu
㶯,㶯,liù,~lựu
㶲,㶲,yòng,~vinh
㶴,㶴,chǐ,~sỉ
㶵,㶵,rèn,~nhận
㸖,㸖,qū,~khúc
㸘,㸘,wàn,~vạn
㸙,㸙,zhē,~già
㸚,㸚,lǐ,~lý
㸜,㸜,kòng,~khống
㸝,㸝,xiān,~tiêm
㸞,㸞,zhé,~trích
㸟,㸟,zhī,~chi
㸌,㸌,huò,~hoắc
㸍,㸍,xì,~hí
㸎,㸎,niè,~niếp
㸐,㸐,rán,~nhen
㸑,㸑,cuàn,~chói
㸒,㸒,yín,~dâm
㸓,㸓,mì,~mịch
㸕,㸕,jué,~tước
㷻,㷻,wú,~vô
㷼,㷼,yàn,~diễm
㷾,㷾,jué,~quyết
㷿,㷿,xiān,~tiêm
㸀,㸀,tái,~đài
㸅,㸅,jié,~tiệp
㸊,㸊,lài,~lại
㸋,㸋,fán,~phần
㷦,㷦,xù,~hú
㷪,㷪,cuì,~sốt
㷯,㷯,bèng,~bính
㷰,㷰,chī,~si
㷳,㷳,yàn,~diễm
㷶,㷶,bèi,~vùi
㷷,㷷,juǎn,~quyển
㷸,㷸,dié,~điệp
㹈,㹈,lí,~lê
㹉,㹉,yuán,~viên
㹋,㹋,xiū,~tu
㹎,㹎,léi,~lôi
㹏,㹏,jǐn,~cận
㹐,㹐,chóng,~trùng
㹑,㹑,sì,~tự
㹒,㹒,pǔ,~phổ
㸽,㸽,bèi,~bối
㸾,㸾,rèn,~nhẳn
㹀,㹀,bó,~bác
㹂,㹂,qiǎn,~hiểm
㹃,㹃,fèi,~phí
㹄,㹄,jì,~tế
㹅,㹅,zǒng,~tổng
㹇,㹇,hé,~hà
㸲,㸲,zuó,~tạc
㸳,㸳,líng,~linh
㸵,㸵,guǐ,~quỷ
㸶,㸶,yān,~yên
㸷,㸷,shì,~thị
㸸,㸸,hǒu,~hống
㸹,㸹,liè,~liệt
㸻,㸻,sì,~tự
㸣,㸣,yè,~diệp
㸥,㸥,chàn,~sám
㸧,㸧,kèn,~khẳng
㸨,㸨,jiū,~cưu
㸩,㸩,ān,~am
㸬,㸬,bèi,~bối
㸰,㸰,tuó,~đà
㸱,㸱,tuó,~đà
㹾,㹾,piǎo,~phiếu
㹿,㹿,zhuó,~trác
㺀,㺀,hū,~hô
㺁,㺁,nǎo,~não
㺂,㺂,yán,~diêm
㺃,㺃,gǒu,~cẩu
㺄,㺄,yǔ,~vũ
㺇,㺇,sī,~tư
㹮,㹮,mò,~mô
㹱,㹱,què,~xác
㹲,㹲,xiāo,~tiêu
㹵,㹵,yǐng,~nhánh
㹷,㹷,shǐ,~sử
㹸,㹸,ní,~nghê
㹺,㹺,tà,~đạp
㹼,㹼,jú,~cúc
㹠,㹠,tún,~đồn
㹡,㹡,xuán,~tuyền
㹣,㹣,zhōng,~chung
㹤,㹤,qiè,~khiếp
㹨,㹨,yòu,~dứu
㹫,㹫,yí,~di
㹬,㹬,shǐ,~sử
㹭,㹭,yì,~duệ
㹓,㹓,yǎo,~yểu
㹕,㹕,huān,~hoan
㹘,㹘,rù,~nhọc
㹙,㹙,wěng,~ổng
㹚,㹚,yíng,~doanh
㹛,㹛,ráo,~nhiêu
㹜,㹜,yín,~ngân
㹞,㹞,yín,~ngân
㺮,㺮,yú,~vu
㺱,㺱,réng,~nhưng
㺲,㺲,niǔ,~nữu
㺳,㺳,méi,~mi
㺵,㺵,jiú,~cẩu
㺺,㺺,mào,~mao
㺿,㺿,yí,~di
㻀,㻀,yú,~vu
㺝,㺝,hàn,~hãn
㺟,㺟,zhuó,~trác
㺠,㺠,yòu,~dứu
㺣,㺣,xī,~hy
㺦,㺦,lián,~liêm
㺨,㺨,sī,~tư
㺪,㺪,pú,~phác
㺫,㺫,qiú,~cầu
㺑,㺑,shān,~san
㺒,㺒,xiāo,~khiêu
㺓,㺓,zé,~trách
㺕,㺕,fán,~phiền
㺖,㺖,hǎn,~hảm
㺘,㺘,zhàn,~chiến
㺚,㺚,tǎ,~tháp
㺜,㺜,nóng,~nùng
㺈,㺈,chī,~si
㺉,㺉,hù,~hộ
㺊,㺊,yàng,~dạng
㺋,㺋,wēng,~ung
㺌,㺌,xiàn,~hiến
㺍,㺍,pín,~tần
㺎,㺎,róng,~nhung
㺐,㺐,lǎo,~lão
㻾,㻾,yōng,~ung
㼂,㼂,é,~nga
㼆,㼆,yíng,~oánh
㼇,㼇,qióng,~quỳnh
㼊,㼊,tún,~đồn
㼌,㼌,yǔ,~ngữ
㼍,㼍,lěi,~lũy
㼏,㼏,něi,~nuôi
㻯,㻯,tú,~đồ
㻰,㻰,miǎn,~miễn
㻱,㻱,jīn,~kim
㻲,㻲,lǚ,~lữ
㻵,㻵,zhàn,~sàn
㻷,㻷,jí,~cức
㻸,㻸,zēn,~châm
㻽,㻽,suì,~toại
㻔,㻔,duǒ,~đoá
㻖,㻖,dài,~đại
㻗,㻗,bèi,~bội
㻞,㻞,bīn,~tân
㻟,㻟,suí,~tùy
㻠,㻠,tú,~đồ
㻪,㻪,suì,~toại
㻬,㻬,tū,~thóc
㻁,㻁,guī,~côi
㻅,㻅,huì,~hội
㻉,㻉,bù,~bộ
㻌,㻌,tú,~đồ
㻏,㻏,líng,~liếng
㻑,㻑,jì,~kế
㻒,㻒,jùn,~tuấn
㻓,㻓,zōu,~tưu
㼵,㼵,dì,~đích
㼶,㼶,yú,~du
㼸,㼸,róng,~nhung
㼹,㼹,kāng,~khang
㼻,㼻,cóng,~tùng
㼽,㼽,chuǎng,~sấm
㽀,㽀,zhèng,~chứng
㽂,㽂,sà,~sát
㼭,㼭,diàn,~điện
㼮,㼮,chāi,~sách
㼯,㼯,dòng,~động
㼰,㼰,pí,~tì
㼱,㼱,ruǎn,~nhuyễn
㼲,㼲,liè,~liệt
㼳,㼳,shěng,~tỉnh
㼴,㼴,ǒu,~ngẫu
㼟,㼟,bó,~bốc
㼢,㼢,yí,~di
㼣,㼣,bó,~bá
㼤,㼤,qiè,~khiết
㼩,㼩,chéng,~thành
㼪,㼪,jié,~kiệt
㼫,㼫,huàn,~hoán
㼬,㼬,xìng,~hành
㼐,㼐,pián,~bền
㼒,㼒,tǎng,~thẳng
㼔,㼔,wēn,~uân
㼖,㼖,lì,~lịch
㼙,㼙,zhòu,~trứu
㼚,㼚,gāng,~cương
㼛,㼛,xíng,~hình
㼞,㼞,pèng,~bính
㽭,㽭,ruǎn,~nhuyễn
㽮,㽮,xīng,~tinh
㽰,㽰,shù,~thuật
㽲,㽲,jiǎo,~giảo
㽷,㽷,shuì,~thuế
㽸,㽸,chén,~thần
㽻,㽻,zhī,~chi
㽾,㽾,wù,~ngộ
㽥,㽥,róu,~nhu
㽦,㽦,xún,~tuần
㽧,㽧,zī,~tư
㽨,㽨,cuó,~toàn
㽩,㽩,càn,~xán
㽪,㽪,zěng,~tranh
㽫,㽫,yōng,~ung
㽬,㽬,fù,~phụ
㽘,㽘,gǎng,~cảng
㽚,㽚,chì,~xích
㽛,㽛,gōu,~câu
㽟,㽟,liè,~liệt
㽠,㽠,xiá,~hà
㽡,㽡,bēi,~bi
㽢,㽢,ǎn,~ẵm
㽤,㽤,jú,~cúc
㽄,㽄,sī,~tư
㽇,㽇,hú,~hồ
㽈,㽈,yì,~dịch
㽉,㽉,xiàn,~hiến
㽊,㽊,xiè,~tiết
㽌,㽌,liù,~lựu
㽕,㽕,yóu,~do
㽖,㽖,nán,~nam
㾫,㾫,piān,~thiên
㾭,㾭,zhòu,~chú
㾯,㾯,huī,~huy
㾱,㾱,bèi,~bị
㾴,㾴,zhā,~tra
㾷,㾷,xī,~tấy
㾻,㾻,zhù,~chú
㾽,㾽,zhuì,~truỵ
㾞,㾞,yóu,~vưu
㾟,㾟,bù,~bộ
㾠,㾠,kuáng,~cuống
㾢,㾢,ài,~ái
㾣,㾣,qīn,~khâm
㾤,㾤,qiāng,~khương
㾥,㾥,chù,~súc
㾨,㾨,yī,~y
㾒,㾒,rú,~như
㾓,㾓,yuān,~uyên
㾔,㾔,lǚ,~lữ
㾕,㾕,shěn,~thẩm
㾖,㾖,lǐ,~lý
㾘,㾘,gěng,~ngạnh
㾜,㾜,qiè,~khiếp
㾝,㾝,chè,~triệt
㾀,㾀,qiè,~khiếp
㾁,㾁,shù,~thuật
㾉,㾉,líng,~linh
㾊,㾊,jí,~cấp
㾋,㾋,xiū,~tu
㾍,㾍,nái,~nai
㾎,㾎,yā,~nha
㾏,㾏,jiè,~giới
㿰,㿰,áo,~ngao
㿱,㿱,xué,~hạc
㿵,㿵,rǎn,~nhiễm
㿶,㿶,bāng,~bang
㿷,㿷,cuó,~ta
㿺,㿺,báo,~bạc
㿼,㿼,yán,~diêm
㿽,㿽,xī,~hi
㿢,㿢,yào,~diệu
㿥,㿥,hé,~hà
㿦,㿦,nìng,~nính
㿧,㿧,chóu,~trù
㿩,㿩,tǎng,~thẳng
㿪,㿪,huán,~hoàn
㿮,㿮,yàng,~dạng
㿯,㿯,dá,~đạt
㿒,㿒,dǎo,~đảo
㿔,㿔,lěi,~lũy
㿕,㿕,yán,~diêm
㿖,㿖,lú,~lô
㿘,㿘,yíng,~doanh
㿙,㿙,pì,~thí
㿞,㿞,mào,~mạo
㿟,㿟,bái,~bạch
㿂,㿂,zhēng,~chứng
㿄,㿄,ài,~ái
㿅,㿅,xiǎn,~tiển
㿆,㿆,guō,~oa
㿊,㿊,cǎn,~thảm
㿌,㿌,xiān,~hem
㿎,㿎,fèn,~phẫn
㿑,㿑,yào,~diệu
䀴,䀴,yǐng,~nhánh
䀵,䀵,shùn,~thuấn
䀸,䀸,chì,~xích
䀹,䀹,jié,~kiếp
䀼,䀼,chēn,~trân
䀽,䀽,yán,~diêm
䀿,䀿,dì,~di
䁂,䁂,xiàn,~hiển
䀟,䀟,fán,~phiền
䀢,䀢,shùn,~thuấn
䀨,䀨,huà,~thoại
䀬,䀬,quán,~quyền
䀮,䀮,huāng,~hoang
䀯,䀯,bǔ,~vúc
䀰,䀰,gǔ,~cổ
䀳,䀳,ài,~ái
䀏,䀏,xuàn,~huyễn
䀐,䀐,shān,~xăm
䀑,䀑,wò,~oát
䀔,䀔,rèn,~nhận
䀕,䀕,zhèn,~trẫm
䀘,䀘,xié,~hài
䀛,䀛,mèi,~muội
䀜,䀜,gǔ,~cổ
䀀,䀀,fàn,~phiến
䀁,䀁,yòu,~dứu
䀂,䀂,ān,~am
䀅,䀅,shè,~nhiếp
䀈,䀈,jì,~kế
䀊,䀊,jiǎo,~kiểu
䀋,䀋,yán,~diêm
䀎,䀎,miǎn,~miễn
䁩,䁩,yú,~du
䁪,𥇢,zhǎn,~triển
䁫,䁫,hú,~hồ
䁭,䁭,biāo,~tiêu
䁰,䁰,jiǎng,~tưởng
䁱,䁱,kōu,~khu
䁳,䁳,mǎng,~mãng
䁴,䁴,zhǎn,~triển
䁘,䁘,yǎo,~yểu
䁙,䁙,yǎn,~nhản
䁚,䁚,sǔn,~tốn
䁜,䁜,huàng,~hoảng
䁝,䁝,yíng,~doanh
䁤,䁤,chè,~triệt
䁦,䁦,qù,~khứ
䁨,䁨,huò,~mù
䁌,䁌,yù,~duật
䁎,䁎,chéng,~dềnh
䁏,䁏,yǎo,~yểu
䁐,䁐,yīng,~anh
䁑,䁑,yáng,~dương
䁒,䁒,jí,~tập
䁓,䁓,zōng,~tông
䁕,䁕,mín,~mân
䁃,䁃,biāo,~tiêu
䁄,䁄,xìng,~hành
䁆,䁆,yè,~diệp
䁇,䁇,mì,~mịch
䁈,䁈,qì,~thế
䁉,䁉,qì,~thế
䁊,䁊,wò,~oát
䁋,䁋,xiè,~tiết
䂛,䂛,yú,~du
䂜,䂜,bàng,~bàng
䂝,䂝,jié,~kiếp
䂞,䂞,zhè,~chá
䂠,䂠,shǐ,~sử
䂣,䂣,cí,~từ
䂥,䂥,mín,~mân
䂧,䂧,zhěn,~chẩn
䂎,䂎,zuǎn,~toản
䂐,䂐,zhuō,~trác
䂑,䂑,jī,~tê
䂒,䂒,qià,~kháp
䂔,䂔,xìng,~hành
䂕,䂕,huì,~hối
䂗,䂗,kū,~khốt
䂚,䂚,yáo,~diêu
䂁,䂁,chán,~sàm
䂄,䂄,huò,~mù
䂅,䂅,xiān,~tiêm
䂆,䂆,xù,~tuất
䂇,䂇,niǔ,~nữu
䂉,䂉,hóu,~hầu
䂊,䂊,yù,~duật
䂌,䂌,chōng,~sung
䁵,䁵,biǎn,~biển
䁶,䁶,jī,~kích
䁷,䁷,jué,~quyết
䁸,䁸,náng,~nang
䁹,䁹,bì,~bí
䁺,䁺,shì,~thị
䁾,䁾,miè,~miệt
䂀,䂀,xī,~ngươi
䃕,䃕,láo,~lao
䃖,䃖,wù,~ổ
䃗,䃗,bō,~bát
䃘,䃘,kēng,~khanh
䃚,䃚,cù,~xúc
䃛,䃛,lián,~liêm
䃜,䃜,yī,~y
䃝,䃝,qiào,~tiếu
䃉,䃉,mín,~mân
䃊,䃊,jǔ,~trở
䃋,䃋,yú,~du
䃍,䃍,zhào,~triệu
䃎,䃎,zhà,~trá
䃏,䃏,xīng,~tinh
䃒,䃒,hé,~hà
䃓,䃓,gòu,~cấu
䂸,䂸,guó,~quốc
䂹,䂹,suǒ,~tỏa
䂻,䂻,zhèng,~chứng
䂼,䂼,niè,~nghiệt
䂽,䂽,diào,~điếu
䂾,䂾,lǎi,~lai
䃀,䃀,cuì,~thuý
䃅,䃅,dī,~sạn
䂩,䂩,yàn,~nghẽn
䂪,䂪,qiǎo,~khảo
䂫,䂫,hāng,~bổn
䂭,䂭,qiāo,~khao
䂰,䂰,là,~lạp
䂱,䂱,ruì,~nhuế
䂲,䂲,fǎ,~pháp
䂴,䂴,yán,~nghiên
䄎,䄎,qǐ,~khải
䄏,䄏,yú,~du
䄐,䄐,quàn,~khuyến
䄒,䄒,niè,~nghiệt
䄓,䄓,huáng,~hoàng
䄔,䄔,jǔ,~cử
䄘,䄘,péng,~bằng
䄛,䄛,lóu,~lưu
䄁,䄁,yì,~dịch
䄂,䄂,liù,~lựu
䄄,䄄,yīn,~nhân
䄇,䄇,chéng,~trình
䄈,䄈,dòu,~đậu
䄋,䄋,yǎn,~yểm
䄌,䄌,zhuì,~chuế
䄍,䄍,zhà,~trá
䃱,䃱,xiàn,~hãm
䃳,䃳,là,~lạp
䃴,䃴,zhū,~cho
䃵,䃵,niǎo,~điểu
䃷,䃷,yíng,~doanh
䃸,䃸,xiàn,~hãm
䃽,䃽,guǐ,~quỷ
䃾,䃾,bǐ,~bỉ
䃢,䃢,qīn,~khâm
䃣,䃣,huǐ,~huỷ
䃥,䃥,chuáng,~choàng
䃦,䃦,dūn,~đôn
䃧,䃧,lóng,~lung
䃩,䃩,náo,~nao
䃬,䃬,wěi,~vỡ
䃰,䃰,cā,~xát
䅄,䅄,lì,~lị
䅅,䅅,guī,~quy
䅊,䅊,chá,~tra
䅋,䅋,wǎn,~oản
䅎,䅎,yǒu,~dửu
䅏,䅏,huì,~uế
䅐,䅐,jiǎn,~ghém
䅑,䅑,ruí,~nhuy
䄶,䄶,bì,~tất
䄸,䄸,pò,~phách
䄺,䄺,zhì,~trĩ
䄻,䄻,táo,~đào
䄾,䄾,rù,~nhọc
䄿,䄿,yì,~dịch
䅁,䅁,àn,~án
䅂,䅂,hé,~hòa
䄨,䄨,yú,~du
䄩,䄩,yì,~dịch
䄪,䄪,diǎo,~điểu
䄫,䄫,qǐ,~khỉ
䄬,䄬,yí,~di
䄯,䄯,jiǎn,~kiễng
䄱,䄱,fāng,~phương
䄲,䄲,ruì,~nhuế
䄜,䄜,lí,~li
䄝,䄝,chuāng,~song
䄟,䄟,cuī,~thôi
䄠,䄠,shàn,~thiện
䄡,䄡,dān,~đam
䄥,䄥,líng,~linh
䄦,䄦,liǎo,~rẻo
䄧,䄧,réng,~nhưng
䅺,䅺,biāo,~tiêu
䅻,䅻,lí,~li
䅼,䅼,mán,~man
䅽,䅽,xīn,~tăm
䆃,䆃,dào,~đạo
䆄,䆄,zhǎn,~triển
䆅,䆅,zī,~tư
䆈,䆈,zhì,~trĩ
䅱,䅱,hùn,~hỗn
䅳,䅳,chú,~trù
䅴,䅴,suǒ,~tỏa
䅵,䅵,zhuó,~chước
䅶,䅶,nòu,~nậu
䅷,䅷,tú,~đồ
䅸,䅸,shēn,~sâm
䅹,䅹,lǒu,~lâu
䅠,䅠,tí,~đề
䅢,䅢,jiù,~cữu
䅤,䅤,qì,~khí
䅥,䅥,jié,~cặp
䅦,䅦,máo,~mao
䅧,䅧,yān,~yên
䅬,䅬,ài,~ái
䅰,䅰,ěn,~ân
䅓,䅓,jǔ,~cử
䅔,䅔,zī,~tư
䅗,䅗,suì,~tuệ
䅙,䅙,hùn,~hỗn
䅚,䅚,quǎn,~cuộn
䅛,䅛,chāng,~xương
䅞,䅞,nè,~nọi
䅟,䅟,cǎn,~sam
䆰,䆰,yū,~u
䆱,䆱,tān,~than
䆳,䆳,qióng,~cung
䆵,䆵,chéng,~thành
䆶,䆶,jiū,~cứu
䆷,䆷,xuè,~huyết
䆸,䆸,zhēng,~tranh
䆹,䆹,chōng,~sung
䆟,䆟,kè,~khắc
䆡,䆡,láng,~lang
䆢,䆢,yuè,~dược
䆨,䆨,níng,~trữ
䆫,䆫,chuāng,~song
䆬,䆬,yǔn,~vẫn
䆮,䆮,jìn,~tấn
䆯,䆯,zhuó,~trác
䆕,䆕,yuè,~dược
䆗,䆗,yǎo,~yểu
䆘,䆘,yā,~nha
䆙,䆙,yáo,~diêu
䆛,䆛,zhà,~trá
䆜,䆜,yòu,~dứu
䆝,䆝,xuè,~huyết
䆞,䆞,yǎo,~yểu
䆊,䆊,cuì,~tụy
䆍,䆍,lóng,~lung
䆏,䆏,fèi,~phí
䆐,䆐,guó,~quốc
䆑,䆑,chéng,~thành
䆒,䆒,jiù,~cứu
䆓,䆓,è,~ngạc
䆔,䆔,chōng,~sung
䇬,䇬,zhū,~chư
䇯,䇯,róng,~nhung
䇰,䇰,zhēng,~tranh
䇱,䇱,nà,~nắp
䇳,䇳,jiān,~tiêm
䇵,䇵,yí,~di
䇶,䇶,jué,~quyết
䇸,䇸,chéng,~trình
䇢,䇢,kǔ,~khổ
䇣,䇣,niè,~niếp
䇤,䇤,ruì,~nhuế
䇦,䇦,ǎng,~ương
䇧,䇧,zhì,~chí
䇩,䇩,yì,~dịch
䇪,䇪,chī,~si
䇫,䇫,jī,~kê
䇏,䇏,duì,~đỗi
䇓,䇓,xū,~tu
䇖,䇖,yǔn,~vẫn
䇗,䇗,zhōng,~chung
䇙,䇙,yǐn,~dẫn
䇚,䇚,pū,~phộc
䇜,䇜,qiǎn,~khay
䇞,䇞,gān,~cần
䆿,䆿,yì,~dịch
䇀,䇀,róng,~nhung
䇁,䇁,sī,~tư
䇃,䇃,sì,~sĩ
䇅,䇅,fá,~phạt
䇈,䇈,huà,~thoại
䇍,䇍,chù,~súc
䇎,䇎,què,~xác
䈥,䈥,jīn,~gân
䈦,䈦,zōng,~tông
䈧,䈧,wěi,~vỉ
䈪,䈪,xì,~khích
䈭,䈭,sōu,~sưu
䈯,䈯,zhēn,~chăm
䈰,䈰,shāo,~sao
䈵,䈵,wēng,~ung
䈚,䈚,tái,~đài
䈛,䈛,kuài,~khoái
䈜,䈜,qìn,~khấm
䈝,䈝,xū,~tu
䈞,䈞,dǔ,~đốc
䈟,䈟,cè,~sách
䈡,䈡,cōng,~thông
䈢,䈢,sǎi,~tôi
䈋,䈋,tà,~đạp
䈌,䈌,qū,~khúc
䈍,䈍,máng,~măng
䈎,䈎,yè,~diệp
䈐,䈐,guì,~kế
䈒,䈒,nǎn,~nam
䈘,䈘,cí,~từ
䈙,䈙,zhòu,~trứu
䇹,䇹,jùn,~tuấn
䇺,䇺,dòu,~đậu
䇼,䇼,yì,~dịch
䇽,䇽,zhé,~trích
䇾,䇾,yán,~nghiêm
䈃,䈃,zhǎo,~trảo
䈉,䈉,shà,~tiệp
䈊,䈊,líng,~linh
䉙,䉙,yún,~vân
䉚,䉚,méng,~mông
䉛,䉛,yù,~vực
䉜,䉜,zhì,~trĩ
䉝,䉝,yǐ,~nghĩ
䉞,䉞,dǎn,~đảm
䉡,䉡,tán,~đàm
䉢,䉢,sè,~sắc
䉏,䉏,xiè,~xá
䉑,䉑,wú,~ngô
䉒,䉒,fán,~phiền
䉓,䉓,luò,~lạc
䉔,䉔,cān,~xan
䉖,䉖,líng,~linh
䉗,䉗,yī,~y
䉘,䉘,cóng,~tùng
䉁,䉁,líng,~linh
䉂,䉂,lěi,~lũy
䉄,䉄,léng,~lăng
䉅,䉅,zhì,~chí
䉆,䉆,diǎo,~điểu
䉊,䉊,fàn,~phạm
䉌,䉌,suì,~địch
䉍,䉍,jiǎn,~giản
䈶,䈶,róng,~nhung
䈷,䈷,luò,~lạc
䈹,䈹,sǒu,~tẩu
䈺,䈺,zhōng,~chung
䈼,䈼,miè,~miệt
䈽,䈽,jīn,~gân
䈾,䈾,shāo,~sao
䈿,䈿,mì,~mịch
䊙,䊙,yān,~yên
䊜,䊜,tuán,~đoàn
䊞,䊞,zhé,~hào
䊠,䊠,xì,~hí
䊦,䊦,yè,~diệp
䊧,䊧,bì,~bí
䊩,䊩,fán,~phiền
䊫,䊫,cuǐ,~dồi
䊈,䊈,méi,~môi
䊍,䊍,lí,~li
䊎,䊎,quǎn,~cuộn
䊐,䊐,hún,~hồn
䊑,䊑,xiǎng,~hưởng
䊔,䊔,yíng,~doanh
䊖,䊖,nǎn,~nam
䊘,䊘,jiù,~cữu
䉵,䉵,zhuàn,~soạn
䉶,䉶,shuāng,~sương
䉷,䉷,yán,~nghiêm
䉹,䉹,líng,~linh
䉽,䉽,bǎn,~bản
䊃,䊃,pèi,~bí
䊆,䊆,jiù,~cữu
䊇,䊇,bù,~bộ
䉨,䉨,yì,~dịch
䉪,䉪,lèi,~lệ
䉬,䉬,fèi,~phí
䉭,䉭,liè,~liệt
䉮,䉮,lìn,~lận
䉯,䉯,xiàn,~hãm
䉰,䉰,xiào,~tiếu
䉴,䉴,ráng,~nhương
䋘,䋘,chuò,~xước
䋙,䌺,ěr,~nhĩ
䋚,䌻,yì,~ải
䋝,䋝,yīng,~anh
䋞,䋞,wǎng,~võng
䋟,䋟,jì,~kế
䋢,䋢,biē,~biệt
䋣,䋣,fán,~phồn
䋋,䋋,mín,~mân
䋌,䋌,jiǎng,~tưởng
䋎,䋎,zhàn,~triển
䋐,䋐,yuè,~dược
䋑,䋑,liè,~liệt
䋓,䋓,zhòu,~sô
䋔,䋔,bì,~tất
䋕,䋕,rèn,~nhâm
䊼,䊼,chǐ,~suy
䋀,䋀,huà,~hoạch
䋁,䋁,gěng,~cảnh
䋂,䋂,yáo,~diêu
䋃,䋃,mào,~mạo
䋄,䋄,wǎng,~võng
䋈,䋈,rú,~như
䋊,䋊,zhēng,~chưng
䊬,䊬,chuā,~sái
䊭,䊭,dào,~đạo
䊯,䊯,kuàng,~khoảng
䊰,䊰,chú,~trù
䊲,䊲,chàn,~sám
䊴,䊴,qiàn,~khiếm
䊶,䊶,zhèn,~chẩn
䊻,䊻,gān,~can
䌆,䌆,guì,~quý
䌇,䌇,huì,~gói
䌊,䌊,yáo,~diêu
䌌,䌌,qì,~khí
䌍,䌍,jǐn,~khẩn
䌓,䌓,fán,~phồn
䌔,䌔,ōu,~âu
䌖,䌖,jié,~kết
䋻,䌾,nín,~nâm
䋼,䋼,tīng,~đinh
䋽,䋽,běng,~bổng
䋾,䋾,zhǎ,~trả
䋿,䋿,wēi,~uy
䌁,䌁,yāo,~yêu
䌂,䌂,òu,~âu
䌄,䌄,gěng,~cảnh
䋱,䋱,lái,~lai
䋲,䋲,chě,~xả
䋳,䋳,běi,~bắc
䋴,䋴,niù,~nữu
䋵,䋵,yì,~ải
䋶,䋶,xǔ,~hủ
䋷,䋷,móu,~mâu
䋹,䌿,fú,~phất
䋤,䋤,yuè,~dược
䋨,䋨,fǔ,~phủ
䋩,䋩,ér,~nhi
䋫,䋫,zhēng,~tranh
䋬,䋬,tiān,~thiên
䋭,䋭,yù,~luột
䋮,䋮,jìn,~tuấn
䋰,䋰,jú,~cúc
䌵,䌵,zhú,~chúc
䌷,䌷,chōu,~thù
䌺,䌺,ěr,~nhĩ
䌻,䌻,yì,~ải
䌼,䌼,ruì,~nhuế
䌽,䌽,cǎi,~thái
䌾,䌾,rén,~nhân
䌿,䌿,fú,~phất
䌪,䌪,yǎn,~diễn
䌫,䌫,lǎn,~lãm
䌬,䌬,chóng,~trùng
䌮,䌮,shuāng,~sương
䌰,䌰,niè,~chắp
䌱,䌱,luò,~lạc
䌳,䌳,shī,~thi
䌴,䌴,luò,~lạc
䌠,䌠,jiān,~kiêm
䌢,䌢,líng,~trăng
䌣,䌣,zuǎn,~toản
䌤,䌤,shī,~thi
䌦,䌦,dào,~đạo
䌧,䌧,chóu,~trù
䌨,䌨,cā,~xát
䌩,䌩,miè,~miệt
䌗,䌗,fǔ,~phủ
䌘,䌘,biè,~biệt
䌙,䌙,huàng,~hoảng
䌛,䌛,yáo,~diêu
䌜,䌜,niè,~chắp
䌝,䌝,jīn,~câm
䌞,䌞,liǎn,~liễm
䌟,䌟,bó,~phu
䍩,䍩,yǎng,~dưỡng
䍪,䍪,wà,~vạt
䍬,䍬,pēng,~phanh
䍮,䍮,zhào,~triệu
䍯,䍯,guǐ,~quỷ
䍱,䍱,xú,~dừa
䍲,䍲,nái,~nai
䍴,䍴,wěi,~vĩ
䍝,䍝,tà,~đạp
䍟,䍟,zòng,~tống
䍠,䍠,lí,~li
䍢,䍢,wú,~ngô
䍣,䍣,léi,~lôi
䍤,䍤,jǐ,~kỉ
䍦,䍠,lí,~li
䍨,䍨,pō,~bát
䍎,䍎,cùn,~thốn
䍒,䍒,mǒu,~mỗ
䍔,䍔,gōng,~cung
䍕,䍕,dī,~đây
䍖,䍖,fú,~phù
䍗,䍗,xuàn,~huyễn
䍘,䍘,mí,~mi
䍙,䍙,méi,~môi
䍁,䍁,suì,~huệ
䍂,䍂,yú,~du
䍃,䍃,yóu,~du
䍅,䍅,líng,~linh
䍆,䍆,zhù,~chú
䍉,䍉,zhǎi,~trách
䍌,䍌,bù,~bộ
䍍,䍍,kòu,~khấu
䎠,䎠,ér,~nhi
䎡,䎡,ruǎn,~nhuyễn
䎢,䎢,qǐ,~khất
䎣,䎣,sì,~tỷ
䎦,䎦,yǎn,~yểm
䎨,䎨,yè,~diệp
䎩,䎩,zī,~tư
䎪,䎪,nè,~nọi
䎐,䎐,chǎo,~sao
䎒,䎒,zhǎn,~triển
䎕,䎕,hōng,~huênh
䎖,䎖,zēng,~tăng
䎙,䎙,pīn,~phanh
䎚,䎚,guàn,~quán
䎜,䎜,hūn,~hôn
䎟,䎟,ér,~nhi
䎅,䎅,pò,~phách
䎇,䎇,zhōu,~chu
䎈,䎈,yì,~dực
䎉,䎉,xù,~tuất
䎊,䎊,luò,~lạc
䎌,䎌,chù,~súc
䎎,䎎,nà,~na
䎏,䎏,hán,~hàm
䍵,䍵,zhēng,~tranh
䍹,䍹,shān,~thiên
䍻,䍻,xuàn,~huyễn
䍼,䍼,zān,~trâm
䍾,䍾,yǎn,~yểm
䎀,䎀,xuè,~huyết
䎃,䎃,rǎn,~nhiễm
䎄,䎄,xiāo,~tiêu
䏖,䏖,zhèn,~trẫm
䏗,䏗,gài,~cái
䏙,䏙,tǎn,~đán
䏚,䏚,chǎo,~sao
䏜,䏜,hē,~ha
䏞,䏞,mò,~một
䏟,䏟,bié,~tất
䏠,䏠,qì,~khí
䏄,䏄,dǐ,~để
䏉,䏉,shī,~thi
䏊,䏊,lóng,~lung
䏌,䏌,qì,~ngật
䏍,䏍,yuàn,~nguyện
䏏,䏏,xū,~tư
䏑,䏑,dì,~đế
䏔,䏔,niǔ,~nữu
䎹,䎹,wén,~văn
䎺,䎺,zhì,~chế
䎻,䎻,zhòu,~trứu
䎽,䎽,wén,~văn
䎾,䎾,gǔn,~cổn
䎿,䎿,qiú,~cầu
䏀,䏀,là,~lạt
䏂,䏂,sǒu,~tẩu
䎫,䎫,chuàng,~sáng
䎬,䎬,bà,~bá
䎭,䎭,cāo,~thao
䎮,䎮,tì,~thế
䎰,䎰,zuó,~tạc
䎱,䎬,bà,~bá
䎲,䎲,zhé,~trích
䎳,䎳,wà,~vạt
䐋,䐋,cōng,~thông
䐌,䐌,tiǎn,~thiển
䐍,䐍,chù,~xúc
䐎,䐎,dī,~đây
䐑,䐑,zhé,~tập
䐒,䐒,zhā,~tra
䐓,䐓,róu,~nậu
䐔,䐔,bǐn,~tẫn
䏺,䏺,pāng,~bàng
䏽,䏽,bù,~bộ
䐀,䐀,jì,~ký
䐃,䐃,jùn,~tuấn
䐅,䐅,xī,~hật
䐆,䐆,cǎi,~thải
䐈,䐈,zhí,~chắc
䐊,䐊,kūn,~côn
䏰,䏰,rùn,~nhuần
䏱,䏱,jú,~cúc
䏲,䏲,tī / dié,~điệt
䏳,䏳,zhè,~chiết
䏵,䏵,měng,~mãnh
䏶,䏶,bì,~phức
䏸,䏸,yú,~du
䏹,䏹,xiàn,~hãm
䏢,䏢,bǐ,~bỉ
䏣,䏣,jué,~cược
䏤,䏤,sì,~tự
䏨,䏨,huǐ,~huỷ
䏩,䏩,xī,~hật
䏫,䏫,xiū,~tu
䏬,䏬,móu,~mâu
䏮,䏮,xí,~tập
䐹,䐹,sōu,~sưu
䐺,䐺,tàn,~thán
䑀,䑀,pì,~bị
䑂,䑂,ǎi,~ái
䑅,䑅,méng,~mông
䑆,䑆,yǎng,~dưỡng
䑉,䑉,yíng,~doanh
䑊,䑊,wéi,~vi
䐫,䐫,cōng,~thông
䐮,䐮,chǎn,~thảm
䐯,䐯,léi,~lôi
䐰,䐰,xiū,~tu
䐱,䐱,zhài,~trại
䐳,䐳,yú,~du
䐵,䐵,gōng,~cung
䐸,䐸,huò,~hoắc
䐟,䐟,xiǎng,~hưởng
䐠,䐠,huǎng,~hoảng
䐡,䐡,qí,~tề
䐢,䐢,zhù,~chú
䐣,䐣,sǔn,~sụn
䐤,䐤,chāi,~sách
䐦,䐦,kē,~khoa
䐨,䐨,gǔ,~cổ
䐕,䐕,jí,~tích
䐖,䐖,xī,~hật
䐗,䐗,zhū,~chu
䐚,䐚,jī,~cơ
䐛,䐛,dā,~đáp
䐜,䐜,chēn,~xin
䐝,䐝,suò,~tuất
䐞,䐞,ruò,~nhược
䑼,䑼,zhōu,~chu
䑽,䑽,tà,~đạp
䒀,䒀,bù,~bộ
䒃,䒃,cào,~tháo
䒄,䒄,fù,~phụ
䒇,䒇,fù,~phụ
䒊,䒊,xī,~hi
䒍,䒍,pǎng,~bảng
䑯,䑯,dì,~đế
䑰,䑰,bù,~bộ
䑱,䑱,wǎn,~oản
䑲,䑲,zhào,~triệu
䑶,䑶,qiàn,~khiếm
䑸,䑸,zōng,~tông
䑹,䑹,sōu,~sưu
䑻,䑻,yóu,~du
䑞,䑞,shùn,~thuấn
䑠,䑠,liǎo,~rẻo
䑣,䑣,chēn,~sâm
䑥,䑥,è,~ngạc
䑦,䑦,gōu,~câu
䑪,䑪,è,~ngạc
䑫,䑫,bēng,~banh
䑬,䑬,tāo,~thao
䑋,䑋,rǎng,~nhường
䑌,䑌,lán,~lan
䑍,䑍,yān,~yên
䑐,䑐,zhěn,~chẩn
䑓,䑓,tái,~thai
䑔,䑔,fèi,~phí
䑘,䑘,cuó,~ta
䑙,䑙,tān,~than
䒽,䒽,wǎng,~võng
䓂,䓂,yán,~nguyên
䓃,䓃,yì,~nghệ
䓆,䓆,zhé,~triết
䓇,䓇,xì,~tích
䓈,䓈,yì,~nghệ
䓉,䓉,yé,~gia
䓋,䓋,zhī,~chi
䒰,䒰,kuāng,~khuông
䒲,䒲,chà,~sá
䒳,䒳,duǒ,~đoá
䒴,䒴,yǒu,~dửu
䒵,䒵,hào,~hạo
䒹,䒹,lèi,~lệ
䒺,䒺,jǐn,~ngẩn
䒻,䒻,qǐ,~khỉ
䒝,䒝,xiáo,~hào
䒞,䒞,chén,~thần
䒡,䒡,yǐn,~dẫn
䒣,䒣,rǎn,~nhiễm
䒤,䒤,rì,~nhật
䒧,䒧,qū,~khúc
䒨,䒨,shǐ,~sử
䒫,䒫,dài,~đại
䒎,䒎,mǎng,~mãng
䒏,䒏,sēng,~man
䒐,䒐,méng,~mông
䒑,䒑,cǎo,~thảo
䒒,䒒,tiáo,~điêu
䒓,䒓,kǎi,~khải
䒖,䒖,xìn,~tín
䒗,䒗,qì,~tập
䓹,䓹,yì,~nghệ
䓺,䓺,měi,~mĩ
䓽,䓽,jì,~ký
䓾,䓾,suō,~thoa
䔁,䔁,lì,~lị
䔂,䔂,zǐ,~chỉ
䔃,䔃,zǔ,~trở
䔄,䔄,yáo,~diêu
䓬,䓬,zhuó,~đốt
䓭,䓭,chà,~sá
䓰,䓰,yīn,~nhân
䓲,䓲,ruì,~nối
䓳,䓳,hěn,~ngận
䓴,䓴,ruǎn,~nhuyễn
䓷,䓷,xìng,~hành
䓸,䓸,jiān,~gian
䓜,䓜,zhī,~chi
䓝,䓝,mèng,~mộng
䓞,䓞,lì,~lị
䓟,䓟,zhōu,~chu
䓠,䓠,tà,~đạp
䓡,䓡,zhī,~chi
䓤,䓤,hū,~hốt
䓧,䓧,cì,~thuốc
䓎,䓎,chuò,~xúc
䓓,䓓,chóu,~trù
䓕,䓕,tuǒ,~thỏa
䓗,䓗,cōng,~thông
䓘,䓘,gāo,~cao
䓙,䓙,kuā,~khoa
䓚,䓚,qū,~khúc
䓛,䓛,qū,~khúc
䔸,䔸,biǎo,~biểu
䔹,䔹,suì,~toại
䔺,䔺,wéi,~vi
䔻,䔻,dūn,~đôn
䔼,䔼,sè,~sắc
䔾,䔾,qì,~tập
䔿,䔿,zǔn,~tỗn
䕃,䕃,yìn,~ấn
䔧,䔧,lí,~lê
䔬,䔬,yì,~nghệ
䔭,䔭,nìng,~nính
䔮,䔮,sī,~tư
䔯,䔯,kù,~khố
䔰,䔰,fù,~phụ
䔱,䔱,yī,~y
䔳,䔳,rán,~nhiên
䔓,䔓,xǔ,~hủ
䔔,䔔,jìng,~kính
䔖,䔖,líng,~lăng
䔘,䔘,zuò,~tộ
䔞,䔞,lǜ,~luật
䔟,䔟,yí,~di
䔠,䔠,shǎo,~tiểu
䔡,䔡,yú,~du
䔆,䔆,lí,~lê
䔇,䔇,qǐ,~khỉ
䔉,䔉,lì,~lị
䔊,䔊,bīng,~băng
䔋,䔋,suō,~thoa
䔎,䔎,sù,~túc
䔏,䔏,chòu,~hú
䔐,䔐,jiān,~gian
䕴,䕴,zhuó,~đốt
䕵,䕵,xié,~tà
䕹,䕹,zá,~tập
䕺,䕺,cóng,~tùng
䕼,䕼,rán,~nhiên
䕽,䕽,zhú,~sộc
䕾,䕾,yín,~ngân
䖁,䖁,yì,~nghệ
䕦,䕦,yíng,~giềng
䕪,䕪,zé,~trách
䕫,䕫,kuí,~quỳ
䕭,䕭,qián,~tùm
䕮,䕮,jú,~cúc
䕰,䕰,fán,~phiền
䕱,䕱,tóu,~đầu
䕳,䕳,mí,~mi
䕓,䕓,chá,~trà
䕕,䕕,màn,~mơn
䕘,䕘,líng,~lăng
䕟,䕟,xīng,~tinh
䕠,䕠,fèi,~nào
䕡,䕡,lǘ,~lư
䕣,䕣,hé,~hà
䕥,䕥,nǐ,~nghĩ
䕇,䕇,huì,~cói
䕈,䕈,xiè,~giới
䕉,䕉,zé,~trách
䕊,䕊,tán,~đàm
䕌,䕌,zhì,~chí
䕍,䕍,yì,~nghệ
䕎,䕎,fú,~phù
䕑,䕑,jùn,~tuấn
䖯,䖯,kuí,~quỳ
䖰,䖰,pài,~phái
䖱,䖱,kuāng,~khuông
䖳,䖳,zhà,~trá
䖶,䖶,huī,~huy
䖹,䖹,yáng,~dương
䖺,䖺,tiáo,~điêu
䖻,䖻,yóu,~du
䖞,䖞,zhǒu,~trửu
䖠,䖠,yuán,~viên
䖣,䖣,zǎo,~tao
䖤,䖤,wǎn,~oản
䖩,䖩,bì,~tất
䖪,䖪,zī,~tư
䖭,䖭,juàn,~quyến
䖮,䖮,xiǎng,~hưởng
䖎,䖎,xiá,~giáp
䖏,䖏,chǔ,~sở
䖒,䖒,xī,~hy
䖕,䖕,zǔ,~trở
䖖,䖖,xiá,~giáp
䖘,䖘,tú,~đồ
䖛,䖛,suǒ,~tỏa
䖝,䖝,chóng,~trùng
䖃,䖃,yuè,~dược
䖄,䖄,rán,~nhiên
䖅,䖅,líng,~lăng
䖆,䖆,niàng,~dạng
䖈,䖈,nüè,~ngược
䖊,䖊,yì,~dịch
䖋,䖋,nüè,~ngược
䖌,䖌,yì,~dịch
䗧,䗧,kāng,~khang
䗨,䗨,yú,~du
䗩,䗩,qī,~kiết
䗪,䗪,zhè,~chá
䗲,䗲,lìn,~lận
䗶,䗶,là,~trá
䗷,䗷,yì,~dịch
䗸,䗸,yōng,~ung
䗕,䗕,wǎn,~oản
䗙,䗙,hán,~can
䗛,䗛,xiū,~tu
䗜,䗜,liú,~lưu
䗡,䗡,yán,~diên
䗢,䗢,zǎo,~tao
䗤,䗤,yóng,~ngong
䗥,䗥,zōng,~tông
䗅,䗅,cháng,~thường
䗇,䗇,jú,~cúc
䗉,䗉,chāng,~xương
䗌,䗌,xīng,~tinh
䗎,䗎,yān,~yên
䗏,䗏,sōu,~sưu
䗐,䗐,shī,~sắt
䗓,䗓,cōng,~thông
䖼,䖼,jué,~quyết
䖽,䖽,lí,~lị
䖿,䖿,lí,~lị
䗀,䗀,chēng,~sanh
䗁,䗁,jì,~kị
䗂,䗂,hǔ,~hổ
䗃,䗃,zhàn,~chiến
䗄,䗄,fǔ,~bò
䘢,䘢,zhǔ,~chủ
䘥,䘥,xiá,~giáp
䘦,䘦,ní,~nghê
䘨,䘨,jiǎo,~kiểu
䘩,䘩,xún,~tuần
䘪,䘪,chōng,~sung
䘫,䘫,nòu,~nậu
䘬,䘬,róng,~nhung
䘒,䘒,zuī,~chuối
䘔,䘔,kā,~khách
䘘,䘘,yù,~duật
䘙,䘙,wèi,~vệ
䘚,䘚,zhú,~trục
䘝,䘝,yì,~dịch
䘠,䘠,fú,~phục
䘡,䘡,bǐ,~bỉ
䘁,䘁,gé,~cách
䘃,䘃,mò,~mạch
䘅,䘅,nái,~nai
䘈,䘈,lì,~lệ
䘊,䘊,miè,~mọt
䘋,䘋,jiān,~tiêm
䘍,䘍,chài,~sái
䘎,䘎,wān,~loan
䗹,䗹,cì,~thứ
䗺,䗺,yǎn,~yển
䗻,䗻,jié,~tiệt
䗼,䗼,xūn,~huân
䗽,䗽,wèi,~vị
䗾,䗾,xiǎn,~hến
䗿,䗿,níng,~trữ
䘀,䘀,fù,~phụ
䙠,䙠,jué,~quyết
䙡,䙌,kuì,~quỹ
䙢,䙢,zèng,~tắng
䙣,䙣,sà,~táp
䙤,䙤,duǒ,~đoá
䙥,䙥,líng,~linh
䙬,䙬,yìng,~ánh
䙮,䙮,guàn,~quán
䙑,䙑,cuī,~thôi
䙒,䙒,xù,~tuất
䙓,䙓,bǎi,~bi
䙕,䙕,zǒng,~tổng
䙙,䙙,chí,~trì
䙚,䙚,niǎo,~nẻo
䙛,䙛,guàn,~quán
䙟,䙟,wéi,~vi
䙀,䙀,běng,~mền
䙁,䙁,cán,~sàm
䙄,䙄,qì,~tập
䙆,䙆,kuì,~quỹ
䙇,䙇,ruán,~nhuyên
䙊,䙊,xiè,~đai
䙌,䙌,kuì,~quỹ
䙏,䙏,bó,~bộc
䘱,䘱,yù,~dịu
䘳,䘳,jīn,~câm
䘹,䘹,zuì,~tuy
䘺,䘺,zhàn,~sàn
䘻,䘻,yù,~dịu
䘼,䘼,wǎn,~oản
䘽,䘽,ní,~nghê
䘿,䘿,jué,~quyết
䚘,䚘,chéng,~dềnh
䚜,䚜,bī,~bức
䚝,䚝,zú,~chót
䚠,䚠,hùn,~hỗn
䚣,䚣,tí,~đề
䚥,䚥,nuò,~nhu
䚦,䚦,zhì,~chí
䚨,䚨,fèi,~phí
䚍,䚍,qì,~khí
䚏,䚏,lìn,~lận
䚐,䚐,jí,~tịch
䚒,䚒,chuáng,~choàng
䚔,䚔,bīn,~tân
䚕,䚕,lì,~lệ
䚖,䚖,líng,~linh
䚗,䚗,gāng,~cương
䙾,䙾,shī,~thi
䚂,䚂,hè,~hạc
䚃,䚃,yóu,~du
䚄,䚄,lù,~lục
䚅,䚅,lài,~lại
䚇,䚇,shěng,~tỉnh
䚉,䚉,qì,~khí
䚋,䚋,yùn,~uẩn
䙯,䙯,cù,~xúc
䙰,䙰,lí,~li
䙳,䙳,biāo,~tiêu
䙵,䙵,xī,~tây
䙷,䙷,dé,~đức
䙹,䙹,xiàn,~hiện
䙼,䙼,shào,~thiệu
䙽,䙽,xié,~hiệt
䛑,䛑,mì,~mật
䛕,䛕,yù,~dụ
䛖,䛖,è,~ngạc
䛘,䛘,rén,~nhân
䛙,䛙,xù,~tuất
䛜,䛜,xùn,~tấn
䛝,䛝,náo,~nao
䛟,䛟,jiá,~giáp
䛇,䛇,yuǎn,~uyển
䛈,䛈,shì,~thề
䛊,䛊,xī,~hi
䛋,䛋,jì,~kỵ
䛌,䛌,táo,~đào
䛍,䛍,fèi,~phí
䛏,䛏,ní,~nghê
䛐,䛐,cí,~từ
䚹,䚹,pǐ,~phỉ
䚺,䚺,yáo,~dao
䚻,䚻,yáo,~dao
䚾,䚾,nín,~nâm
䛀,䛀,fǎn,~phản
䛁,䛁,nán,~nam
䛂,䛂,yāo,~yêu
䛆,䛆,zhòu,~thù
䚩,䚩,jiǎo,~góc
䚫,䚫,xí,~tập
䚮,䚮,réng,~nhưng
䚰,䚰,pǐ,~phỉ
䚱,䚱,xìn,~ấm
䚲,䚲,shàn,~san
䚷,䚷,yī,~y
䚸,䚸,xiè,~tạ
䜈,䜈,chāo,~sao
䜋,䜋,huì,~hối
䜎,䜎,láo,~lao
䜑,䜑,wù,~ngộ
䜓,䜓,shè,~thết
䜔,䜔,suí,~tùy
䜖,䜖,tàn,~thán
䜛,䜛,chán,~sàm
䛻,䛻,yòu,~dụ
䛼,䛼,huǐ,~huỷ
䛽,䛽,zhǎ,~trả
䜀,䜧,nǎo,~não
䜁,䜁,xì,~khích
䜄,䜄,chí,~trì
䜅,䜅,wéi,~vi
䜆,䜆,zhé,~trích
䛮,䛮,jiù,~cữu
䛰,䛰,hùn,~ngộn
䛲,䛲,mán,~man
䛳,䛳,yàn,~ngạn
䛴,䛴,jī,~ky
䛶,䛶,lěi,~lụy
䛷,䛷,wǎn,~oản
䛹,䛹,càn,~xán
䛠,䛠,dòu,~đậu
䛣,䛣,pīng,~binh
䛤,䛤,cù,~xúc
䛥,䛥,xī,~hi
䛩,䛩,wù,~ngộ
䛪,䛪,qióng,~cung
䛬,䛬,táo,~đào
䛭,䛭,xìng,~hành
䝍,䝍,jùn,~tuấn
䝎,䝎,tuān,~thoan
䝐,䝐,wéi,~vi
䝑,䝑,chōng,~sung
䝒,䝒,zhù,~trợ
䝓,䝓,liè,~liệt
䝕,䝕,zhé,~triếp
䝖,䝖,zhǎo,~trảo
䜾,䜾,yīn,~nhân
䝁,䝁,láo,~lao
䝃,䝃,zhé,~trích
䝄,䝄,shuāng,~sương
䝅,䝅,huī,~hôi
䝈,䝈,è,~ách
䝊,䝊,shà,~tiệp
䝋,䝋,zòng,~tung
䜬,䜬,sǒng,~tủng
䜮,䜮,liáo,~liêu
䜯,䜯,jú,~cúc
䜲,䜲,liè,~liệt
䜴,䜴,chù,~xúc
䜷,䜷,qīn,~xăm
䜼,䜼,gú,~cốt
䜽,䜽,yú,~du
䜜,䜜,wèi,~vị
䜝,䜝,tuǎn,~thoản
䜞,䜞,jì,~kể
䜠,䜠,chè,~triệt
䜡,䜡,yù,~dụ
䜢,䜢,xiǎn,~tiển
䜧,䜧,nǎo,~não
䜫,䜫,jiāng,~cương
䝾,䝾,fù,~phụ
䝿,䝿,guì,~quý
䞁,䞁,yàn,~nhạn
䞂,䞂,ruǎn,~nhuyễn
䞄,䞄,biào,~bíu
䞅,䞅,yí,~di
䞆,䞆,suǒ,~tỏa
䞈,䞈,guì,~quý
䝰,䝰,zhì,~chí
䝱,䝱,xié,~hiếp
䝲,䝲,jìn,~tẫn
䝵,䝵,bù,~bộ
䝷,䝷,zhī,~chi
䝸,䝸,jì,~kị
䝹,䝹,wǎn,~oản
䝼,䞍,jìng,~kính
䝢,䝢,màn,~man
䝦,䝦,zhōng,~chung
䝧,䝧,mín,~mân
䝨,䝨,xián,~hiền
䝩,䝩,zhèn,~chẩn
䝭,䝭,gòu,~cấu
䝮,䝮,xuàn,~huyễn
䝯,䝯,yì,~dịch
䝘,䝘,yì,~dịch
䝙,䝙,chū,~sơ
䝜,䝜,suān,~toan
䝝,䝝,yǐ,~nghĩ
䝞,䝞,hào,~hạo
䝟,䝟,yà,~á
䝠,䝠,huán,~hoàn
䝡,䝡,màn,~man
䞶,䞶,tāng,~thang
䞷,䞷,jué,~quyết
䞸,䞸,fù,~phụ
䞻,䞻,yǒng,~dũng
䞼,䞼,chuǐ,~chuỷ
䞽,䞽,suǒ,~tỏa
䞾,䞾,chí,~trì
䟀,䟀,cāi,~ti
䞣,䞣,chě,~xả
䞥,䞥,yòu,~hữu
䞦,䞦,hé,~hà
䞫,䞫,yǔn,~vẫn
䞬,䞬,tòu,~vòi
䞯,䞯,fù,~phụ
䞰,䞰,zuó,~trách
䞳,䞳,bó,~bốc
䞘,䞘,jí,~tiệp
䞙,䞙,zá,~tập
䞜,䞜,fù,~phụ
䞝,䞝,yù,~duật
䞞,䞞,fú,~phù
䞟,䞟,pò,~phách
䞠,䞠,zhī,~chi
䞡,䞡,tǎn,~đán
䞊,䞊,xùn,~tấn
䞌,䞌,shé,~xà
䞍,䞍,qíng,~tạnh
䞒,䞒,dòng,~động
䞓,䞓,chēng,~xanh
䞔,䞔,wěi,~vĩ
䞕,䞕,rú,~như
䞗,䞗,cāi,~ti
䟮,䟮,fú,~phục
䟰,䟰,jiǎn,~kiễng
䟴,䟴,zhèn,~trẫm
䟶,䟶,zuò,~trách
䟸,䟸,kuí,~quỳ
䟹,䟹,liè,~liệt
䟺,䟺,bèi,~bối
䟻,䟻,dù,~độ
䟟,䟟,cù,~xúc
䟠,䟠,yuè,~dược
䟡,䟡,zhī,~chi
䟨,䟨,mín,~mân
䟩,䟩,liě,~tiểu
䟪,䟪,fěng,~phủng
䟫,䟫,chēng,~xênh
䟭,䟭,tiáo,~điêu
䟑,䟑,yuè,~việt
䟓,䟓,chēng,~xưng
䟖,䟖,tàng,~năng
䟙,䟙,qiè,~thiếp
䟚,䟚,qí,~kì
䟜,䟜,nà,~na
䟝,䟝,tòu,~vòi
䟞,䟞,chú,~trù
䟁,䟁,xiáo,~hào
䟂,䟂,mán,~man
䟃,䟃,cān,~xan
䟄,䟄,qì,~khí
䟇,䟇,jī,~cơ
䟈,䟈,zhí,~đẹt
䟉,䟉,zhú,~trục
䟏,䟏,lì,~lịch
䠱,䠱,zhú,~sộc
䠲,䠲,líng,~linh
䠳,䠳,chēn,~xin
䠷,䠷,tiǎo,~điệu
䠻,䠻,qióng,~cung
䠿,䠿,wài,~ngoại
䡀,䡀,zhǎn,~triển
䡂,䡂,jiū,~cưu
䠤,䠤,duǒ,~đoá
䠨,䠨,chàn,~sám
䠪,䠪,duàn,~đoạn
䠫,䠫,zòu,~tấu
䠬,䠬,dèng,~đặng
䠭,䠭,lái,~lai
䠮,䠮,téng,~đằng
䠯,䠯,yuè,~dược
䠕,䠕,cāi,~ti
䠗,䠗,qiù,~kheo
䠘,䠘,pì,~thí
䠚,䠚,wà,~vạt
䠛,䠛,yáo,~diêu
䠜,䠜,róng,~nhung
䠞,䠞,cù,~xúc
䠡,䠡,cuó,~toàn
䟿,䟿,lù,~lục
䠀,䠀,tāng,~thang
䠄,䠄,tiǎn,~điễn
䠋,䠋,bì,~tất
䠎,䠎,wò,~ác
䠏,䠏,jì,~kị
䠐,䠐,qù,~khứ
䠔,䠔,suì,~đuổi
䡯,䡯,cōng,~thông
䡰,䡰,kēng,~khanh
䡲,䡲,chán,~sàm
䡳,䡳,sī,~tư
䡴,䡴,chōng,~sung
䡵,𫟦,suì,~toại
䡶,䡶,bèi,~bối
䡷,䡷,kài,~khế
䡣,䡣,hūn,~hôn
䡤,䡤,zhū,~chư
䡥,䡥,róng,~nhung
䡩,䡩,kēng,~khanh
䡪,䡪,shàn,~thiện
䡫,䡫,péng,~bành
䡬,䡬,màn,~man
䡭,䡭,xiū,~tu
䡓,䡓,juàn,~quyến
䡕,䡕,zhěng,~chỉnh
䡛,䡛,yìn,~ngận
䡝,䡝,yuān,~uyên
䡞,䡞,jú,~cúc
䡟,䡟,pì,~tịch
䡡,䡡,xié,~hài
䡢,䡢,biàn,~biện
䡃,䡃,lì,~lịch
䡅,䡅,chūn,~xuân
䡆,䡆,róng,~dung
䡇,䡇,yuè,~ngột
䡈,䡈,jué,~quyết
䡉,䡉,kǎng,~hông
䡎,䡎,lú,~lô
䡑,䡑,mín,~mân
䢪,䢪,bó,~bát
䢫,䢫,suí,~tùy
䢭,䢭,yàn,~diễm
䢮,䢮,lèi,~lệ
䢰,䢰,tī,~đề
䢵,䢵,yún,~vân
䢸,䢸,jū,~thư
䢹,䢹,jǔ,~cử
䢖,䢖,yù,~duật
䢜,䢜,guī,~quy
䢟,䢟,yóu,~du
䢡,䢡,yè,~diệp
䢣,䢣,yáo,~diêu
䢥,䢥,yán,~diêm
䢨,䢨,cōng,~thông
䢩,䢩,yù,~duật
䢇,䢇,rǒng,~nhũng
䢉,䢉,nóng,~nông
䢊,䢊,yóu,~du
䢋,䢋,jì,~tích
䢍,䢍,fǎng,~phỏng
䢓,䢓,yú,~du
䢔,䢔,hé,~hạp
䢕,䢕,xù,~tuất
䡺,䡺,wèi,~duệ
䡻,䡻,mín,~mân
䡼,䡼,líng,~linh
䡾,䡾,niè,~nghiệt
䡿,䡿,líng,~linh
䢀,䢀,qì,~khí
䢁,䢁,yuè,~ngột
䢃,䢃,yì,~dịch
䣴,䣴,xù,~hú
䣶,䣶,huó,~hoạt
䣸,䣸,rǎn,~nhiễm
䣹,䣹,fá,~phạt
䣺,䣺,juān,~quyên
䣽,䣽,zhī,~chi
䣿,䣿,yū,~u
䤁,䤁,cén,~sầm
䣤,䣤,jué,~quyết
䣥,䣥,bǐ,~bỉ
䣦,䣦,lèi,~lỗi
䣧,䣧,yì,~dịch
䣫,䣫,lí,~li
䣬,䣬,zǎi,~tể
䣭,䣭,tài,~thái
䣯,䣯,cú,~tào
䣍,䣍,yǎn,~yển
䣎,䣎,zī,~tấn
䣐,䣐,yīng,~anh
䣜,䣜,cuó,~ta
䣝,䣝,tú,~đồ
䣠,䣠,jié,~kiệt
䣡,䣡,yí,~di
䣢,䣢,jí,~tịch
䢾,䢾,xiǎn,~tiển
䢿,䢿,ān,~am
䣀,䣀,guǐ,~quỷ
䣁,䣁,yǔ,~vũ
䣂,䣂,lěi,~lũy
䣄,䣄,tú,~đồ
䣆,䣆,xíng,~hình
䣋,䣋,cǎi,~thải
䤪,䤪,duǒ,~đoá
䤬,䤬,shā,~sát
䤭,䤭,shì,~thị
䤮,䤮,shè,~nhiếp
䤯,䤯,xíng,~hình
䤰,䤰,yíng,~oánh
䤱,䤱,shì,~thị
䤵,䤵,fèi,~phí
䤞,䤞,yǔn,~vẫn
䤟,䤟,chén,~đâm
䤡,䤡,rǎn,~nhiễm
䤣,䤣,lüè,~luyệt
䤥,䤥,guǐ,~quỷ
䤦,䤦,yuè,~việt
䤨,䤨,pì,~tịch
䤩,䤩,chá,~tra
䤋,䤋,yù,~duật
䤌,䤌,qiāng,~thương
䤏,䤏,pǐ,~phỉ
䤒,䤒,jì,~kị
䤖,䤖,bào,~bạo
䤚,䤚,lǐ,~lịa
䤜,䤜,dùn,~nhọn
䤝,䤝,yìng,~ánh
䤂,䤂,méi,~môi
䤃,䤃,yīn,~nhân
䤄,䤄,miǎn,~miễn
䤅,䤅,tú,~đồ
䤆,䤆,kuí,~quỳ
䤈,䤈,xī,~ê
䤉,䤉,mì,~mịch
䤊,䤊,róng,~nhung
䥨,䥨,lǜ,~lự
䥪,䥪,xiǎn,~ten
䥮,䥮,zhú,~chúc
䥯,䥯,bēi,~bôi
䥰,䥰,méng,~mông
䥳,䥳,yōu,~ưu
䥷,䥷,zhá,~trát
䥸,䥸,mí,~mi
䥕,𬭯,piě,~phi
䥘,䥘,cù,~xúc
䥙,䥙,suì,~toại
䥚,䥚,chū,~sơ
䥛,䥛,jiē,~giai
䥜,䥜,jiàn,~giám
䥡,䥡,yè,~diệp
䥢,䥢,lóng,~xuổng
䥀,䥀,chǎn,~sạn
䥄,䥄,cù,~thố
䥇,䦂,shàn,~sam
䥉,䥉,yuān,~uyên
䥋,䥋,pēng,~phanh
䥏,䥏,yǔ,~ngữ
䥒,䥒,jiàng,~giáng
䥓,䥓,qī,~thê
䤶,䤶,yè,~diệp
䤷,䤷,yǎn,~yểm
䤸,䤸,zuàn,~thoa
䤹,䤹,sōu,~sưu
䤺,䤺,jīn,~kim
䤼,䤼,xiàn,~tuyến
䤾,䤾,tāo,~thao
䤿,䤿,qiè,~khiết
䦧,䦧,qié,~tà
䦨,䦨,lán,~làn
䦫,䦫,yīng,~anh
䦭,䦭,hāng,~bổn
䦱,䦱,wěi,~ủy
䦲,䦲,yán,~diêm
䦴,䦴,yì,~dịch
䦵,䦵,nǐ,~nghĩ
䦝,䦝,huō,~hoát
䦞,䦞,rùn,~nhuần
䦟,䦷,chuài,~xuýt
䦠,䦠,dū,~đồ
䦣,䦣,fù,~phụ
䦤,䦤,chuài,~xuýt
䦥,䦥,xián,~nhàn
䦦,䦦,qín,~cầm
䦏,䦏,xiè,~giới
䦔,䦔,tǎn,~đán
䦕,䦕,pēng,~phanh
䦖,䦖,xié,~hiệt
䦗,䦗,xù,~hức
䦘,䦘,xiàn,~hiển
䦙,䦙,sì,~tự
䦚,䦚,kuà,~khoa
䥺,䥺,yé,~gia
䦂,䦂,shàn,~sam
䦃,䦃,zhuō,~trác
䦅,䦅,shàn,~sam
䦆,䦆,jué,~quyết
䦈,䦈,jiē,~giai
䦊,䦊,niǎo,~điểu
䦍,䦍,wù,~ngột
䧤,䧤,pú,~bộc
䧥,䧥,huì,~tuệ
䧦,䧦,wéi,~vi
䧨,䧨,yè,~diệp
䧬,䧬,bīn,~tân
䧰,䧰,hùn,~hỗn
䧳,䧳,cí,~thư
䧴,䧴,zhī,~chích
䧓,䧓,zhōu,~chu
䧔,䧔,niàn,~niệm
䧗,䧗,bì,~bệ
䧘,䧘,zhuàn,~soạn
䧙,䧙,líng,~lăng
䧝,䧝,chī,~si
䧡,䧡,yōng,~dong
䧢,𨸟,qū,~khư
䧅,䧅,yí,~di
䧇,䧇,yī,~y
䧉,䧉,lǐ,~lý
䧋,䧋,xiǎn,~hiểm
䧌,䧌,suī,~tuy
䧍,䧍,xì,~khích
䧎,䧎,xuàn,~huyễn
䧑,䧑,dī,~đây
䦶,䦶,zhèng,~chứng
䦷,䦷,chuài,~xuýt
䦹,䦹,shí,~thực
䦽,䦽,xù,~tự
䦾,䦾,yuán,~viên
䧁,䧁,xǔ,~hủ
䧂,䧂,dào,~đạo
䧄,䧄,gè,~lạc
䨠,䨠,ǎi,~ái
䨥,䨥,huò,~hoắc
䨦,䨦,pāng,~bàng
䨨,䨨,zhuī,~duì
䨩,䨩,líng,~linh
䨪,䨪,mái,~mai
䨫,䨫,mài,~mạch
䨯,䨯,zhèn,~chấn
䨗,䨗,fú,~phất
䨘,䨘,xiàn,~tản
䨙,䨙,cén,~sầm
䨚,䨚,hū,~thú
䨛,䨛,sè,~sắc
䨜,䨜,bēng,~banh
䨝,䨝,qīng,~thanh
䨞,䨞,yǔ,~vũ
䨊,䨊,yuān,~uyên
䨋,䨋,nüè,~ngược
䨍,䨍,yǐng,~nhánh
䨏,䨏,cí,~từ
䨐,䨐,qià,~kháp
䨒,䨒,yù,~duật
䨓,䨓,léi,~lôi
䨖,䨖,jì,~tễ
䧵,䧵,qí,~kì
䧶,䧶,kuí,~quỳ
䧷,䧷,róu,~nhu
䧽,䧽,cuǐ,~dồi
䧿,䧿,què,~xác
䨁,䨁,wù,~vụ
䨆,䨆,bí,~mụt
䨈,䨈,bīn,~tân
䩘,䩘,dì,~đế
䩙,䩙,xuàn,~huyễn
䩚,䩚,dì,~đế
䩛,䩛,bì,~tất
䩜,䩜,zhòu,~trụ
䩝,䩝,páo,~bào
䩟,䩟,yí,~di
䩢,䩢,zhì,~chí
䩊,䩊,wǎn,~oản
䩋,䩋,mǒ,~mạt
䩌,䩌,qiáo,~kiều
䩍,䩍,liǎo,~rẻo
䩏,䩏,miè,~miệt
䩐,䩐,hū,~hô
䩒,䩒,yú,~du
䩔,䩔,duò,~đoạ
䨸,䨸,yǐn,~dẫn
䨺,䨺,duì,~đỗi
䨻,䨻,bèng,~bính
䨾,䨾,fèi,~phí
䩂,䩂,xiān,~tiêm
䩄,䩄,miǎn,~miễn
䩅,䩅,zhǎn,~triển
䩆,䩆,zhǎn,~triển
䨰,䨰,pò,~phách
䨱,䨱,fù,~phụ
䨲,䨲,nóu,~nâu
䨳,䨳,xì,~khích
䨴,䨴,duì,~đỗi
䨵,䨵,dàn,~đạm
䨶,䨶,yǔn,~vẫn
䨷,䨷,xiàn,~tản
䪎,䪎,suī,~tuy
䪏,䪏,nà,~nạp
䪕,䪕,jú,~cúc
䪖,䪖,pò,~phách
䪘,䪘,wěi,~vĩ
䪙,䪙,pò,~phách
䪚,䪚,dā,~đáp
䪜,䪜,chān,~sọm
䩾,䩾,zhè,~chá
䩿,䩿,fén,~phần
䪃,䪃,dūn,~đôn
䪈,䪈,qiàn,~khiếm
䪉,䪉,liè,~liệt
䪊,䪊,lóng,~lung
䪋,䪋,wèi,~vệ
䪍,䪍,lán,~lan
䩱,䩱,shù,~thuật
䩳,䩳,sōu,~sưu
䩵,䩵,yùn,~vận
䩶,䩶,chǎn,~siển
䩷,䩷,bāng,~bang
䩸,䩸,róng,~nhung
䩹,䩹,é,~nga
䩽,䩽,yū,~u
䩣,䩣,tú,~đồ
䩤,䩤,xié,~hài
䩥,䩥,dàn,~dạn
䩦,䩦,tiáo,~điều
䩧,䩧,xiè,~tiết
䩨,䩨,chàng,~trướng
䩯,䩯,jí,~tập
䩰,䩰,xuàn,~huyễn
䫅,䫅,sàn,~tản
䫆,䫆,chéng,~thành
䫇,䫇,rán,~nhiên
䫈,䫈,chěn,~tẩm
䫋,䫋,wēi,~uy
䫌,䫌,pǐ,~phỉ
䫍,䫍,fǔ,~phủ
䫎,䫎,zhuō,~trác
䪹,䪹,bāi,~bẻ
䪺,䪺,gé,~cách
䪼,䪼,zhuō,~trác
䪾,䪾,zhěn,~chẩn
䪿,䪿,shěng,~tỉnh
䫀,䫀,gěn,~cấn
䫂,䫂,duǒ,~đoá
䫄,䫄,chuà,~xát
䪮,䪮,chǒu,~thiễu
䪯,䪯,yīng,~anh
䪰,䪰,yī,~y
䪲,䪲,kūn,~côn
䪳,䪳,yǔn,~vẫn
䪶,䪶,jū,~thư
䪷,䪷,hòu,~hậu
䪸,䪸,mín,~mân
䪝,䪝,hù,~hộ
䪤,䪤,fán,~phiền
䪥,䪥,xiè,~giới
䪧,䪧,chí,~trì
䪩,䪩,yín,~ngân
䪫,䪫,jīng,~kinh
䪬,䪬,bó,~bác
䪭,䪭,ruǎn,~nhuyễn
䫸,䫸,chāo,~sao
䫻,䫻,yù,~duật
䫽,䫽,pāo,~phao
䫾,䫾,bī,~bức
䫿,䫿,chāo,~sao
䬀,䬀,yǒu,~dửu
䬁,䬁,yí,~di
䬂,䬂,xuè,~huyết
䫨,䫨,ào,~áo
䫩,䫩,sǎn,~tản
䫭,䫭,huì,~hối
䫮,䫮,chán,~sàm
䫰,䫰,lìn,~lận
䫱,䫱,ná,~nã
䫲,䫲,hàn,~hạm
䫴,䫴,jìn,~tấn
䫟,䫟,hùn,~hỗn
䫠,䫠,pī,~phi
䫡,䫡,yán,~nhan
䫢,䫢,sī,~tư
䫣,䫣,xí,~tập
䫤,䫤,míng,~minh
䫥,䫥,kuǐ,~khuể
䫦,䫦,gé,~cách
䫏,䫏,qī,~khi
䫐,䫐,lín,~lân
䫑,䫑,yī,~y
䫔,䫔,qì,~khí
䫕,䫕,dié,~điệp
䫘,䫘,hé,~hàm
䫝,䫝,fǔ,~phủ
䫞,䫞,qiāo,~khao
䬤,䬤,zàn,~tán
䬥,䬥,yì,~ý
䬧,䬧,yuán,~viên
䬨,䬨,jiù,~cữu
䬬,䬬,yǐng,~nhánh
䬮,䬮,yí,~di
䬯,䬯,nián,~niêm
䬰,䬰,shào,~thiệu
䬔,䬔,yú,~du
䬕,䬕,xiāng,~hương
䬗,䬗,yáng,~dương
䬘,䬘,xiāo,~tiêu
䬙,䬙,yáo,~diêu
䬛,䬛,bì,~tất
䬞,䬞,táo,~đào
䬣,䬣,xì,~hí
䬋,䬋,léng,~lăng
䬌,䬌,pōu,~phẫu
䬍,䬍,hū,~hốt
䬎,䬎,guó,~quốc
䬏,䬏,bù,~bộ
䬐,䬐,ruí,~nhuy
䬑,䬑,wèi,~uý
䬒,䬒,sōu,~sưu
䬃,䬃,sà,~táp
䬄,䬄,xù,~tuất
䬅,䬅,lì,~lịch
䬆,䬆,lì,~lật
䬇,䬇,yuàn,~nguyện
䬈,䬈,duì,~đỗi
䬉,䬉,huò,~hoạch
䬊,䬊,shà,~tiệp
䭓,䭓,èn,~ấn
䭕,䭕,zǎn,~toản
䭗,䭗,yǐng,~nhánh
䭘,䭘,yǐng,~nhánh
䭙,䭙,jǐn,~cận
䭚,䭚,chuáng,~choàng
䭛,䭛,dàn,~đạm
䭝,䭝,kuài,~quái
䭆,䭆,nè,~nọi
䭇,䭇,yē,~ế
䭉,䭉,suǐ,~tủy
䭊,䭊,yǐng,~nhánh
䭎,䭎,yè,~diệp
䭐,䭐,yàng,~dạng
䭑,䭑,lián,~liêm
䭒,䭒,xī,~tích
䬼,䬼,yuàn,~nguyện
䬽,䬽,shuì,~thuế
䬾,䬾,tí,~đề
䬿,䬿,wěi,~vĩ
䭀,䭀,xùn,~tấn
䭁,䭁,zhì,~chế
䭂,䭂,yì,~ý
䭃,䭃,rěn,~ẩn
䬱,䬱,bèn,~bỡn
䬲,䬲,gōu,~câu
䬳,䬳,bǎn,~bản
䬴,䬴,mò,~mạch
䬶,䬶,èn,~ấn
䬹,䬹,zhì,~chí
䬺,䬺,yàng,~dạng
䬻,䬻,jiàn,~tiễn
䭿,䭿,yì,~dịch
䮀,䮀,bó,~bác
䮁,䮁,pián,~bền
䮂,䮂,bá,~bạt
䮄,𫠊,xuán,~tuyền
䮈,䮈,chí,~trì
䮉,䮉,lú,~lô
䮊,䮊,yí,~di
䭲,䭲,yǐ,~nghĩ
䭳,䭳,wèi,~ngụy
䭴,䭴,huán,~hoàn
䭵,䭵,fán,~phiền
䭷,䭷,máo,~mao
䭺,䭺,ǎng,~ương
䭻,䭻,fù,~phụ
䭽,䭽,qún,~quần
䭦,䭦,bō,~bột
䭧,䭧,mǐ,~mị
䭨,䭨,shuì,~thuế
䭩,䭩,mó,~ma
䭭,䭭,shǒu,~thủ
䭮,䭮,fú,~phù
䭯,䭯,bó,~bạt
䭰,䭰,bèng,~bính
䭞,䭞,yì,~ý
䭟,䭟,yè,~diệp
䭠,䭠,jiǎn,~ghém
䭡,䭡,èn,~ấn
䭢,䭢,níng,~trữ
䭣,䭣,cí,~tư
䭤,䭤,qiǎn,~hiểm
䭥,䭥,xuè,~huyết
䮸,䮸,wò,~ác
䮹,䮹,wèi,~uý
䮺,䮺,jì,~kí
䮻,䮻,chì,~xích
䮽,䮽,biāo,~phiếu
䮾,䮾,lóng,~lung
䮿,䮿,jiǎn,~kiễng
䯀,䯅,niè,~niếp
䮩,䮩,gú,~cốt
䮪,䮪,chéng,~thành
䮫,䮫,lóu,~lưu
䮬,䮬,mò,~mạch
䮯,䮯,ào,~ngao
䮰,䮰,zhé,~trách
䮱,䮱,zhú,~sộc
䮳,䮳,fán,~phiền
䮘,䮘,ér,~nhi
䮚,䮚,lèng,~lăng
䮜,䮜,zhá,~trát
䮝,䮝,hún,~hồn
䮟,䮟,sōu,~sưu
䮠,䮠,bī,~bức
䮡,䮡,bì,~tất
䮢,䮢,zhá,~trát
䮍,䮍,niǎo,~điểu
䮎,䮎,xì,~khích
䮑,䮑,lèi,~lệ
䮓,䮓,zhuō,~trác
䮔,䮔,zuī,~chuối
䮕,䮕,zhuó,~chuyết
䮖,䮖,chāng,~xương
䮗,䮗,àn,~ngàn
䯢,䯢,mó,~ma
䯣,䯣,kuì,~quỹ
䯤,䯤,kuài,~quái
䯥,䯥,àn,~ám
䯦,䯦,mà,~mạ
䯨,䯨,qiāo,~khao
䯬,䯬,duǒ,~đoá
䯮,䯮,nái,~nai
䯗,䯗,bì,~bễ
䯘,䯘,huàn,~hoán
䯙,䯙,pò,~phách
䯚,䯚,yǎo,~yểu
䯛,䯛,wàn,~vạn
䯜,䯜,tì,~thế
䯝,䯝,suǐ,~tuỷ
䯟,䯟,duì,~đỗi
䯌,䯌,kāo,~khào
䯍,䯍,líng,~linh
䯏,䯏,guā,~quát
䯐,䯐,hái,~hài
䯑,䯑,kuāng,~khuông
䯒,䯒,héng,~hằng
䯓,䯓,kuī,~khuy
䯕,䯕,tīng,~thính
䯁,䯁,luó,~loa
䯂,䯂,shēn,~sân
䯅,䯅,niè,~niếp
䯆,䯆,yì,~dịch
䯇,䯇,kū,~khô
䯈,䯈,wán,~hoàn
䯉,䯉,wā,~oa
䯋,䯋,bó,~bác
䰚,䰚,wén,~văn
䰞,䰞,zhǔ,~chủ
䰟,䰟,hún,~hồn
䰠,䰠,shén,~thần
䰡,䰡,chì,~sí
䰢,䰢,xìng,~hành
䰣,䰣,wǎng,~võng
䰥,䰥,huò,~hoạch
䰍,䰍,cì,~thứ
䰎,䰎,kuì,~quỹ
䰏,䰏,jì,~kế
䰕,䰕,lú,~lô
䰖,䰖,zuǎn,~toản
䰗,䰗,jiū,~cưu
䰘,䰘,liú,~lưu
䰙,䰙,yǐ,~nghĩ
䯿,䯿,zú,~tốt
䰁,䰁,fèi,~phí
䰂,䰂,cài,~thái
䰃,䰃,péng,~bằng
䰆,䰆,róu,~nhu
䰈,䰈,cuó,~toàn
䰋,䰋,mán,~man
䰌,䰌,zǒng,~tổng
䯯,䯯,suō,~thoa
䯱,䯱,pī,~phi
䯲,䯲,pā,~bát
䯵,䯵,niè,~nghiệt
䯶,䯶,mán,~man
䯸,䯸,cì,~thứ
䯽,䯽,póu,~bồi
䯾,䯾,tiáo,~thiều
䱑,䱑,xué,~hạc
䱒,䱒,yè,~diệp
䱔,䱔,tiáo,~du
䱖,䱖,liú,~lưu
䱛,䱛,huò,~hoạch
䱟,䱟,jù,~cự
䱠,䱠,zhàn,~sàn
䱡,䱡,jú,~cúc
䱃,䱃,zhì,~chí
䱅,䱅,mò,~một
䱆,䱆,shéng,~thằng
䱈,䱈,qí,~kì
䱌,䱌,yí,~di
䱍,䱍,gèng,~canh
䱎,䱎,gèng,~canh
䱏,䱏,tǒu,~thẩu
䰴,䰴,qì,~khí
䰵,䰵,zī,~tư
䰷,䰷,bàng,~bàng
䰻,䰻,yú,~ngư
䰼,䰼,qín,~tẩm
䰽,䰽,bèi,~bị
䱀,䱀,yāng,~ương
䱂,䱂,yǒu,~dửu
䰦,䰦,pǐ,~phỉ
䰩,䰩,chě,~xả
䰬,䰬,jú,~cúc
䰭,䰭,nòu,~nậu
䰯,䰯,yì,~dịch
䰰,䰰,rú,~như
䰱,䰱,líng,~linh
䰲,䰲,yà,~á
䲎,䲎,něi,~nuôi
䲏,䲏,láo,~lao
䲑,䲑,yí,~di
䲒,䲒,xiè,~tiết
䲓,䲓,yǎn,~yển
䲔,䲔,qíng,~kình
䲕,䲕,pū,~phô
䲖,䲖,chóu,~trù
䱾,䱾,lóu,~lưu
䱿,䱿,chàn,~sám
䲁,鳚,wèi,~uý
䲃,䲃,zǎo,~tảo
䲄,䲄,mín,~mân
䲅,䲅,guī,~khuê
䲉,䲉,sī,~tư
䲊,䲊,duò,~đoạ
䱰,䱰,zhòng,~trọng
䱲,䱲,yuán,~nguyên
䱳,䱳,zhān,~chiên
䱴,䱴,gèng,~canh
䱷,䲣,yú,~ngư
䱸,䱸,sōu,~sưu
䱻,䱻,huá,~hoa
䱼,䱼,zhǎn,~triển
䱢,䱢,zhēng,~chinh
䱣,䱣,zú,~sốc
䱥,䱥,zhì,~chí
䱨,䱨,là,~lạt
䱬,䱬,xū,~tu
䱭,䱭,gèng,~canh
䱮,䱮,é,~nga
䱯,䱯,mú,~mao
䳐,䳐,cì,~thứ
䳑,䳑,yǒu,~dửu
䳒,䳒,yuán,~viên
䳔,䳔,jú,~quyết
䳕,䳕,fú,~phù
䳖,䳖,niè,~niếp
䳙,䳙,xǐng,~tỉnh
䳛,䳛,yàn,~yến
䳀,䳀,dié,~điệp
䳃,䳃,wǎn,~oản
䳄,䳄,cí,~từ
䳆,䳆,bái,~bạch
䳊,䳊,bá,~bạt
䳍,䳍,gōng,~cung
䳎,䳎,jiù,~thứu
䳏,䳏,guì,~quý
䲯,䲯,jí,~chích
䲰,䲰,yùn,~vận
䲱,䲱,fǎng,~phỏng
䲵,䲵,què,~thước
䲹,䲹,pí,~tì
䲺,䲺,gàn,~cống
䲻,䲻,xuán,~tuyền
䲿,䲿,cí,~từ
䲙,䲙,jié,~cát
䲚,䲚,lài,~lại
䲛,䲛,méng,~mông
䲜,䲜,yè,~yếp
䲣,䲣,yú,~ngư
䲧,䲧,dù,~độ
䲪,䲪,xì,~khích
䲮,䲮,yuán,~viên
䴇,䴇,líng,~linh
䴊,䴊,yí,~di
䴋,䴋,huán,~hoàn
䴎,䴎,lěi,~lũy
䴏,䴏,yàn,~yến
䴒,䴒,líng,~linh
䴓,䴓,shī,~thi
䴖,䴖,jīng,~kinh
䳶,䳶,xī,~khê
䳷,䳷,cóng,~tùng
䳹,䳹,kòu,~khấu
䳺,䳺,yàn,~yến
䳿,䳿,rán,~nhiên
䴁,䴁,yù,~duật
䴃,䴃,náo,~nao
䴄,䴄,shùn,~thuấn
䳪,䳪,juàn,~quyến
䳫,䳫,kuí,~quỳ
䳬,䳬,è,~ngạc
䳮,䳮,mò,~mạch
䳯,䳯,chóng,~trùng
䳲,䳲,zhèn,~trẫm
䳴,䳴,tà,~đạp
䳵,䳵,chì,~xích
䳜,䳜,tú,~đồ
䳝,䳝,pǒu,~phủ
䳞,䳞,běng,~bổng
䳠,䳠,shuì,~thuế
䳣,䳣,yuán,~viên
䳦,䳦,xuān,~huyên
䳧,䳧,hóu,~hầu
䳩,䳩,yāo,~yêu
䵇,䵇,xiàn,~hãm
䵊,䵊,tuān,~thoan
䵋,䵋,wěi,~vĩ
䵌,䵌,xiān,~tiêm
䵎,䵎,tuān,~thoan
䵏,䵏,lǎo,~lỗ
䵐,䵐,chǎn,~sản
䵓,䵓,lí,~lê
䴻,䴻,lí,~li
䴼,䴼,chàn,~sám
䴽,䴽,pí,~tì
䴾,䴾,cuó,~ta
䵁,䵁,qiàng,~sang
䵂,䵂,zhí,~chấp
䵃,䵃,kuàng,~khoảng
䵅,䵅,áo,~ngao
䴯,䴯,hū,~hốt
䴱,䴱,tuō,~thác
䴲,䴲,mò,~một
䴳,䴳,huá,~hoa
䴵,䴵,bǐng,~bỉnh
䴶,䴶,péng,~bong
䴷,䴷,hún,~hồn
䴺,䴺,bù,~bộ
䴗,䴗,jú,~quyết
䴙,䴙,pì,~tịch
䴚,䴚,gǎng,~cảng
䴝,䴝,chuài,~xuýt
䴦,䴦,yín,~ngân
䴫,䴫,líng,~linh
䴬,䴬,yì,~dịch
䴮,䴮,shàn,~thiện
䵼,䵼,shāng,~thương
䵽,䵽,cà,~sát
䶀,䶀,tà,~đạp
䶁,䶁,tà,~đạp
䶂,䶂,zhuó,~chước
䶅,䶅,hé,~hà
䶆,䶆,zhuī,~duì
䶇,䶇,zhòu,~trụ
䵰,䵰,shāng,~thương
䵱,䵱,xì,~khích
䵲,䵲,qiāo,~thiêu
䵳,䵳,wèi,~uý
䵴,䵴,yìng,~ánh
䵵,䵵,chuā,~sái
䵹,䵹,zhī,~tri
䵻,䵻,gǔ,~cổ
䵟,䵟,gǎn,~cảm
䵡,䵡,jiǎn,~ghém
䵣,䵣,dá,~đác
䵤,䵤,jiǎn,~ghém
䵦,䵦,xiè,~tiết
䵫,䵫,xūn,~huân
䵭,䵭,zhè,~chá
䵮,䵮,yàng,~dạng
䵖,䵖,qiàn,~khiếm
䵗,䵗,bó,~bác
䵘,䵘,shài,~sái
䵙,䵙,zhā,~tra
䵛,䵛,qiàn,~khiếm
䵜,䵜,nǒng,~nùng
䵝,䵝,yì,~dặc
䵞,䵞,jìng,~kính
丒,丒,chǒu,~sửu
业,业,yè,~diệp
丛,丛,cóng,~tùng
丝,丝,sī,~tư
丠,丠,qiū,~khâu
严,严,yán,~diêm
丬,丬,qiáng,~tường
为,为,wèi,~vay
䶨,䶨,zhān,~chiên
䶩,䶩,jì,~kế
䶪,䶪,chà,~sá
䶫,䶫,yàn,~diễm
䶮,䶮,yǎn,~yểm
䶲,䶲,nán,~nam
䶳,䶳,yuè,~dược
䶵,䶵,chí,~trì
䶚,䶚,qǔ,~củ
䶜,䶜,gǔ,~cổ
䶝,䶝,qià,~kháp
䶡,䶡,shí,~thực
䶣,䶣,ái,~ngai
䶤,䶤,huá,~hoa
䶥,䶥,zhā,~tra
䶦,䶦,zé,~trách
䶋,䶋,xī,~hi
䶎,䶎,hē,~ha
䶐,䶐,wài,~ngoại
䶒,䶒,qí,~tày
䶓,䶓,jì,~tễ
䶔,䶔,chí,~trì
䶖,䶖,jìn,~tấn
䶘,䶘,lì,~cách
伜,伜,cuì,~thối
伞,伞,sǎn,~tàn
传,传,chuán,~truyền
伣,伣,qiàn,~khiếm
伤,伤,shāng,~thương
伥,伥,chāng,~trành
伪,伪,wěi,~vĩ
伭,伭,xián,~huyền
仅,仅,jǐn,~cận
仪,仪,yí,~nghi
仭,仭,rèn,~nhậm
仸,仸,yǎo,~yểu
仾,仾,dī,~đây
众,众,zhòng,~chổng
优,优,yōu,~ưu
伛,伛,yǔ,~ủ
乿,乿,zhì,~trĩ
亃,亃,lǐn,~lẫm
争,争,zhēng,~giành
亏,亏,kuī,~khuy
亐,亐,yú,~vu
亗,亗,suì,~tuế
亲,亲,qīn,~thân
亸,亸,duǒ,~đoá
举,举,jǔ,~cử
义,义,yì,~dị
乣,乣,jiǔ,~cửu
书,书,shū,~thư
乨,乨,shǐ,~thỉ
乵,乵,yǎn,~yểm
乶,乶,fǔ,~phủ
乸,乸,nǎ,~ná
偖,偖,chě,~xả
偬,偬,zǒng,~tổng
偱,偱,xún,~tuân
偻,偻,lóu,~lũ
傁,傁,sǒu,~tẩu
傥,傥,tǎng,~thẳng
傧,傧,bīn,~tấn
傩,傩,nuó,~na
俣,俣,yǔ,~ủ
俤,俤,dì,~đệ
俦,俦,chóu,~cừu
俨,俨,yǎn,~ễnh
倴,倴,bèn,~bôn
偄,偄,ruǎn,~nhuyễn
偊,偊,yǔ,~ủ
偒,偒,tǎng,~thẳng
侦,侦,zhēn,~trinh
侩,侩,kuài,~cúi
侫,侫,nìng,~nịnh
侬,侬,nóng,~nùng
侭,侭,jǐn,~cận
侴,侴,chǒu,~thiễu
俈,俈,kù,~khốc
俙,俙,xī,~hy
伷,伷,zhòu,~sậu
伹,伹,qū,~khư
佱,佱,fǎ,~pháp
侎,侎,mǐ,~mị
侠,侠,xiá,~hiệp
侢,侢,dài,~đại
侣,侣,lǚ,~lứa
侥,侥,jiǎo,~nghẹo
冨,冨,fù,~phụ
冮,冮,gāng,~cương
净,净,jìng,~tịnh
凃,凃,tú,~đồ
凖,凖,zhǔn,~chốn
凞,凞,xī,~hy
凣,凣,fán,~phàm
凤,凤,fèng,~phượng
兹,兹,zī,~tư
养,养,yǎng,~dưỡng
兾,兾,jì,~kí
冁,冁,chǎn,~siển
冈,冈,gāng,~cương
农,农,nóng,~nùng
冝,冝,yí,~di
冧,冧,lín,~lân
兖,兖,yǎn,~duyện
兘,兘,shǐ,~thỉ
兝,兝,fēn,~phân
兡,兡,bǎi,~bách
兣,兣,lǐ,~lễ
兯,兯,han,~triết
兰,兰,lán,~lan
兴,兴,xìng,~tính
傫,傫,lěi,~lỗi
僈,僈,mán,~man
僛,僛,qī,~khi
僜,僜,chēng,~xưng
僡,僡,huì,~hội
儚,儚,méng,~mông
儦,儦,biāo,~tiêu
儶,儶,huì,~hội
勚,勚,yì,~duệ
勼,勼,jiū,~cưu
勽,勽,bào,~bạo
匀,匀,yún,~vân
匁,匁,wén,~văn
匘,匘,nǎo,~não
匦,匦,guǐ,~quỹ
区,区,qū,~khu
劝,劝,quàn,~khuyến
办,办,bàn,~bạn
务,务,wù,~vụ
劤,劤,jìn,~cứng
动,动,dòng,~động
劲,劲,jìn,~cứng
劳,劳,láo,~lao
勋,勋,xūn,~huân
刽,刽,guì,~quái
刿,刿,guì,~quái
剂,剂,jì,~tễ
剨,剨,huō,~hoát
剾,剾,kōu,~khu
劁,劁,qiāo,~khao
劗,劗,jiǎn,~tiện
劚,㔉,zhǔ,~chúc
凩,凩,mù,~mục
凪,凪,zhǐ,~chỉ
击,击,jī,~kích
刋,刋,qiàn,~khiếm
刍,刍,chú,~sồ
刚,刚,gāng,~cương
刞,刞,qù,~khứ
刹,刹,shā,~sát
呛,呛,qiāng,~sang
咓,咓,wǎ,~ngoã
咙,咙,lóng,~lùng
咛,咛,níng,~ninh
咝,咝,sī,~ti
咴,咴,huī,~vay
哐,哐,kuāng,~khuông
哑,哑,yǎ,~ách
吕,吕,lǚ,~lã
吗,吗,ma,~ma
吜,吜,chǒu,~nữu
呅,呅,méi,~môi
呒,呒,ḿ,~mô
呓,呓,yì,~nghệ
呔,呔,dāi,~ngốc
员,员,yuán,~viên
厵,厵,yuán,~nguyên
厼,厼,ěr,~nhĩ
县,县,xiàn,~hiển
参,参,cān,~xam
叇,叇,dài,~đại
发,发,fā,~phát
叜,叜,sǒu,~tẩu
叽,叽,jī,~tức
协,协,xié,~hiếp
卢,卢,lú,~lô
卪,卪,jié,~tiết
卫,卫,wèi,~vệ
压,压,yā,~nha
厕,厕,cè,~xí
厢,厢,xiāng,~hương
厨,厨,chú,~trù
喾,喾,kù,~khốc
嗞,嗞,zī,~tư
嗫,嗫,niè,~chiếp
嗭,嗭,zhí,~thực
嗰,𠮶,gě,~cả
嗲,嗲,diǎ / diē,~đe
嘊,嘊,ái,~nhai
嘋,嘋,xiào,~khiếu
啯,啯,guō,~quắc
啲,啲,dī,~đây
啹,啹,jú,~cúc
喐,喐,yù,~dụ
喷,喷,pēn,~vồn
喸,喸,bǔ,~phô
喺,喺,xí,~tập
喼,喼,jiē,~dê
唠,唠,láo,~rao
唥,唥,lang,~lang
唽,唽,xī,~sáp
啈,啈,hēng,~hanh
啋,啋,cǎi,~thải
啬,啬,sè,~sắc
啭,啭,zhuàn,~chuyển
啮,啮,niè,~khiết
哓,哓,xiāo,~hiu
哕,哕,huì,~uế
哙,哙,kuài,~gọi
哚,哚,duǒ,~mỏ
哝,哝,nóng,~nũng
唂,唂,gū,~oa
唃,唃,gǔ,~quắt
唖,唖,yǎ,~ách
圧,圧,yā,~á
圴,圴,zhuó,~chước
圹,圹,kuàng,~khoảng
坆,坆,méi,~thi
坈,坈,rǒng,~giồng
坓,坓,jǐng,~cảnh
块,块,kuài,~khối
坜,坜,lì,~gạch
囨,囨,piān,~thiên
围,围,wéi,~vi
国,国,guó,~quốc
图,图,tú,~đồ
圆,圆,yuán,~viên
圎,圎,yuán,~viên
圗,圗,tú,~đồ
圦,圦,kuài,~khối
嚊,嚊,pì,~tịch
嚝,嚝,hōng,~họng
嚣,嚣,xiāo,~hiu
嚹,嚹,lá,~lạt
嚻,嚻,xiāo,~hiu
囃,囃,cà,~sát
囆,囆,chài,~sái
团,团,tuán,~đoàn
嘥,嘥,sāi,~tai
嘱,嘱,zhǔ,~chúc
噃,噃,fān,~phiên
噝,咝,sī,~ti
噣,噣,zhòu,~chú
噺,噺,xīn,~tân
噼,噼,pī,~phích
噽,噽,pǐ,~phỉ
塬,塬,yuán,~viên
塭,塭,wēn,~uân
墒,墒,shāng,~thương
墤,墤,kuài,~khối
墪,墪,dūn,~đôn
墱,墱,dèng,~đặng
壍,壍,qiàn,~tiệm
壡,壡,ruì,~duệ
埻,埻,zhǔn,~chốn
堈,堈,gāng,~cương
堐,堐,yá,~day
堑,堑,qiàn,~tiệm
堖,垴,nǎo,~não
堼,堼,hèng,~hạnh
塁,塁,lěi,~luỹ
塜,塜,zhǒng,~trủng
垒,垒,lěi,~luỹ
垦,垦,kěn,~khẩn
垴,垴,nǎo,~não
垸,垸,yuàn,~nguyện
垽,垽,yìn,~ấn
垿,垿,xù,~tự
埓,埓,liè,~liệt
埗,埗,bù,~phụ
坞,坞,wù,~ổ
坠,坠,zhuì,~truỵ
坮,坮,tái,~đài
坽,坽,líng,~linh
垈,垈,dài,~đại
垍,垍,jì,~ký
垎,垎,hè,~hác
垏,垏,lǜ,~luật
娙,𫰛,xíng,~hình
娱,娱,yú,~ngu
娵,娵,jū,~cư
婄,婄,pǒu,~phủ
婙,婙,jìng,~tinh
婳,婳,huà,~thoại
婾,婾,tōu,~thâu
媁,媁,wéi,~vi
妽,妽,shēn,~thần
姄,姄,mín,~mân
姌,姌,rǎn,~nhiễm
姩,姩,niàn,~niệm
姵,姵,pèi,~bí
姺,姺,shēn,~thần
娆,娆,ráo,~nhiêu
娇,娇,jiāo,~kiều
奫,奫,yūn,~uân
妆,妆,zhuāng,~trang
妈,妈,mā,~má
妚,妚,fǒu,~phẫu
妠,妠,nà,~na
妪,妪,yù,~ẩu
妫,妫,guī,~quy
妷,妷,zhí,~đẹt
夐,夐,xiòng,~quýnh
夒,夒,náo,~nao
夝,夝,qíng,~tạnh
夶,夶,bǐ,~bỉ
夼,夼,kuǎng,~khoảng
奀,奀,ēn,~ân
奞,奞,xùn,~tấn
奣,奣,wěng,~ổng
寽,寽,lǜ,~lục
尐,尐,jié,~tiệp
尜,尜,gá,~gắt
尧,尧,yáo,~diêu
尭,尭,yáo,~diêu
屡,屡,lǚ,~lũ
屶,屶,huì,~hội
屻,屻,rèn,~nhận
宻,宻,mì,~mật
宾,宾,bīn,~tân
寍,寍,níng,~trữ
寗,寗,níng,~trữ
寙,寙,yǔ,~vũ
寜,寜,níng,~trữ
寻,寻,xún,~tầm
导,导,dǎo,~đạo
嬦,嬦,chóu,~trù
嬫,嬫,róng,~vanh
嬷,嬷,mó,~mô
嬹,嬹,xìng,~tính
孙,孙,sūn,~tôn
宐,宐,yí,~di
宔,宔,zhǔ,~chủ
宩,宩,shǐ,~sử
媆,媆,ruǎn,~nhuyễn
媊,媊,qián,~kiềm
媤,媤,sī,~tư
媥,媥,piān,~thiên
媭,媭,xū,~tu
嫐,嫐,nǎo,~não
嫑,嫑,báo,~bạc
嫬,嫬,zhē,~già
嵘,嵘,róng,~vanh
嵚,嵚,qīn,~khâm
嵛,嵛,yú,~giủng
嵝,嵝,lǒu,~lũ
嵞,嵞,tú,~đồ
嵠,嵠,xī,~hi
嵡,嵡,wěng,~ổng
嵳,嵳,cuó,~tha
崂,崂,láo,~lao
崏,崏,mín,~mân
崕,崕,yá,~day
崪,崪,zú,~chót
崫,崫,kū,~quật
崭,崭,zhǎn,~chởm
崯,崯,yín,~dần
嵄,嵄,měi,~mĩ
岾,岾,hàn,~hãn
岿,岿,kuī,~vị
峀,峀,xiù,~tụ
峓,峓,yí,~nghi
峡,峡,xiá,~giáp
峣,峣,yáo,~nghèo
峥,峥,zhēng,~tranh
峹,峹,tú,~đồ
屾,屾,shēn,~sâm
屿,屿,yǔ,~tự
岁,岁,suì,~tuế
岂,岂,qǐ,~dĩ
岖,岖,qū,~khu
岗,岗,gǎng,~cương
岘,岘,xiàn,~hiện
岺,岺,líng,~linh
広,広,guǎng,~nghiễm
庉,庉,dùn,~nhọn
庐,庐,lú,~lư
庒,庒,zhuāng,~trang
库,库,kù,~kho
废,废,fèi,~phế
庱,庱,chěng,~sính
庴,庴,jí,~tịch
帱,帱,chóu,~trù
帻,帻,zé,~trách
帼,帼,guó,~quắc
幓,㡎,shān,~sam
幤,幤,bì,~giẻ
幭,幭,miè,~miệt
幯,幯,jié,~tiệp
幱,幱,lán,~lan
币,币,bì,~giẻ
帅,帅,shuài,~soái
师,师,shī,~sư
帎,帎,dàn,~đạm
帏,帏,wéi,~duy
帜,帜,zhì,~xí
带,带,dài,~đai
帮,帮,bāng,~bang
嵴,嵴,jǐ,~kỉ
嵶,嵶,ruò,~nhược
嵽,𫶇,dié,~điệp
嶃,嶃,zhǎn,~chởm
嶎,嶎,yù,~dục
巚,巚,yǎn,~nghiễn
巤,巤,liè,~liệt
巺,巺,xùn,~rốn
怸,怸,xī,~tiếc
总,总,zǒng,~tổng
怼,怼,duì,~đỗi
怾,怾,zhǐ,~chỉ
恀,恀,shì,~thị
恊,恊,xié,~hiếp
恘,恘,qiū,~thu
恞,恞,yí,~di
忛,忛,fān,~phiên
忟,忟,wěn,~ùn
忧,忧,yōu,~ưu
忬,忬,yù,~rủ
忰,忰,cuì,~xót
忾,忾,kài,~khế
怅,怅,chàng,~trướng
怌,怌,pēi,~phôi
彚,彚,huì,~tuệ
彜,彜,yí,~di
彝,彝,yí,~di
彦,彦,yàn,~ngạn
彨,彨,chī,~si
徛,徛,jì,~kị
徻,徻,huì,~uế
忀,忀,xiāng,~hương
廃,廃,fèi,~phế
廤,廤,kù,~kho
弃,弃,qì,~khí
弉,弉,zàng,~táng
弐,弐,èr,~nhị
弹,弹,dàn,~đàn
彂,彂,fā,~phát
归,归,guī,~quy
慭,慭,yìn,~ngận
憓,憓,huì,~tuệ
憘,憘,xǐ,~hí
憦,憦,lào,~lạo
憵,憵,pī,~phích
懛,懛,dāi,~ngốc
懴,懴,chàn,~sám
懻,懻,jì,~kị
愃,愃,xuān,~huyên
愞,愞,nuò,~nhụa
愡,愡,zǒng,~tổng
愦,愦,kuì,~quý
愪,愪,yún,~vân
愰,愰,huàng,~hoảng
愻,愻,xùn,~tấn
慑,慑,shè,~nhiếp
悭,悭,qiān,~khiền
惖,惖,tì,~thích
惗,惗,niè,~nghiệt
惣,惣,zǒng,~tổng
惩,惩,chéng,~trừng
惬,惬,qiè,~khiếp
惮,惮,dàn,~dạn
惽,惽,mǐn,~mẫn
恳,恳,kěn,~khấn
恵,恵,huì,~tuệ
恸,恸,tòng,~đỏng
恼,恼,nǎo,~não
恽,恽,yùn,~uấn
悦,悦,yuè,~dột
悩,悩,nǎo,~não
悬,悬,xuán,~huyền
拣,拣,jiǎn,~gióng
拦,拦,lán,~dan
拧,拧,níng,~ninh
拨,拨,bō,~vá
择,择,zé,~trạch
挊,挊,nòng,~lỏng
挔,挔,lǚ,~trã
挘,挘,liě,~tiểu
抍,抍,zhěng,~chửng
抚,抚,fǔ,~vỗ
抟,抟,tuán,~đoàn
抠,抠,kōu,~khua
报,报,bào,~bão
抦,抦,bǐng,~bỉnh
拟,拟,nǐ,~nghĩ
拡,拡,kuò,~quẳng
戦,戦,zhàn,~chiến
戬,戬,jiǎn,~tiển
戻,戻,tì,~thế
扅,扅,yí,~di
扩,扩,kuò,~quẳng
扰,扰,rǎo,~nhiễu
扵,扵,yú,~du
抅,抅,jū,~câu
戋,戋,jiān,~tiên
戏,戏,xì,~hí
戗,戗,qiāng,~tường
战,战,zhàn,~chiến
戙,戙,dòng,~động
戜,戜,dié,~điệp
戝,戝,zéi,~tặc
戠,戠,zhī,~chi
揓,揓,shì,~rị
揼,揼,beng,~đạm
搀,搀,chān,~sọm
搁,搁,gē,~gác
搃,搃,zǒng,~tổng
摂,摂,shè,~nhép
摃,摃,káng,~giăng
摄,摄,shè,~nhép
掭,掭,tiàn,~thiến
掲,掲,jiē,~yết
掷,掷,zhì,~chí
掸,掸,dǎn,~đùm
掹,掹,meng,~manh
掺,掺,chān,~sọm
掻,掻,sāo,~trao
揈,揈,hōng,~huênh
捜,捜,sōu,~sưu
损,损,sǔn,~tốn
捡,捡,jiǎn,~kiểm
捬,捬,fǔ,~vỗ
捹,捹,bèn,~bôn
掆,㧏,gāng,~cương
掟,掟,zhěng,~chỉnh
掦,掦,tì,~thế
挙,挙,jǔ,~cử
挝,挝,wō,~qua
挟,挟,xié,~huề
挣,挣,zhēng,~rinh
挤,挤,jǐ,~tễ
挦,挦,xián,~triêm
捔,捔,jué,~quặc
捙,捙,yè,~áp
斍,斍,jué,~quyết
斓,斓,lán,~lan
斔,斔,yǔ,~dữu
斢,斢,tiǎo,~điệu
斩,斩,zhǎn,~trảm
斶,斶,chù,~súc
旀,旀,mèi,~mị
旍,旍,jīng,~tinh
攒,攒,zǎn,~toàn
敄,敄,wù,~vụ
敋,敋,gé,~cách
敛,敛,liǎn,~liễm
敠,敠,duō,~xuyết
敡,敡,yì,~dịch
敧,敧,jī,~cơ
敳,敳,ái,~ngai
撍,撍,zǎn,~toàn
撷,撷,xié,~huề
撺,撺,cuān,~thoán
擏,擏,qíng,~kình
擙,擙,ào,~húc
擝,擝,mēng,~manh
擞,擞,sǒu,~tẩu
擳,擳,zhì,~chí
摅,摅,shū,~lựa
摆,摆,bǎi,~bẫy
摇,摇,yáo,~gieo
摈,摈,bìn,~bấn
摐,摐,chuāng,~song
摚,摚,chēng,~xênh
摣,摣,zhā,~trát
摿,摿,yáo,~gieo
曭,曭,tǎng,~thẳng
曱,曱,yuē,~hoạch
曶,曶,hū,~hốt
曻,曻,shēng,~sanh
朊,朊,ruǎn,~nhuyễn
朘,朘,zuī,~chuối
杤,杤,wàn,~vạn
杬,杬,yuán,~duyên
暒,暒,qíng,~tạnh
暕,暕,jiǎn,~giản
暡,暡,wěng,~ổng
暼,暼,piē,~phiết
曅,曅,yè,~diệp
曐,曐,xīng,~tinh
曓,曓,bào,~bạo
曘,曘,rú,~như
昽,昽,lóng,~lông
显,显,xiǎn,~tiển
昿,昿,kuàng,~khoảng
晑,晑,xiǎng,~hướng
晔,晔,yè,~diệp
晕,晕,yūn,~vừng
晹,晹,yì,~ế
晿,晿,chāng,~xương
旕,旕,yú,~dư
旘,旘,zhì,~xí
旜,旜,zhān,~chiên
旷,旷,kuàng,~khoảng
昤,昤,líng,~linh
昲,昲,fèi,~phí
昷,昷,wēn,~uân
昼,昼,zhòu,~trú
栊,栊,lóng,~trồng
栋,栋,dòng,~chống
栌,栌,lú,~lô
栏,栏,lán,~lườn
栫,栫,jiàn,~hãm
栿,栿,fú,~phù
桟,桟,zhàn,~sàn
桢,桢,zhēn,~trính
柦,柦,dàn,~dom
柽,柽,chēng,~sanh
栀,栀,zhī,~chi
栁,栁,liǔ,~liễu
栂,栂,méi,~mai
标,标,biāo,~bêu
栈,栈,zhàn,~sàn
栉,栉,zhì,~trất
枧,枧,jiǎn,~ghém
枨,枨,chéng,~trường
枩,枩,sōng,~tùng
枪,枪,qiāng,~thương
枬,枬,zhān,~chiên
枭,枭,xiāo,~kiêu
枼,枼,yè,~nghiệp
柠,柠,níng,~nịnh
杮,杮,fèi,~phí
杴,杴,xiān,~sim
杽,杽,chǒu,~nữu
枞,枞,cōng,~tung
枠,枠,huà,~hoa
枡,枡,shēng,~sanh
枢,枢,shū,~xu
枣,枣,zǎo,~táo
楕,楕,tuǒ,~thỏa
楻,楻,huáng,~hoàng
榃,榃,tán,~đàm
榈,榈,lǘ,~lư
榉,榉,jǔ,~cử
槛,槛,kǎn,~hạm
槜,槜,zuì,~tuy
槟,槟,bīn,~tân
棩,棩,yuān,~uyên
棪,棪,yǎn,~yểm
検,検,jiǎn,~ghém
椝,椝,guī,~quy
椠,椠,qiàn,~tạm
椭,椭,tuǒ,~thỏa
椺,椺,xí,~hịch
楋,楋,là,~lạt
梻,梻,fó,~phật
梼,梼,táo,~đào
梿,梿,lián,~liên
检,检,jiǎn,~ghém
棡,㭎,gāng,~cương
棢,棢,wǎng,~uổng
棤,棤,cuò,~thó
棥,棥,fán,~phàn
桧,桧,guì,~cối
桩,桩,zhuāng,~trang
桪,桪,xún,~giầm
梄,梄,yǒu,~dửu
梍,梍,zào,~tạo
梘,枧,jiǎn,~ghém
梥,梥,sōng,~tùng
梸,梸,lí,~lê
欕,欕,yán,~diêm
欤,欤,yú,~du
欻,欻,xū / hū,~phất
欼,欼,chǐ,~sỉ
歨,歨,bù,~bộ
殁,殁,mò,~một
殇,殇,shāng,~thương
殒,殒,yǔn,~vẫn
櫅,櫅,jī,~cơ
櫠,櫠,fèi,~phí
櫶,櫶,xiǎn,~tiển
櫹,櫹,xiāo,~tiêu
櫼,櫼,jiān,~kiên
櫾,櫾,yóu,~giùa
欀,欀,xiāng,~hương
欅,榉,jǔ,~cử
橓,橓,shùn,~thuấn
橔,橔,dūn,~đôn
橥,橥,zhū,~trư
橵,橵,san,~thị
橼,橼,yuán,~duyên
檖,檖,suì,~toại
檛,檛,zhuā,~qua
檫,檫,chá,~xay
槠,槠,zhū,~trư
槪,槪,gài,~cái
樏,樏,lěi,~lũy
樒,樒,mì,~mịch
樕,樕,sù,~túc
樢,㭤,niǎo,~điểu
橆,橆,wǔ,~vũ
橒,橒,yún,~vân
泈,泈,zhōng,~chung
泞,泞,nìng,~nính
泷,泷,lóng,~sông
泸,泸,lú,~lư
泽,泽,zé,~trách
洤,洤,quán,~tuyền
浃,浃,jiā,~tiếp
浅,浅,qiǎn,~thiển
汷,汷,zhōng,~chung
沊,沊,dàn,~đạm
沘,沘,bǐ,~bỉ
沟,沟,gōu,~câu
没,没,méi,~mốt
沢,沢,zé,~trách
沩,沩,wéi,~quy
沷,沷,fā,~phát
毪,毪,mú,~mao
毴,毴,bī,~bi
毵,毵,sān,~tam
氢,氢,qīng,~khinh
氲,氲,yūn,~uân
氶,氶,zhěng,~chỉnh
汅,汅,miǎn,~miền
汇,汇,huì,~hối
殓,殓,liàn,~liệm
殡,殡,bìn,~tấn
殨,㱮,huì,~gói
毁,毁,huǐ,~huỷ
毂,毂,gǔ,~cổ
毑,毑,jiě,~giải
毙,毙,bì,~bí
毩,毩,jú,~cúc
渔,渔,yú,~ngư
渕,渕,yuān,~uyên
渹,渹,hōng,~huênh
湴,湴,bàn,~bạn
溁,溁,yíng,~huỳnh
溃,溃,kuì,~hói
溅,溅,jiàn,~tuồn
溆,溆,xù,~dơ
涠,涠,wéi,~vy
涢,涢,yún,~vân
淓,淓,fāng,~phương
淴,淴,hū,~hô
済,済,jì,~tể
渉,渉,shè,~nhiếp
渊,渊,yuān,~uyên
渓,渓,xī,~khe
浓,浓,nóng,~nống
浔,浔,xún,~tầm
浖,浖,liè,~liệt
涄,涄,pīng,~binh
涙,涙,lèi,~lệ
涛,涛,tāo,~thao
涝,涝,lào,~lạo
涟,涟,lián,~liêm
浇,浇,jiāo,~kiêu
浈,浈,zhēn,~trinh
浉,浉,shī,~sư
浊,浊,zhuó,~trọc
浍,浍,huì,~gội
济,济,jì,~tể
浑,浑,hún,~hồn
浒,浒,hǔ,~hử
澙,澙,xì,~tích
澜,澜,lán,~làn
澝,澝,nìng,~nính
澬,澬,zī,~truy
澷,澷,màn,~man
濉,濉,suī,~nổi
濒,濒,bīn,~tần
濙,濙,yíng,~huỳnh
潈,潈,zong,~tông
潍,潍,wéi,~vy
潖,潖,pá,~ba
潨,潨,cóng,~tùng
潴,潴,zhū,~chua
潿,涠,wéi,~vy
澃,澃,jiǒng,~quýnh
澑,澑,liù,~lựu
滺,滺,yōu,~ưu
滽,滽,yōng,~ung
漄,漄,yá,~rượi
漍,𬇹,guó,~quốc
漖,漖,jiào,~khiếu
漹,漹,yān,~yêm
潃,潃,xiǔ,~tưu
潆,潆,yíng,~huỳnh
溓,溓,lián,~liêm
滊,滊,xì,~tích
滠,滠,shè,~nhiếp
滢,滢,yíng,~huỳnh
滤,滤,lǜ,~lự
滥,滥,làn,~lạm
滨,滨,bīn,~tần
滪,滪,yù,~dự
焈,焈,xī,~hy
焘,焘,tāo,~thao
焟,焟,xī,~tắt
焫,焫,ruò,~nhược
焭,焭,qióng,~quỳnh
焴,焴,yù,~úc
焻,焻,chàng,~trướng
煋,煋,xīng,~tinh
炾,炾,huǎng,~hoảng
烃,烃,tīng,~thinh
烗,烗,kài,~khế
烚,烚,xiá,~hiệp
烦,烦,fán,~phần
烨,烨,yè,~diệp
烩,烩,huì,~quái
烫,烫,tàng,~năng
灭,灭,miè,~diệt
炉,炉,lú,~lò
炌,炌,kài,~khế
炏,炏,kài,~khế
炝,炝,qiàng,~sang
炠,炠,xiá,~hà
炲,炲,tái,~đài
炽,炽,chì,~xích
濚,溁,yíng,~huỳnh
濵,濵,bīn,~tần
瀄,瀄,zhì,~chí
瀔,瀔,gǔ,~cốc
瀵,瀵,fèn,~phẫn
瀸,瀸,jiān,~tiên
瀽,瀽,jiǎn,~trát
灢,灢,nǎng,~nện
狛,狛,bó,~bá
狞,狞,níng,~nanh
狭,狭,xiá,~hẹp
狮,狮,shī,~sư
狯,狯,kuài,~quái
狰,狰,zhēng,~tranh
狱,狱,yù,~ngục
狲,狲,sūn,~tôn
爖,爖,lóng,~lung
牄,牄,qiāng,~thương
牦,牦,máo,~mao
牶,牶,quàn,~khuyến
牺,牺,xī,~hy
状,状,zhuàng,~trạng
犷,犷,guǎng,~quánh
狈,狈,bèi,~bái
熉,熉,yún,~vân
熜,熜,cōng,~thông
熵,熵,shāng,~thương
熺,熺,xī,~hy
熻,熻,xī,~hy
燨,燨,xī,~hy
燽,燽,chóu,~trù
爔,爔,xī,~hy
煍,煍,jiǎo,~tiễu
煓,煓,tuān,~thoan
煟,煟,wèi,~vi
煣,煣,róu,~nhu
煰,煰,zào,~táo
煴,煴,yūn,~uân
熁,熁,xié,~hiếp
熈,熈,xī,~hy
珳,珳,wén,~văn
珶,珶,dì,~đích
珹,珹,chéng,~trình
珻,珻,méi,~mi
琄,琄,xuàn,~huyễn
琍,琍,lí,~lê
琝,琝,mín,~mân
琼,琼,qióng,~quỳnh
珇,珇,zǔ,~trở
珋,珋,liǔ,~lữu
珏,珏,jué,~giác
珑,珑,lóng,~lung
珒,珒,jīn,~tân
珛,珛,xiù,~tú
珝,珝,xǔ,~hủ
珲,珲,hún,~hồn
獭,獭,tǎ,~tháp
獹,獹,lú,~lô
玑,玑,jī,~ki
玘,玘,qǐ,~khỉ
玙,玙,yú,~du
玢,玢,bīn,~tân
现,现,xiàn,~hiện
玱,玱,qiāng,~thương
狳,狳,yú,~dữ
猄,猄,jīng,~kinh
猎,猎,liè,~liệp
猔,猔,zòng,~tung
猬,猬,wèi,~vệ
猰,猰,yà,~á
猹,猹,chá,~tra
獙,獙,bì,~tệ
疖,疖,jiē,~giai
疟,疟,nüè,~ngược
疭,疭,zòng,~túng
痖,痖,yǎ,~á
痨,痨,láo,~lao
痫,痫,xián,~giản
痭,痭,bēng,~banh
瘇,瘇,zhǒng,~thũng
甮,甮,fèng,~phượng
甴,甴,zhá,~trát
畁,畁,bì,~tất
畅,畅,chàng,~trướng
畐,畐,fú,~phục
畓,畓,duō,~xuyết
畴,畴,chóu,~trù
疍,疍,dàn,~dạn
璮,璮,tǎn,~đán
璯,㻅,huì,~hội
瓰,瓰,fēn,~phân
瓵,瓵,yí,~di
瓸,瓸,bǎi,~bách
瓼,瓼,lǐ,~lý
甂,甂,biān,~biên
甤,甤,ruí,~nhuy
瑌,瑌,ruǎn,~nhuyễn
瑏,瑏,chuān,~xuyên
瑒,玚,chàng,~trướng
瑔,瑔,quán,~quyền
瑧,瑧,zhēn,~trân
瑶,瑶,yáo,~diêu
瑸,瑸,bīn,~tân
璝,璝,guī,~côi
睧,睧,hūn,~hôn
睯,睯,hūn,~hôn
瞆,瞆,kuì,~quỹ
瞓,瞓,fèn,~phẫn
瞩,瞩,zhǔ,~chúc
矨,矨,yǐng,~sến
矶,矶,jī,~ki
矾,矾,fán,~phàn
眍,眍,kōu,~khu
眬,眬,lóng,~lung
眰,眰,diè,~địa
眲,眲,nè,~nọi
睁,睁,zhēng,~tĩnh
睐,睐,lài,~lãi
睑,睑,jiǎn,~lim
睗,睗,shì,~thị
皱,皱,zhòu,~trứu
皶,皶,zhā,~cha
盏,盏,zhǎn,~chén
盐,盐,yán,~diêm
盙,盙,fǔ,~phủ
盵,盵,qì,~thế
眆,眆,fǎng,~phỏng
県,県,xiàn,~hiển
瘘,瘘,lòu,~lũ
癨,癨,huò,~hoắc
癪,癪,jī,~tích
皌,皌,mò,~một
皑,皑,ái,~ngai
皘,皘,qiàn,~khiếm
皝,皝,huàng,~quang
皨,皨,xīng,~tinh
碨,碨,wèi,~uý
磇,磇,pī,~tì
磎,磎,xī,~tây
磒,磒,yǔn,~vẫn
磖,磖,lá,~lạt
磜,磜,qì,~khế
磢,磢,chuǎng,~sấm
磭,磭,chuò,~xước
硙,硙,wèi,~uý
硟,硟,chàn,~sám
硷,硷,jiǎn,~thiêm
硸,硸,nüè,~ngược
硻,硻,kēng,~khanh
碈,碈,hūn / mín,~mân
碛,碛,qì,~thích
碝,碝,ruǎn,~nhuyễn
砬,砬,lá,~lạt
砯,砯,pīng,~binh
砻,砻,lóng,~lung
硁,硁,kēng,~khanh
硉,硉,lù,~lục
硑,硑,pēng,~phanh
硖,硖,xiá,~hà
硗,硗,qiāo,~khao
砇,砇,mín,~mân
砐,砐,è,~ngạc
砕,砕,suì,~toái
砘,砘,dùn,~nhọn
砚,砚,yàn,~nghẽn
砞,砞,mò,~một
砟,砟,zhǎ,~trả
砫,砫,zhù,~chú
窜,窜,cuàn,~thoán
窥,窥,kuī,~khuy
竔,竔,shēng,~thăng
竕,竕,fēn,~phân
竞,竞,jìng,~cạnh
竡,竡,bǎi,~bách
竰,竰,lí,~li
竼,竼,péng,~bong
稲,稲,dào,~đạo
穂,穂,suì,~tuệ
穑,穑,sè,~sắc
穞,穞,lǚ,~lúa
穪,穪,chēng,~xưng
穯,穯,sè,~sắc
窂,窂,láo,~lao
窉,窉,bǐng,~bỉnh
秐,秐,yún,~vân
秚,秚,bàn,~bận
秪,秪,zhī,~kì
积,积,jī,~tích
秽,秽,huì,~uế
秾,秾,nóng,~nùng
稘,稘,jī,~tích
稣,稣,sū,~tô
礗,礗,pīn,~phanh
礲,礲,lóng,~lung
礳,礳,mò,~mạch
礵,礵,shuāng,~sương
祯,祯,zhēn,~trinh
禝,禝,jì,~tế
秇,秇,yì,~nghệ
种,种,zhǒng,~chõng
簔,簔,suō,~thoa
簛,簛,shāi,~rây
簵,簵,lù,~lục
籞,籞,yù,~vực
籫,籫,zuǎn,~toản
籵,籵,fán,~phiền
类,类,lèi,~lệ
粂,粂,zhāi,~trai
箷,箷,yí,~di
篅,篅,chuán,~chuyên
篓,篓,lǒu,~lâu
篜,篜,zhēng,~tranh
篟,篟,qiàn,~khiếm
篭,篭,lóng,~lồng
篯,篯,jiān,~tiêm
篱,篱,lí,~lê
筝,筝,zhēng,~tranh
筬,筬,chéng,~thành
筹,筹,chóu,~trù
筺,筺,kuāng,~khuông
筼,筼,yún,~vân
简,简,jiǎn,~giản
箢,箢,yuān,~uyên
箧,箧,qiè,~khiếp
笎,笎,yuán,~viên
笕,笕,jiǎn,~giản
笴,笴,gǎn,~cảm
笺,笺,jiān,~tiêm
笼,笼,lóng,~lồng
筎,筎,rú,~như
筕,筕,háng,~hàng
筛,筛,shāi,~rây
縍,縍,bāng,~bang
縒,縒,cī,~tỳ
縓,縓,quán,~quyền
繀,繀,suì,~huệ
繂,繂,lǜ,~lục
繑,繑,qiāo,~nghều
繤,繤,zuǎn,~toản
繴,繴,bì,~bích
緃,緃,zōng,~tông
緛,緛,ruǎn,~nhuyễn
緵,緵,zōng,~tông
縁,縁,yuán,~duyên
縂,縂,zǒng,~tổng
縃,縃,xū,~nhu
縄,縄,shéng,~thằng
縇,縇,xuān,~huyên
紧,紧,jǐn,~khẩn
絘,絘,cì,~thứ
絥,絥,fú,~phất
絵,絵,huì,~gói
絽,絽,lǚ,~lụa
綄,𬘫,huán,~hoán
綐,䌼,duì,~đỗi
綞,缍,duǒ,~đoá
粚,粚,chī,~si
粜,粜,tiào,~thiếu
粤,粤,yuè,~việt
粨,粨,bǎi,~bách
粪,粪,fèn,~phân
糎,糎,lí,~li
糓,糓,gǔ,~cổ
糭,糭,zòng,~tống
终,终,zhōng,~chung
绉,绉,zhòu,~sô
绊,绊,bàn,~bận
绋,绋,fú,~phất
绌,绌,chù,~truất
绍,绍,shào,~thiệu
绐,绐,dài,~đãi
绒,绒,róng,~nhung
纺,纺,fǎng,~vưởng
纾,纾,shū,~thư
线,线,xiàn,~tuyến
绀,绀,gàn,~cám
绂,绂,fú,~phất
组,组,zǔ,~tổ
绅,绅,shēn,~thang
织,织,zhī,~chức
纫,纫,rèn,~nhâm
纭,纭,yún,~vân
纰,纰,pī,~bì
纲,纲,gāng,~cương
纳,纳,nà,~nạp
纵,纵,zòng,~tung
纷,纷,fēn,~phân
纹,纹,wén,~văn
纉,纉,zuǎn,~toản
纠,纠,jiū,~củ
纡,纡,yū,~u
纣,纣,zhòu,~trụ
纥,纥,hé,~hột
级,级,jí,~cấp
纨,纨,wán,~hoàn
纩,纩,kuàng,~quang
绽,绽,zhàn,~triển
缀,缀,zhuì,~chuế
缁,缁,zī,~truy
缃,缃,xiāng,~tương
缅,缅,miǎn,~miễn
缆,缆,lǎn,~lãm
缉,缉,jī,~tập
缋,缋,huì,~gói
绳,绳,shéng,~thằng
维,维,wéi,~duy
绷,绷,bēng,~banh
绸,绸,chóu,~trù
绹,绹,táo,~đào
绺,绺,liǔ,~lữu
绻,绻,quǎn,~cuộn
综,综,zōng,~tông
绤,绤,xì,~khích
绥,绥,suí,~tùy
绩,绩,jì,~kế
绪,绪,xù,~tự
绫,绫,líng,~trăng
续,续,xù,~tục
绮,绮,qǐ,~khánh
绰,绰,chuò,~xước
结,结,jié,~kết
绔,绔,kù,~khố
绖,绖,dié,~điệt
绘,绘,huì,~gói
给,给,gěi,~cấp
绚,绚,xuàn,~huyến
绝,绝,jué,~tuyệt
绠,绠,gěng,~cảnh
罀,罀,zhao,~thiệu
罁,罁,gāng,~cong
罉,罉,chēng,~xưng
罓,罓,gāng,~cương
罖,罖,luó,~la
罚,罚,fá,~phạt
罴,罴,pí,~bi
羁,羁,jī,~ky
缫,缫,sāo,~sào
缬,缬,xié,~hiệt
缯,缯,zēng,~tăng
缱,缱,qiǎn,~khín
缲,缲,qiāo,~khao
缵,缵,zuǎn,~toản
缹,缹,fǒu,~phẫu
缻,缻,fǒu,~phẫu
缗,缗,mín,~mân
缘,缘,yuán,~duyên
缛,缛,rù,~nhọc
缞,缞,cuī,~thôi
缡,缡,lí,~lưới
缤,缤,bīn,~tân
缦,缦,màn,~man
缧,缧,léi,~luy
缌,缌,sī,~mịch
缍,缍,duǒ,~đoá
缏,缏,biàn,~biền
缐,缐,xiàn,~tuyến
缑,缑,gōu,~câu
缒,缒,zhuì,~chuế
缕,缕,lǚ,~lụa
编,编,biān,~biên
肟,肟,wò,~óc
肨,肨,pàng,~bỡn
肶,肶,pí,~tì
肿,肿,zhǒng,~thũng
胁,胁,xié,~hiếp
胧,胧,lóng,~lung
胪,胪,lú,~lư
胮,胮,pāng,~bàng
职,职,zhí,~chắc
聍,聍,níng,~ninh
聎,聎,tiāo,~vẹo
聝,聝,guó,~quốc
聢,聢,dìng,~đính
聩,聩,kuì,~hội
聪,聪,cōng,~thông
肙,肙,yuàn,~nguyện
耢,耢,lào,~lạo
耥,耥,tāng,~thang
耭,耭,jī,~cơ
耱,耱,mò,~mạch
耴,耴,yì,~dịch
耺,耺,yún,~vân
聂,聂,niè,~niếp
聋,聋,lóng,~lung
羘,羘,zāng,~tang
羧,羧,suō,~thoa
羫,羫,qiāng,~khương
翆,翆,cuì,~thuý
翖,翖,xī,~hấp
翙,翙,huì,~hối
翪,翪,zōng,~tông
耉,耉,gǒu,~cẩu
舕,舕,tàn,~vẹm
舦,舦,tài,~thái
舮,舮,lú,~lô
舰,舰,jiàn,~hạm
舻,舻,lú,~lô
舾,舾,xī,~tây
艌,艌,niàn,~niệm
艔,艔,dào,~đạo
腼,腼,miǎn,~miễn
膍,膍,pí,~tì
膑,膑,bìn,~tẫn
膱,膱,zhí,~chắc
膶,膶,rùn,~nhuần
臜,臜,zā,~châm
臤,臤,qiān,~gian
舆,舆,yú,~du
脨,脨,cù,~xúc
脳,脳,nǎo,~não
脸,脸,liǎn,~kiểm
脺,脺,cuì,~thúy
腈,腈,jīng,~kinh
腉,腉,nái,~nai
腘,腘,guó,~quắc
腙,腙,zōng,~tông
胵,胵,chī,~si
脌,脌,nin,~niên
脍,脍,kuài,~gỏi
脏,脏,zàng,~tạng
脐,脐,qí,~tề
脑,脑,nǎo,~não
脓,脓,nóng,~nọng
脦,脦,de,~ngáy
荁,荁,huán,~hoàn
荛,荛,ráo,~nhiêu
荟,荟,huì,~cói
荣,荣,róng,~nhung
荤,荤,hūn,~hôn
荥,荥,xíng,~hình
荧,荧,yíng,~giềng
荨,荨,xún,~tuân
茊,茊,zī,~tư
茎,茎,jīng,~kinh
茏,茏,lóng,~lùng
茑,茑,niǎo,~điểu
茔,茔,yíng,~giềng
茕,茕,qióng,~cung
茧,茧,jiǎn,~giản
茩,茩,gòu,~cấu
苁,苁,cōng,~thông
苊,苊,è,~ngạc
苋,苋,xiàn,~hiện
苏,苏,sū,~to
苠,苠,mín,~mân
苢,苢,yǐ,~dĩ
苩,苩,bó,~bốc
苪,苪,bǐng,~bỉnh
艕,艕,bàng,~bàng
艜,艜,dài,~đái
艥,艥,jí,~tiếp
节,节,jié,~tiệp
芕,芕,suī,~tuy
芜,芜,wú,~ngô
芦,芦,lú,~lô
芶,芶,gǒu,~cẩu
葧,葧,bó,~bốc
葾,葾,yuān,~uyên
蒇,蒇,chǎn,~siển
蒈,蒈,kǎi,~khải
蓌,蓌,cuò,~tỏa
蓗,蓗,zǒng,~tổng
蓙,蓙,zuò,~tộ
蓚,蓚,tiáo,~điêu
营,营,yíng,~giềng
萦,萦,yíng,~giềng
萮,萮,yú,~du
葍,葍,fú,~phù
葎,葎,lǜ,~luật
葜,葜,qiā,~hạp
葢,葢,gài,~cái
葤,荮,zhòu,~trụ
莲,莲,lián,~rơm
莵,莵,tù,~tho
莸,莸,yóu,~du
莹,莹,yíng,~giềng
莻,莻,gòng,~cống
菥,菥,xī,~tích
萣,萣,dìng,~đính
萤,萤,yíng,~giềng
荩,荩,jìn,~tẫn
荪,荪,sūn,~tôn
荫,荫,yīn,~nhân
荮,荮,zhòu,~trụ
药,药,yào,~dược
莕,莕,xìng,~hành
莜,莜,yóu,~du
莭,莭,jié,~tiệp
藋,藋,diào,~điếu
藒,藒,qiè,~khiết
藙,藙,yì,~nghệ
藠,藠,jiào,~khiếu
蘥,蘥,yuè,~dược
蘨,蘨,yáo,~diêu
蘵,蘵,zhī,~chi
蘷,蘷,kuí,~quỳ
蕰,蕰,wēn,~uân
蕶,蕶,líng,~lăng
薁,薁,ào / yù,~úc
薗,薗,yuán,~viên
薠,薠,fán,~phiền
薫,薫,xūn,~huân
薮,薮,sǒu,~tẩu
薵,䓓,chóu,~trù
蔵,蔵,zāng,~tang
蔹,蔹,liǎn,~lém
蔺,蔺,lìn,~lận
蔿,𫇭,wěi,~vĩ
蕂,蕂,shèng,~thánh
蕔,蕔,bāo,~bao
蕗,蕗,lù,~lục
蕣,蕣,shùn,~thuấn
蓠,蓠,lí,~lê
蓣,蓣,yù,~nhựa
蓥,蓥,yíng,~giềng
蓨,蓨,tiáo,~điêu
蓫,蓫,chù,~xúc
蔃,蔃,qiáng,~tường
蔊,蔊,hǎn,~khản
蔧,蔧,huì,~cói
螆,螆,cì,~thứ
蟅,蟅,zhè,~chá
蟖,蟖,sī,~si
蟧,蟧,láo,~lao
衜,衜,dào,~đạo
衠,衠,zhūn,~truân
衦,衦,gǎn,~cảm
袅,袅,niǎo,~nẻo
蛴,蛴,qí,~kì
蛵,蛵,xīng,~tinh
蝇,蝇,yíng,~huỳnh
蝈,蝈,guō,~quắc
蝋,蝋,là,~trá
蝑,蝑,xū,~tu
蝾,蝾,róng,~dung
蝿,蝿,yíng,~huỳnh
蚽,蚽,pí,~tì
蛍,蛍,yíng,~huỳnh
蛏,蛏,chēng,~sanh
蛓,蛓,cì,~thứ
蛧,蛧,wǎng,~võng
蛰,蛰,zhé,~trập
蛲,蛲,náo,~nghêu
蛳,蛳,sī,~si
蘽,蘽,lěi,~lũy
虑,虑,lǜ,~lự
虥,虥,zhàn,~sàn
虽,虽,suī,~tuy
虿,虿,chài,~sái
蚃,蚃,xiǎng,~hưởng
蚒,蚒,tóng,~đồng
蚬,蚬,xiǎn,~hến
觊,觊,jì,~kí
觋,觋,xí,~hích
觍,觍,tiǎn,~điễn
觎,觎,yú,~du
觏,觏,gòu,~cấu
觑,觑,qù,~thứ
觞,觞,shāng,~thương
触,触,chù,~xúc
襕,襕,lán,~lam
襱,襱,lóng,~phán
襷,襷,jǔ,~cử
襽,襽,lán,~lam
覐,覐,jué,~giác
规,规,guī,~qui
觇,觇,chān,~siêm
觉,觉,jué,~giác
裣,裣,liǎn,~liễm
裤,裤,kù,~khố
裥,裥,jiǎn,~cán
裪,裪,táo,~đào
褀,褀,qí,~kì
褉,褉,xiè,~điệp
褛,褛,lǚ,~lũ
襀,𫌀,jī,~tích
袛,袛,dī,~đây
袮,袮,mí,~mi
袯,袯,bó,~bộc
袳,袳,chǐ,~sỉ
裃,裃,kǎ,~ca
裄,裄,xing,~hằng
装,装,zhuāng,~trang
裢,裢,lián,~liên
讫,讫,qì,~cật
训,训,xùn,~tấn
议,议,yì,~dịch
讯,讯,xùn,~tấn
记,记,jì,~kí
讱,讱,rèn,~nhận
许,许,xǔ,~hủ
论,论,lùn,~luận
譐,譐,zǔn,~tỗn
譒,譒,bò,~bách
譢,譢,suì,~tối
讛,讛,yì,~dịch
讠,讠,yán,~ngôn
讥,讥,jī,~ky
讦,讦,jié,~cật
讪,讪,shàn,~san
誧,誧,bū,~bô
誩,誩,jìng,~cạnh
誯,誯,chàng,~trướng
諁,諁,zhuó,~trác
諊,諊,jū,~cúc
諓,𬣡,jiàn,~gián
諚,諚,pián,~bền
謧,謧,lí,~li
訁,讠,yán,~ngôn
訡,訡,yín,~ngân
訽,訽,gòu,~cấu
詋,詋,zhòu,~thù
詟,詟,zhé,~trích
詤,詤,huǎng,~hoang
詪,𬣳,hěn,~ngận
誉,誉,yù,~dụ
诩,诩,xǔ,~hủ
诪,诪,zhōu,~sưu
诬,诬,wū,~vu
语,语,yǔ,~ngữ
诱,诱,yòu,~dụ
诳,诳,kuáng,~cuống
请,请,qǐng,~thỉnh
诸,诸,zhū,~chư
诟,诟,gòu,~cấu
诠,诠,quán,~thuyên
诡,诡,guǐ,~quỷ
询,询,xún,~tuân
诣,诣,yì,~dịch
诤,诤,zhèng,~chứng
诧,诧,chà,~sá
诨,诨,hùn,~ngộn
诔,诔,lěi,~lụy
试,试,shì,~thụy
诗,诗,shī,~thi
诘,诘,jié,~cật
诙,诙,huī,~khôi
诚,诚,chéng,~thành
诛,诛,zhū,~chư
诜,诜,shēn,~sân
访,访,fǎng,~phỏng
诅,诅,zǔ,~trớ
识,识,shí / shì,~thức
诈,诈,zhà,~trá
诌,诌,zhōu,~sưu
词,词,cí,~từ
诒,诒,yí,~di
诓,诓,kuāng,~cuống
谫,谫,jiǎn,~tiễn
谮,谮,zèn,~trấm
谯,谯,qiáo,~kiều
谰,谰,lán,~lan
谳,谳,yàn,~ngạn
谴,谴,qiǎn,~khiển
谵,谵,zhān,~chiêm
豅,豅,lóng,~lung
谟,谟,mó,~mô
谣,谣,yáo,~dao
谤,谤,bàng,~báng
谥,谥,shì,~thụy
谦,谦,qiān,~khiêm
谧,谧,mì,~mật
谨,谨,jǐn,~cẩn
谪,谪,zhé,~trích
谎,谎,huǎng,~hoang
谑,谑,xuè,~hước
谓,谓,wèi,~vị
谕,谕,yù,~dụ
谘,谘,zī,~ti
谚,谚,yàn,~ngạn
谝,谝,piǎn,~biền
谞,谞,xū,~hu
诹,诹,zōu,~tưu
诼,诼,zhuó,~trác
诿,诿,wěi,~ủy
谀,谀,yú,~hùa
调,调,diào,~điều
谆,谆,zhūn,~truân
谇,谇,suì,~tối
谊,谊,yì,~dịch
赍,赍,jī,~tê
赐,赐,cì,~tứ
赑,赑,bì,~bí
赒,赒,zhōu,~chu
赘,赘,zhuì,~chuế
赚,赚,zhuàn,~trám
赛,赛,sài,~tái
赟,赟,yūn,~uân
赀,赀,zī,~tư
赂,赂,lù,~lộ
赃,赃,zāng,~tang
资,资,zī,~tư
赆,赆,jìn,~tẫn
赈,赈,zhèn,~chẩn
赉,赉,lài,~lại
赋,赋,fù,~phụ
贞,贞,zhēn,~trinh
贠,贠,yuán,~viên
贤,贤,xián,~hiền
购,购,gòu,~cấu
贰,贰,èr,~nhị
贵,贵,guì,~quý
费,费,fèi,~phí
贻,贻,yí,~di
豘,豘,tún,~đồn
豼,豼,pí,~tì
貇,貇,kūn,~côn
貐,貐,yǔ,~ngữ
貣,貣,tè,~thắc
貮,貮,èr,~nhị
賔,賔,bīn,~tân
贝,贝,bèi,~buổi
蹰,蹰,chú,~trù
蹱,蹱,zhōng,~chung
蹿,蹿,cuān,~thoan
躏,躏,lìn,~lận
躙,躙,lìn,~lận
躛,躛,wèi,~vệ
躯,躯,qū,~xo
躹,躹,jú,~cúc
跻,跻,jī,~tích
跿,跿,tú,~dột
踌,踌,chóu,~trù
踜,踜,lèng,~lăng
踭,踭,zhēng,~giành
踯,踯,zhí,~chích
蹑,蹑,niè,~niếp
蹨,蹨,niǎn,~niễn
趱,趱,zǎn,~toản
趷,趷,kē,~dấu
跀,跀,yuè,~dược
跃,跃,yuè,~dược
跄,跄,qiàng,~sang
跔,跔,jū,~guốc
跙,跙,jù,~cựa
跷,跷,qiāo,~nghều
赢,赢,yíng,~doanh
赣,赣,gàn,~cống
赪,赪,chēng,~xanh
赵,赵,zhào,~triệu
赿,赿,chí,~trì
趌,趌,jí,~tiệp
趖,趖,suō,~thoa
趜,趜,jú,~cúc
轼,轼,shì,~thức
辀,辀,zhōu,~chu
辁,辁,quán,~thuyên
辂,辂,lù,~lộc
较,较,jiào,~giác
辄,辄,zhé,~triếp
辈,辈,bèi,~bối
辋,辋,wǎng,~võng
轫,轫,rèn,~nhận
转,转,zhuǎn,~chuyển
软,软,ruǎn,~nhuyễn
轰,轰,hōng,~huênh
轳,轳,lú,~lô
轴,轴,zhóu,~trục
轺,轺,yáo,~diêu
轻,轻,qīng,~khinh
軭,軭,kuāng,~khuông
軯,軯,pēng,~phanh
軰,軰,bèi,~bối
輏,輏,yóu,~du
輽,輽,bèn,~bỡn
轧,轧,yà,~yết
轨,轨,guǐ,~quẫy
轪,轪,dài,~đại
躽,躽,yǎn,~yển
躾,躾,měi,~mĩ
躿,躿,kāng,~khang
軄,軄,zhí,~chắc
軎,軎,wèi,~duệ
軑,轪,dài,~đại
軚,軚,dài,~đại
軣,軣,hōng,~huênh
逳,逳,yù,~duật
逷,逷,tì,~địch
遗,遗,yí,~di
遟,遟,chí,~trì
邎,邎,yáo,~diêu
邝,邝,kuàng,~quảng
邮,邮,yóu,~bưu
邹,邹,zōu,~châu
迟,迟,chí,~trì
迯,迯,táo,~đào
选,选,xuǎn,~tuyển
逊,逊,xùn,~tấn
递,递,dì,~đệ
逓,逓,dì,~đệ
逦,逦,lǐ,~lệ
逰,逰,yóu,~du
辖,辖,xiá,~hạt
辗,辗,zhǎn,~triển
込,込,yū,~vu
迊,迊,zā,~táp
运,运,yùn,~vận
迚,迚,dá,~đạt
违,违,wéi,~vi
连,连,lián,~liên
辍,辍,chuò,~xuyết
辎,辎,zī,~truy
辏,辏,còu,~thấu
辐,辐,fú,~phúc
辑,辑,jí,~tập
辒,辒,wēn,~uân
输,输,shū,~thâu
辕,辕,yuán,~viên
鋍,鋍,bó,~bác
鋑,鋑,cuān,~thoản
鋘,鋘,huá,~hoa
鋚,鋚,tiáo,~điêu
鋧,鋧,xiàn,~hiện
鋮,铖,chéng,~thành
鋶,锍,liǔ,~lữu
鋹,𬬮,chǎng,~sưởng
釿,𬬱,jīn,~kim
鈩,鈩,lú,~lô
鈪,鈪,è,~ngạc
鈳,钶,kē,~khoa
鉝,𫟷,lì,~cách
鉨,鉨,xǐ,~tiển
銒,銒,xíng,~hình
銵,銵,kēng,~keng
酾,酾,shī,~thi
釈,釈,shì,~thích
释,释,shì,~thích
釡,釡,fǔ,~phủ
釪,釪,huá,~hoa
釳,釳,xì,~ghét
釸,釸,xī,~thiếc
釽,釽,pì,~tịch
邺,邺,yè,~nghiệp
郄,郄,qiè,~khiếp
郌,郌,guī,~khuê
郐,郐,kuài,~cối
郓,郓,yùn,~vận
郧,郧,yún,~vân
鄿,鄿,jī,~cơ
酝,酝,yùn,~uấn
钋,钋,pō,~bát
钌,钌,liǎo,~rẻo
钏,钏,chuàn,~xuyến
钐,钐,shān,~tiên
钒,钒,fán,~phiên
钕,钕,nǚ,~nục
钗,钗,chāi,~thoa
钘,钘,xíng,~hình
鐯,䦃,zhuó,~đục
鑈,鑈,niè,~niết
鑓,鑓,qiǎn,~khiển
鑯,鑯,jiān,~giản
鑶,鑶,cáng,~tàng
钅,钅,jīn,~kim
钇,钇,yǐ,~ất
钊,钊,zhāo,~rìu
鎙,鎙,shuò,~thước
鎴,鎴,xí,~tập
鏚,鏚,qī,~thích
鏴,鏴,lù,~lục
鐆,鐆,suì,~toại
鐖,鐖,jī,~cơ
鐥,䦅,shàn,~sam
鐩,𬭼,suì,~toại
錣,錣,zhuì,~chuyết
錺,錺,fāng,~phương
鍃,锪,huō,~hoát
鍅,钫,fǎ,~pháp
鍏,鍏,wéi,~mi
鍟,鍟,shēng,~sanh
鍹,鍹,xuān,~huyên
鎐,鎐,yáo,~diêu
铕,铕,yǒu,~hữu
铖,铖,chéng,~thành
铚,铚,zhì,~chí
铝,铝,lǚ,~lữ
铢,铢,zhū,~thù
铨,铨,quán,~thuyên
铪,铪,hā,~hóp
铫,铫,diào,~điếu
钽,钽,tǎn,~đán
铀,铀,yóu,~do
铃,铃,líng,~linh
铅,铅,qiān,~thiên
铉,铉,xuàn,~huyễn
铍,铍,pí,~tì
铏,铏,xíng,~hình
铒,铒,ěr,~nhĩ
钫,钫,fāng,~phương
钬,钬,huǒ,~hoả
钯,钯,bǎ,~ba
钰,钰,yù,~ngọc
钲,钲,zhēng,~chiêng
钶,钶,kē,~khoa
钸,钸,bū,~búa
钺,钺,yuè,~việt
钙,钙,gài,~cái
钝,钝,dùn,~nhọn
钟,钟,zhōng,~chuông
钠,钠,nà,~nột
钡,钡,bèi,~tý
钣,钣,bǎn,~bản
钥,钥,yào,~thược
钦,钦,qīn,~khâm
锤,锤,chuí,~chuy
锥,锥,zhuī,~duì
锨,锨,xiān,~tiêm
锪,锪,huō,~hoát
锱,锱,zī,~truy
锲,锲,qiè,~khiết
锴,锴,kǎi,~khải
锵,锵,qiāng,~thương
锏,锏,jiǎn,~giản
锐,锐,ruì,~nhọn
锔,锔,jū,~cuốc
锖,锖,qiāng,~thương
锗,锗,zhě,~chá
错,错,cuò,~thó
锛,锛,bēn,~bôn
锠,锠,chāng,~xuổng
铽,铽,tè,~thắc
铿,铿,kēng,~keng
锂,锂,lǐ,~lý
锄,锄,chú,~sừ
锉,锉,cuò,~thó
锊,锊,lüè,~luyệt
锌,锌,xīn,~tử
锍,锍,liǔ,~lữu
铬,铬,gè,~lạc
铮,铮,zhēng,~chiêng
铯,铯,sè,~sắc
铴,铴,tāng,~thang
铵,铵,ǎn,~an
铷,铷,rú,~như
铹,铹,láo,~lao
铻,铻,wú,~ngô
镫,镫,dèng,~đâng
镭,镭,léi,~lôi
镯,镯,zhuó,~đục
镳,镳,biāo,~tiêu
镴,镴,là,~lạp
镶,镶,xiāng,~tương
閇,閇,bì,~bế
閪,閪,sē,~hai
镘,镘,màn,~man
镚,镚,bèng,~băng
镛,镛,yōng,~dong
镞,镞,zú,~thốc
镤,镤,pú,~bộc
镦,镦,dūn,~đôn
镧,镧,lán,~lan
镩,镩,cuān,~thoản
镃,镃,zī,~truy
镄,镄,fèi,~phí
镇,镇,zhèn,~trấn
镊,镊,niè,~niết
镋,镋,tǎng,~đảng
镔,镔,bīn,~tấn
镕,镕,róng,~dung
镖,镖,biāo,~tiêu
锶,锶,sī,~tư
锸,锸,chā,~tráp
锹,锹,qiāo,~thiêu
锺,锺,zhōng,~chuông
锼,锼,sōu,~sưu
镀,镀,dù,~độ
镁,镁,měi,~mĩ
镂,镂,lòu,~lũ
阢,阢,wù,~ổ
阴,阴,yīn,~âm
陃,陃,bǐng,~bỉnh
际,际,jì,~tế
陉,陉,xíng,~hình
陨,陨,yǔn,~vẫn
难,难,nán,~nam
雏,雏,chú,~sồ
阌,阌,wén,~văn
阍,阍,hūn,~hôn
阎,阎,yán,~diêm
阐,阐,chǎn,~xén
阑,阑,lán,~làn
阒,阒,qù,~khuých
阖,阖,hé,~hạp
队,队,duì,~đội
闻,闻,wén,~văn
闾,闾,lǘ,~lư
阀,阀,fá,~phiệt
阁,阁,gé,~các
阂,阂,hé,~hạp
阄,阄,jiū,~cưu
阅,阅,yuè,~duyệt
阊,阊,chāng,~xương
閳,閳,chǎn,~xén
閴,閴,qù,~khuých
闁,闁,bāo,~bao
闫,闫,yán,~diêm
闭,闭,bì,~bế
闯,闯,chuǎng,~sấm
闱,闱,wéi,~vi
闺,闺,guī,~khuê
韲,韲,jī,~tê
頉,頉,yí,~di
頕,頕,dān,~đam
頵,𫖳,yūn,~uân
頾,頾,zī,~tư
顕,顕,xiǎn,~hiển
顖,顖,xìn,~tín
页,页,yè,~hiệt
韀,韀,jiān,~kiện
韂,韂,chàn,~sám
韊,韊,lán,~lan
韖,韖,rǒu,~hữu
韦,韦,wéi,~vi
韧,韧,rèn,~nhận
韨,韨,fú,~phất
韩,韩,hán,~hàn
靫,靫,chá,~tra
靱,靱,rèn,~nhận
靽,靽,bàn,~bán
鞆,鞆,bǐng,~bỉnh
鞓,鞓,tīng,~thính
鞙,鞙,xuàn,~huyễn
鞟,鞟,kuò,~khuếch
鞯,鞯,jiān,~kiện
雠,雠,chóu,~trù
雾,雾,wù,~vụ
霁,霁,jì,~tễ
霃,霃,chén,~đâm
霊,霊,líng,~linh
靐,靐,bìng,~tinh
静,静,jìng,~tĩnh
靥,靥,yè,~yếp
飕,飕,sōu,~sưu
飖,飖,yáo,~diêu
飙,飙,biāo,~tiên
飚,飚,biāo,~tiên
飦,飦,zhān,~chiên
飨,飨,xiǎng,~hướng
饂,饂,wēn,~uân
饥,饥,jī,~cơ
颣,颣,lèi,~loại
颤,颤,chàn,~chiến
颥,颥,rú,~nhu
颷,颷,biāo,~tiên
颾,颾,sōu,~sưu
飇,飇,biāo,~tiên
飒,飒,sà,~táp
飔,飔,sī,~ti
颌,颌,hé,~hàm
颍,颍,yǐng,~nhánh
颐,颐,yí,~di
颕,颕,yǐng,~nhánh
颖,颖,yǐng,~nhánh
颗,颗,kē,~khỏa
颙,颙,yóng,~ngong
颞,颞,niè,~nhiếp
顸,顸,hān,~han
须,须,xū,~húc
顼,顼,xū,~húc
顿,顿,dùn,~đốn
预,预,yù,~dự
颅,颅,lú,~lô
领,领,lǐng,~lãnh
颉,颉,jié,~cật
駯,駯,zhū,~chư
騆,騆,zhōu,~chu
騒,騒,sāo,~tao
騘,騘,cōng,~thông
騞,𬴃,huō,~hoát
騻,騻,shuāng,~sương
驇,驇,zhì,~chất
驉,驉,xū,~hư
馏,馏,liú,~lưu
馐,馐,xiū,~tu
馑,馑,jǐn,~cận
馒,馒,mán,~man
馔,馔,zhuàn,~soạn
馟,馟,tú,~đồ
馿,馿,lǘ,~lừa
駆,駆,qū,~xúi
饶,饶,ráo,~nhiêu
饷,饷,xiǎng,~hướng
饽,饽,bō,~bột
馀,馀,yú,~dư
馁,馁,něi,~nuôi
馄,馄,hún,~hồn
馊,馊,sōu,~sưu
馌,馌,yè,~diệp
饧,饧,xíng,~hình
饩,饩,xì,~hí
饫,饫,yù,~ốc
饬,饬,chì,~sức
饯,饯,jiàn,~tiễn
饰,饰,shì,~sức
饲,饲,sì,~tự
饴,饴,yí,~di
骛,骛,wù,~vụ
骟,骟,shàn,~phiến
骠,骠,biāo,~phiếu
骡,骡,luó,~loa
骢,骢,cōng,~thông
骣,骣,chǎn,~sản
骤,骤,zhòu,~sậu
骥,骥,jì,~kí
骋,骋,chěng,~sính
骍,骍,xīng,~tuynh
骎,骎,qīn,~xăm
骓,骓,zhuī,~choai
骔,骔,zōng,~tông
骖,骖,cān,~tham
骙,骙,kuí,~quỳ
骚,骚,sāo,~tao
驺,驺,zōu,~sô
驽,驽,nú,~nô
骀,骀,dài,~đại
骁,骁,xiāo,~kiêu
骄,骄,jiāo,~kiêu
骈,骈,pián,~bền
骉,骉,biāo,~phiếu
骊,骊,lí,~ly
驙,驙,zhān,~chiên
驭,驭,yù,~duật
驰,驰,chí,~trì
驱,驱,qū,~xúi
驴,驴,lǘ,~lừa
驵,驵,zǎng,~tảng
驷,驷,sì,~tứ
驹,驹,jū,~câu
鮈,𬶋,jū,~câu
鮊,鲌,bà,~bạt
鮋,鲉,yóu,~vưu
鮡,𬶐,zhào,~triệu
鮧,鮧,tǐ,~thể
鮻,鮻,suō,~thoa
鯒,鲬,yǒng,~dũng
鯔,鲻,zī,~tư
鬜,鬜,qiān,~gian
魖,魖,xū,~huất
魣,魣,xù,~tự
魬,魬,bǎn,~bản
魰,魰,wén,~văn
魲,魲,lú,~rô
魳,魳,zā,~táp
鮄,鮄,fú,~phất
髌,髌,bìn,~bận
髗,髗,lú,~lô
髝,髝,láo,~lao
髞,髞,sào,~rôm
髵,髵,ér,~nhi
髼,髼,péng,~bằng
鬓,鬓,bìn,~tấn
鬛,鬛,liè,~liệp
骦,骦,shuāng,~sương
骧,骧,xiāng,~tương
骩,骩,wěi,~ủy
骪,骪,wěi,~ủy
骻,骻,kuà,~khố
髃,髃,yú,~du
髄,髄,suǐ,~tuỷ
髇,髇,xiāo,~tiêu
鲌,鲌,bó,~bốc
鲍,鲍,bào,~bảo
鲏,鲏,pí,~tì
鲐,鲐,tái,~thai
鲑,鲑,guī,~khuê
鲒,鲒,jié,~cát
鲕,鲕,ér,~nhi
鲙,鲙,kuài,~gỏi
鱛,鱛,zēng,~tăng
鱥,鱥,guì,~quyết
鱲,𫚭,liè,~liệt
鱼,鱼,yú,~ngư
鱿,鱿,yóu,~vưu
鲀,鲀,tún,~đồn
鲈,鲈,lú,~rô
鲉,鲉,yóu,~vưu
鰠,鳋,sāo,~tao
鰫,鰫,yóng,~ngong
鰮,鳁,wēn,~uân
鰯,鰯,ruò,~nhược
鰶,𬶭,jì,~tễ
鰽,鰽,qiú,~cầu
鱇,𩾌,kāng,~khang
鱏,鱏,xún,~tầm
鯭,鯭,měng,~mãnh
鯮,鯮,zōng,~tông
鯱,鯱,hǔ,~hổ
鯺,鯺,zhū,~chư
鰁,鳈,quán,~quyền
鰅,鰅,yú,~ngư
鰏,鲾,bī,~bức
鰛,鳁,wēn,~uân
鳣,鳣,zhān,~chiên
鳯,鳯,fèng,~phượng
鳾,䴓,shī,~thi
鴔,鴔,fú,~phù
鴜,鴜,cí,~từ
鴺,鴺,tí,~đề
鵀,鵀,rén,~nhân
鵃,鸼,zhōu,~chu
鳆,鳆,fù,~phụ
鳈,鳈,quán,~quyền
鳋,鳋,sāo,~tao
鳐,鳐,yáo,~diêu
鳗,鳗,mán,~man
鳙,鳙,yōng,~dong
鳚,鳚,wèi,~uý
鳜,鳜,guì,~quyết
鲭,鲭,qīng,~thanh
鲮,鲮,líng,~lăng
鲰,鲰,zōu,~tưu
鲳,鲳,chāng,~thương
鲸,鲸,jīng,~kình
鲻,鲻,zī,~tư
鲾,鲾,bī,~bức
鳁,鳁,wēn,~uân
鲟,鲟,xún,~tầm
鲠,鲠,gěng,~ngạnh
鲡,鲡,lí,~li
鲢,鲢,lián,~liên
鲤,鲤,lǐ,~lễ
鲦,鲦,tiáo,~du
鲫,鲫,jì,~tễ
鲬,鲬,yǒng,~dũng
鸸,鸸,ér,~nhi
鸺,鸺,xiū,~hưu
鸻,鸻,héng,~hằng
鸼,鸼,zhōu,~chu
鹀,鹀,wú,~ngô
鹁,鹁,bó,~bột
鹂,鹂,lí,~ly
鹆,鹆,yù,~duật
鸢,鸢,yuān,~uyên
鸤,鸤,shī,~thi
鸬,鸬,lú,~lô
鸮,鸮,xiāo,~hào
鸰,鸰,líng,~linh
鸱,鸱,chī,~si
鸳,鸳,yuān,~uyên
鸶,鸶,sī,~tư
鶸,鶸,ruò,~nhược
鶽,鶽,sǔn,~chuẩn
鷘,鷘,chì,~xích
鷚,鹨,liù,~lựu
鷭,𬸪,fán,~phiền
鸓,鸓,lěi,~lũy
鸟,鸟,niǎo,~điểu
鸠,鸠,jiū,~cưu
鵄,鵄,chī,~si
鵐,鹀,wú,~ngô
鵯,鹎,bēi,~bi
鵵,鵵,tù,~thỏ
鶄,䴖,jīng,~kinh
鶢,鶢,yuán,~viên
鶪,䴗,jú,~quyết
鶫,鶫,dōng,~đông
齾,齾,yà,~á
齿,齿,chǐ,~xỉ
龁,龁,hé,~hột
龃,龃,jǔ,~trở
龄,龄,líng,~linh
龆,龆,tiáo,~điều
龇,龇,zī,~tư
龉,龉,yǔ,~ngữ
鼹,鼹,yǎn,~yển
齄,齄,zhā,~tra
齅,齅,xiù,~tú
齐,齐,qí,~tày
齑,齑,jī,~tê
齝,齝,chī,~si
齢,齢,líng,~linh
齳,齳,yǔn,~vẫn
鹭,鹭,lù,~lộ
鹯,鹯,zhān,~chiên
鹴,鹴,shuāng,~sương
鹾,鹾,cuó,~ta
麿,麿,mo,~lữ
黢,黢,qū,~khúc
鼋,鼋,yuán,~ngoan
鼡,鼡,shǔ,~thử
鹊,鹊,què,~thước
鹎,鹎,bēi,~bi
鹓,鹓,yuān,~uyên
鹚,鹚,cí,~từ
鹜,鹜,wù,~vọ
鹧,鹧,zhè,~chá
鹨,鹨,liù,~lựu
鹫,鹫,jiù,~thứu
𠜎,𠜎,xiàn,~tuyến
𠞰,𠞰,jiǎo,~tiễu
𠟍,𠟍,chōng,~sung
𠡠,𠡠,chì,~sắc
𠢤,𠢤,jué,~quyết
𠤏,𠤏,bǎo,~bảo
𠦜,𠦜,xì,~tấp
𠧧,𠧧,xī,~tây
𠇐,𠇐,yú,~dư
𠍽,𠍽,shà,~xá
𠔉,𠔉,juàn,~quyến
𠚹,𠚹,shàn,~diệm
𠚺,𠚺,shà,~sáp
𠛅,𠛅,kōu,~khu
𠛒,𠛒,guā,~quát
𠛪,𠛪,tiāo,~vẹo
𠀀,𠀀,hē,~ha
𠀉,𠀉,qiū,~khâu
𠀕,𠀕,gèn,~cẳng
𠁁,𠁁,dòu,~đậu
𠁥,𠁥,gǎ,~giả
𠂝,𠂝,zā,~táp
𠄣,𠄣,gèn,~cẳng
𠆌,𠆌,yōng,~dong
龊,龊,chuò,~xúc
龋,龋,qǔ,~củ
龙,龙,lóng,~long
龟,龟,guī,~quy
龶,龶,xx5,~thập
鿍,鿍,gàng,~tráng
鿕,鿕,dān,~đan
鿭,鿭,nǐ,~ni
𠻗,𠻗,lí,~le
𠻴,𠻴,lǎng,~lãng
𠼗,𠼗,zàn,~tán
𠼞,𠼞,ā,~nha
𠼮,𠼮,guǐ,~quỷ
𠼻,𠼻,jī,~tức
𠿛,𠿛,lǔ,~lỗ
𡂖,𡂖,lài,~lại
𠵼,𠵼,mèng,~mộng
𠵾,𠵾,huò,~oác
𠶧,𠶧,diān,~điên
𠶲,𠶲,kè,~khắc
𠷿,𠷿,zǎ,~chạ
𠹌,𠹌,něng,~năng
𠺘,𠺘,làng,~lãng
𠺢,𠺢,jiā,~gia
𠰋,𠰋,qiū,~thu
𠱓,𠱓,guǐ,~quỷ
𠱞,𠱞,rǎn,~nhiễm
𠱥,𠱥,è,~ngạc
𠳶,𠳶,tū,~dứ
𠴳,𠴳,xiáo,~hào
𠵦,𠵦,wǔ,~ngỗ
𠵯,𠵯,guā,~quật
𠩺,𠩺,xī,~hi
𠫭,𠫭,cān,~xam
𠬝,𠬝,fú,~phục
𠬶,𠬶,jìn,~tấn
𠭯,𠭯,zhā,~tra
𠭴,𠭴,zhuō,~trác
𠮨,𠮨,réng,~nhưng
𠯗,𠯗,zā,~táp
𡾱,㟜,mí,~mi
𡿧,𡿧,zāi,~tai
𢂑,𢂑,shì,~thị
𢃕,𢃕,tà,~đạp
𢄶,𢄶,huà,~thoại
𢅛,𢅛,lóng,~lung
𢅥,𢅥,chú,~trù
𢆞,𢆞,jiǎn,~kiễng
𡨄,𡨄,xià,~hạ
𡨴,𡨴,níng,~trữ
𡬙,𡬙,sèng,~thặng
𡮦,𡮦,cáo,~tào
𡱆,𡱆,shǔ,~thuộc
𡳞,𡳞,lìn,~lận
𡻕,岁,suì,~tuế
𡽱,𡽱,jié,~tiết
𡗗,𡗗,pěng,~vũng
𡚁,𡚁,bì,~bị
𡝠,𡝠,mí,~mi
𡞋,𡞋,cān,~xan
𡟬,𡟬,miè,~miệt
𡠹,㛿,zhì,~chất
𡢘,𡢘,yùn,~dựng
𡥧,𡥧,jìn,~tấn
𡂝,𡂝,dòu,~đậu
𡅈,𡅈,lá,~lạt
𡈎,𡈎,wū,~ô
𡈽,𡈽,tǔ,~thổ
𡑞,𡑞,suì,~giót
𡑯,𡑯,jiǎn,~kiềm
𡒃,𡒃,yù,~vực
𡕰,𡕰,zōng,~tông
𢫨,𢫨,rǒng,~nhũng
𢬍,𢬍,yè,~áp
𢯱,𢯱,sōu,~sưu
𢰾,𢰾,zǒng,~tổng
𢲷,𢲷,sōu,~sưu
𢳂,𢳂,piē,~phiết
𢳜,𢳜,xǐ,~tỉ
𢶅,𢶅,shé,~xà
𢠳,𢠳,biē,~biệt
𢠵,𢠵,tǎng,~thẳng
𢥘,𢥘,xié,~huề
𢦏,𢦏,zāi,~tai
𢧐,𢧐,zhàn,~chiến
𢩦,𢩦,jī,~kích
𢪓,𢪓,yú,~du
𢫦,𢫦,pāi,~phếch
𢘸,𢘸,jiàng,~giáng
𢙐,𢙐,náo,~nao
𢙢,𢙢,kǒng,~khủng
𢙱,𢙱,lòng,~lỏng
𢛯,𢛯,huò,~hoạch
𢜫,𢜫,xǐng,~tỉnh
𢜬,𢜬,duó,~đạc
𢜸,𢜸,náo,~nao
𢈘,𢈘,lù,~lục
𢊍,𢊍,chú,~chù
𢋈,𢋈,sū,~tô
𢏳,𢏳,pēng,~phanh
𢐧,𢐧,qíng,~kình
𢒉,𢒉,shǎn,~thiểm
𢒹,𢒹,shǎn,~thiểm
𢗓,𢗓,yǔ,~vũ
𣲗,𣲗,wéi,~vy
𣲷,𣲷,nì,~nịch
𣽉,𣽉,rú,~nhụa
𣾍,𣾍,lián,~liêm
𤁳,𤁳,zhá,~tráp
𤃶,𤃶,tēng,~thăng
𤇭,𤇭,lóng,~lung
𤇾,𤇾,yìng,~ánh
𣘐,𣘐,jí,~tiếp
𣘦,𣘦,yī,~y
𣚕,𣚕,yè,~nghiệp
𣧂,𣧂,tì,~thế
𣪕,𣪕,guǐ,~quỷ
𣪘,𣪘,guǐ,~quỷ
𣪠,𣪠,jī,~kích
𣭲,𣭲,rǒng,~nhũng
𣇢,𣇢,biē,~biệt
𣇨,𣇨,dài,~đại
𣇶,𣇶,méi,~mốt
𣎆,𣎆,luò,~lạc
𣑁,𣑁,chòng,~tròng
𣒗,𣒗,què,~xác
𣔙,𣔙,xiān,~sim
𣕲,𣕲,héng,~hoạnh
𢶍,𢶍,zá,~tập
𢸁,𢸁,gǒng,~củng
𢸣,𢸣,niǎo,~níu
𢹑,𢹑,zhèng,~chứng
𣀒,𣀒,zòng,~tống
𣃁,𣃁,zhú,~chúc
𣄙,𣄙,huǎng,~hoảng
𣇀,𣇀,bū,~bô
𤺓,𤺓,bié,~tất
𤽯,𤽯,chóu,~trù
𤿎,𤿎,pī,~phi
𥁑,𥁑,mì,~mịch
𥁕,𥁕,wēn,~uân
𥂁,𥂁,yán,~diêm
𥄎,𥄎,xuè,~huyết
𥄨,𥄨,chǒu,~thu
𤮭,𤮭,chàn,~sám
𤰡,𤰡,máng,~mang
𤳈,𤳈,shāng,~thương
𤴐,𤴐,léi,~lôi
𤶙,𤶙,zhà,~chá
𤷇,𤷇,xù,~tuất
𤸅,𤸅,mín,~mân
𤸻,𤸻,nà,~na
𤘅,𤘅,yá,~nha
𤢪,𤢪,liè,~liệp
𤦏,𤦏,cōng,~thông
𤧚,𤧚,cōng,~thông
𤫩,㻏,líng,~liếng
𤬛,𤬛,lú,~lô
𤭛,𤭛,gāng,~cương
𤮨,𤮨,lóng,~lung
𤈶,𤈶,yún,~vân
𤈷,𤈷,xiān,~tiêm
𤍕,𤍕,yǒu,~dửu
𤎱,𤎱,juǎn,~quyển
𤑕,𤑕,xūn,~huân
𤔔,𤔔,luàn,~loạn
𤕪,𤕪,pán,~tường
𤗈,𤗈,xiè,~giải
𥺅,𥺅,dào,~đạo
𥻟,𥻟,nuò,~nhu
𥻿,𥻿,lí,~li
𥽘,𥽘,mò,~một
𦂗,𦂗,shuò,~sóc
𦂳,𦂳,jǐn,~khẩn
𦈌,𦈌,shū,~thư
𦈏,𦈏,mín,~mân
𥡤,𥡤,jiào,~khiếu
𥡴,𥡴,jì,~tế
𥩲,𥩲,hài,~hợi
𥫱,𥫱,dùn,~nhọn
𥬀,𥬀,yún,~vân
𥬯,𥬯,kǎo,~khảo
𥵜,𥵜,pò,~phách
𥹉,𥹉,nà,~na
𥑢,𥑢,bù,~bó
𥔀,𥔀,hōng,~huênh
𥔎,𥔎,qí,~kì
𥔱,𥔱,shàn,~thiện
𥔵,𥔵,cí,~từ
𥛱,𥛱,bēng,~banh
𥜒,𥜒,yǎn,~yểm
𥜥,𥜥,yì,~dịch
𥄴,𥄴,xuè,~huyết
𥅟,𥅟,jiǎo,~kiểu
𥅴,𥅴,jié,~kiếp
𥇢,𥇢,zhǎn,~triển
𥈟,𥈟,sǒu,~tẩu
𥉵,𥉵,má,~ma
𥋌,𥋌,sā,~sa
𥎝,𥎝,zuǎn,~toản
𦪈,𦪈,áo,~ngao
𦰏,𦰏,diào,~điếu
𦰴,𦰴,mí,~mi
𦱔,𦱔,bì,~tì
𦱖,𦱖,fù,~phụ
𦶲,𦶲,kòu,~khấu
𦷝,𦷝,chú,~so
𦺜,𦺜,lào,~lạo
𦙼,𦙼,cī,~thử
𦛏,𦛏,kú,~khô
𦛚,𦛚,nàn,~nạn
𦞣,𦞣,sāo,~tao
𦟤,𦟤,xiū,~tu
𦡆,𦡆,kū,~quật
𦢊,𦢊,báo,~bạc
𦦙,𦦙,jǔ,~cử
𦉽,𦉽,wǎng,~võng
𦌁,𦌁,liǔ,~lữu
𦐈,𦐈,fēn,~phân
𦔮,𦔮,zhé,~triếp
𦕒,𦕒,diān,~điên
𦖿,𦖿,dā,~đạp
𦗀,𦗀,tián,~điền
𦘩,𦘩,pǐ,~phỉ
𦈐,𦈐,lián,~len
𦈓,𦈓,wēi,~uy
𦈕,𦈕,tóu,~đầu
𦈙,𦈙,niè,~chắp
𦈜,𦈜,jié,~kết
𦈞,𦈞,bó,~phu
𦈟,𦈟,jīn,~câm
𦈡,𦈡,xū,~nhu
𧿒,𧿒,chěn,~tẩm
𧿛,𧿛,zōng,~tông
𨀁,𨀁,lóng,~ruông
𨁃,𨁃,tī,~thích
𨁔,𨁔,tiào,~thiếu
𨂿,𨂿,wǎi,~uy
𨅏,𨅏,lán,~lạn
𨅛,𨅛,zhú,~sộc
𧵳,䞌,shé,~xà
𧸖,𧸖,zhuàn,~trám
𧹑,𧹑,guì,~quý
𧻙,𧻙,mò,~một
𧼮,𧼮,tì,~thế
𧽍,𧽍,diān,~điên
𧽒,𧽒,xiòng,~quýnh
𧽸,𧽸,jué,~quyết
𧜁,𧜁,shài,~sái
𧞪,𧞪,là,~lạt
𧡣,𧡣,cóu,~thấu
𧢃,𧢃,lóu,~lưu
𧨾,𧨾,shán,~thâm
𧬨,𧬨,huì,~hối
𧭜,𧭜,lǜ,~lự
𧴪,𧴪,suǒ,~tỏa
𧀹,𧀹,zhè,~giá
𧉞,𧉞,zhǔ,~chúc
𧌇,𧌇,péng,~bành
𧍕,𧍕,jué,~quyết
𧐅,𧐅,qū,~thư
𧕴,𧕴,nán,~nam
𧘂,𧘂,chōng,~xung
𧙀,𧙀,là,~lạt
𨱔,𨱔,zūn,~tỗn
𨳊,𨳊,jiū,~cưu
𨴑,𨴑,kuāng,~khuông
𨶙,𨶙,něng,~năng
𨸄,𨸄,xiàn,~hiển
𨸚,𨸚,jí,~cấp
𨸟,𨸟,qū,~khư
𨺹,𨺹,jiǎo,~kiểu
𨣦,𨣦,xù,~hú
𨧀,𬭊,dù,~độ
𨧧,𨧧,zhuó,~đục
𨧮,𨧮,mí,~mi
𨩨,𨩨,chǎ,~sát
𨭎,𬭳,xǐ,~tiển
𨰿,𨰿,xì,~ghét
𨱏,𨱏,dā,~táp
𨋯,𨋯,yì,~dật
𨌩,𨌩,táng,~đường
𨍳,𨍳,yáo,~diêu
𨎴,𨎴,dāng,~đang
𨑒,𨑒,tú,~đồ
𨑟,𨑟,fǔ,~phủ
𨑹,𨑹,cōng,~thông
𨠒,𨠒,fàn,~phiến
𨅝,𨅝,chéng,~choành
𨆪,𨆪,qīng,~thanh
𨈚,𨈚,pí,~tì
𨉉,𨉉,pí,~tì
𨉖,𨉖,zuān,~chuyên
𨊛,𨊛,lì,~lịch
𨊰,䢀,qì,~khí
𨊸,䢁,yuè,~ngột
𩦢,𩦢,yú,~du
𩧢,𩧢,chěng,~trình
𩧪,𩧪,lóng,~lung
𩧭,𩧭,yì,~dịch
𩧰,𩧰,hún,~hồn
𩧿,𩧿,bī,~bức
𩨇,𩨇,lóu,~lưu
𩨏,𩨏,fán,~phiền
𩙮,𩙮,xiāo,~tiêu
𩜇,𩜇,juǎn,~quyển
𩝠,𩝠,qiǔ,~khứu
𩟔,𩟔,chá,~tra
𩠇,𩠇,xùn,~tấn
𩠈,𩠈,rěn,~ẩn
𩠉,𩠉,juǎn,~quyển
𩥋,𩥋,òu,~âu
𩔗,𩔗,lèi,~loại
𩕭,𩕭,gài,~cái
𩖗,𩖗,jìn,~tấn
𩗡,𩗡,chóu,~trù
𩗴,𩗴,bèng,~bính
𩙧,𩙧,táo,~đào
𩙪,𩙪,biāo,~tiên
𩙫,𩙫,sōu,~sưu
𨻪,𨻪,líng,~lăng
𨻲,𨻲,xià,~hạ
𨻶,𨻶,xì,~khích
𩇓,𩇓,léi,~lôi
𩍗,𩍗,bāng,~bang
𩏼,𩏼,nà,~nạp
𩏿,𩏿,wěi,~vĩ
𩔖,𩔖,lèi,~loại
𪍸,𪍸,qú,~cù
𪎈,𪎈,yì,~dịch
𪏙,𪏙,huáng,~hoàng
𪐀,𪐀,nǎ,~ná
𪑅,𪑅,huì,~hối
𪔾,𪔾,píng,~bình
𪙛,𪙛,nì,~nật
𪚥,𪚥,zhé,~trích
𩾋,𩾋,zhòng,~trọng
𩾌,𩾌,kāng,~khang
𪀒,𪀒,dié,~điệp
𪃿,𪃿,gē,~cáp
𪇜,𪇜,guá,~qua
𪉂,𪉂,yùn,~vận
𪉈,𪉈,cí,~từ
𪉩,𪉩,yán,~diêm
𩶅,𩶅,chī,~si
𩷸,𩷸,fáng,~phường
𩸨,𩸨,yí,~di
𩽾,𩽾,ān,~am
𩾂,𩾂,chóu,~trù
𩾃,𩾃,miǎn,~miễn
𩾇,𩾇,hu,~phủ
𩾊,𩾊,xū,~tu
𩨒,𩨒,jī,~cơ
𩨘,𩨘,qì,~khí
𩨭,𩨭,quē,~quyết
𩩈,𩩈,kuài,~quái
𩩍,𩩍,pīng,~binh
𩪗,𩪗,jué,~quyết
𩭹,𩭹,sān,~tam
𩯭,𩯭,bìn,~tấn
㐜,㐜,chóu,~trù
㐡,㐡,nuò,~nhu
㐤,㐤,dān,~đan
㐨,㐨,xù,~tự
㐩,㐩,xíng,~hình
㐮,㐮,xiāng,~hương
㐯,㐯,yōng,~dong
㐰,㐰,xìn,~tín
㐀,㐀,qiū,~khâu
㐁,㐁,tiàn,~thiến
㐅,㐅,wǔ,~câu
㐆,㐆,yǐn,~doãn
㐌,㐌,yí,~di
㐖,㐖,xié,~hài
𪎋,𪎋,tiè,thiếp
𪎭,𪎭,méi,mi
𪒬,𪒬,nóng,nóng
𪓐,𪓐,chǔ,sở
𪔂,𪔂,dǐng,đính
𪖙,𪖙,hōu,hâu
𪘁,𪘁,tà,cập
𪘲,𪘲,yá,y
𪃏,𪃏,méi,môi
𪄅,𪄅,shā,sét
𪄌,𪄌,gòng,ngỗng
𪄸,𪄸,jí,trích
𪅴,𪅴,è,ác
𪇴,𪇴,miè,vẹt
𪉍,𪉍,tū,thóc
𪉑,𪉑,áo,ngao
𩽼,𩽼,hǔn,vãn
𩾁,𩾁,qiú,cầu
𩾈,𩾈,shū,túc
𩾷,𩾷,gē,quạ
𩿠,𩿠,yuè,vẹt
𪀚,𪀚,sōng,nhồng
𪁎,𪁎,xiāo,sáo
𪂠,𪂠,guǒ,quạ
𩷶,𩷶,máng,măng
𩸄,𩸄,huà,quả
𩺯,𩺯,zú,sốc
𩺱,𩺱,nì,nược
𩻛,𩻛,cén,trắm
𩻟,𩻟,huī,vây
𩼈,𩼈,ào,úc
𩼨,𩼨,yí,ngờ
㓚,㓚,gōng,cung
㓛,㓛,gōng,cung
㓟,㓟,pí,phay
㓠,㓠,diàn,chẻm
㓥,㓥,tāng,thang
㓨,刾,cí,thích
㓩,㓩,xuān,huyên
㓪,㓪,lǎng,lãng
㓃,㓃,dù,đố
㓉,㓉,huò,hoạt
㓋,㓋,gòng,cộng
㓏,㓏,jiǒng,quýnh
㓐,㓐,lù,lục
㓔,㓔,xiè,tạ
㓘,㓘,sù,túc
㓙,㓙,xiōng,hung
㒲,㒲,cái,tài
㒳,㒳,liǎng,lưỡng
㒴,㒴,gǔ,cốt
㒶,㒶,gōng,cung
㒸,㒸,suì,toại
㒹,㒹,diān,điên
㒼,㒼,mán,môn
㒽,㒽,quān,huyên
㒔,㒔,shú,thục
㒙,㒙,mián,miên
㒚,㒚,yìn,ùn
㒥,㒥,fēng,phong
㒧,㒧,lì,lệ
㒨,㒨,xiān,tiên
㒪,㒪,xī,thiếc
㒭,㒭,kūn,kôn
㔼,㔼,sǔn,duẩn
㔾,㔾,xiān,tiêm
㕁,㕁,què,khước
㕅,㕅,jiá,giáp
㕆,㕆,hù,hộ
㕋,㕋,qín,cầm
㕌,㕌,ài,ngại
㕍,㕍,yàn,nhạn
㔑,㔑,chì,thất
㔝,㔝,liǎng,lưỡng
㔡,㔡,biē,biệt
㔢,㔢,jué,đốt
㔪,㔪,lǔ,lỗ
㔶,㔶,gòng,cống
㔹,㔹,lè,lặc
㔻,㔻,pī,phi
㓽,㓽,chóng,sùng
㔂,㔂,lín,lân
㔄,㔄,sù,túc
㔅,㔅,xiào,khiếu
㔇,㔇,bō,bát
㔎,㔎,xiè,tiết
㔏,㔏,lì,lịch
㔐,㔐,xiān,tiêm
㓬,㓬,què,khước
㓭,㓭,shé,hạt
㓮,㓮,diāo,điêu
㓵,㓵,è,ngạc
㓶,㓶,qiè,khía
㓺,㓺,jiān,kiền
㓻,㓻,gāng,cương
㓼,㓼,chì,thất
㖟,㖟,shòu,thụ
㖠,㖠,nuò,nhại
㖡,㖡,yè,dạ
㖣,㖣,tòu,vòi
㖤,㖤,hán,hàm
㖥,㖥,jùn,rên
㖦,㖦,dǒng,đổng
㖧,㖧,hūn,hôn
㖆,㖆,qú,khúc
㖇,㖇,ér,nhe
㖑,㖑,xiè,nhái
㖒,㖒,tí,đề
㖓,㖓,hóng,hồng
㖗,㖗,yín,sùm
㖘,㖘,zhēn,duẩn
㖞,㖞,wāi,oa
㕰,㕰,xuè,mau
㕳,㕳,fán,phàm
㕵,㕵,guó,uống
㕸,㕸,lì,lắp
㕼,㕼,xiāng,hương
㕽,㕽,sì,tự
㖄,㖄,zhōu,châu
㖅,㖅,xù,tuất
㕐,㕐,xiě,tả
㕔,㕔,tīng,thính
㕖,㕖,sù,tố
㕙,㕙,jùn,tuấn
㕡,㕡,hé,xác
㕦,㕦,huà,thoại
㕭,㕭,āo,êu
㕯,㕯,nè,nọi
㗙,㗙,chū,sò
㗚,㗚,lì,trắt
㗛,㗛,xiào,khiếu
㗜,㗜,xiù,súc
㗢,㗢,hóng,rống
㗩,㗩,xī,sáp
㗪,㗪,zhá,trát
㗱,㗱,jí,tập
㗋,㗋,hóu,hầu
㗍,㗍,chāng,xương
㗎,㗎,gà,gia
㗑,㗑,bai,bới
㗒,㗒,ài,ai
㗔,㗔,qiān,khiên
㗖,㗖,dàn,thào
㗘,㗘,bó,bác
㖾,㖾,è,ngạc
㖿,㖿,xié,dã
㗁,㗁,è,ngạc
㗂,㗂,shěng,tỉnh
㗅,㗅,hú,hồ
㗆,㗆,gé,cách
㗇,㗇,xiá,hà
㗉,㗉,lüè,lược
㖨,㖨,lù,lục
㖫,㖫,líng,lừng
㖭,㖭,tiǎn,chiêm
㖮,㖮,lún,lân
㖹,㖹,pēn,vồn
㖺,㖺,chǔn,xuẩn
㖼,㖼,duǒ,mỏ
㖽,㖽,zé,hợt
㙅,㙅,bǎo,bảo
㙊,㙊,cháng,tường
㙎,㙎,wēi,uy
㙙,㙙,lǒng,lũng
㙛,㙛,bǔ,bảo
㙟,㙟,lǎng,lãng
㙣,㙣,zhàng,trướng
㙤,㙤,xià,hố
㘭,㘭,ào,ao
㘰,㘰,zhēn,châm
㘱,㘱,tān,than
㘳,㘳,qiū,khâu
㘶,㘶,jié,kiệt
㘸,㘸,zàng,táng
㘻,㘻,yìn,ấn
㘽,㘽,zāi,tai
㘑,㘑,lì,lệ
㘓,㘓,lán,ran
㘚,㘎,hǎn,hảm
㘤,㘤,wān,loan
㘦,㘦,qín,cần
㘨,㘨,niè,nồi
㘩,㘩,bì,bị
㘪,㘪,hào,hao
㗴,㗴,yán,nhằn
㗶,㗶,pō,bát
㗾,㗾,xuē,ngoa
㘀,㘀,zuò,trách
㘅,㘅,xián,hàm
㘇,㘇,róng,vang
㘋,㘋,xián,hờn
㘎,㘎,hǎn,hảm
㚪,㚪,hào,hao
㚬,㚬,jūn,quân
㚮,㚮,nán,nản
㚰,㚰,pēi,phôi
㚳,㚳,pī,phi
㚵,㚵,dōng,đông
㚶,㚶,sì,tự
㚸,㚸,chǐ,thị
㚒,㚒,shǎn,thiểm
㚓,㚓,lǎi,lai
㚖,㚖,gǎo,cảo
㚗,㚗,qié,tà
㚜,㚜,yù,vực
㚞,㚞,shěn,thẩm
㚡,㚡,jǐ,kỉ
㚣,㚣,xiáo,giảo
㙶,㙶,táng,đường
㙻,㙻,chán,triền
㙾,㙾,xì,hạc
㚁,㚁,qiào,khíu
㚉,㚉,gǔ,cổ
㚊,㚊,kāi,khai
㚋,㚋,diāo,điêu
㚏,㚏,gǎo,cảo
㙦,㙦,xié,tà
㙧,㙧,liú,lưu
㙩,㙩,liáo,liêu
㙬,㙬,yín,ngân
㙮,㙮,dā,đắp
㙲,㙲,yǒng,ung
㙳,㙳,kǎn,khảm
㙴,㙴,chàn,thềm
㜑,㜑,fú,bà
㜓,㜓,dá,đáp
㜖,㜖,cáo,tào
㜙,㜙,lù,lục
㜚,㜚,sù,túc
㜜,㜜,ào,ngạo
㜢,𡞱,lǚ,lũ
㜥,㜥,mái,mai
㛽,㛽,áo,san
㛾,㛾,xián,hàm
㜂,㜂,fēng,phong
㜃,㜃,liàn,luyến
㜅,㜅,xù,nháo
㜈,㜈,mù,mục
㜍,㜍,táng,đường
㜐,㜐,shù,thụ
㛦,㛦,lǎn,lẫm
㛪,㛪,yàn,em
㛬,㛬,lù,lục
㛮,㛮,sǎo,tẩu
㛰,㛰,hūn,hôn
㛶,㛶,tàn,thán
㛷,㛷,jī,kê
㛸,㛸,shù,thụ
㚼,㚼,niǔ,nữu
㚽,㚽,qiǎo,khảo
㛅,㛅,èr,nhị
㛏,㛏,qiú,cầu
㛐,㛐,sǒu,tẩu
㛑,㛑,càn,xán
㛔,㛔,fēng,phong
㛚,㛚,tǒng,thống
㝯,㝯,qiáo,kiều
㝰,㝰,mián,miên
㝱,㝱,mèng,mộng
㝲,㝲,qǐn,tẩm
㝵,㝵,dé,đức
㝶,㝶,ài,đức
㝸,㝸,biàn,biện
㝺,㝺,lián,liêm
㝝,㝝,lín,lâm
㝞,㝞,yā,nha
㝠,㝠,míng,minh
㝣,㝣,yì,ế
㝦,㝦,jùn,tuấn
㝧,㝧,wěn,ùn
㝩,㝩,kāng,khai
㝭,㝭,xǐng,tỉnh
㝈,㝈,luán,loan
㝉,㝉,zhù,trữ
㝍,㝍,xiě,tả
㝏,㝏,jiè,giới
㝑,㝑,máng,bàng
㝒,㝒,jū,cư
㝛,㝛,sù,túc
㝜,㝜,xuān,tuyên
㜩,㜩,ào,áo
㜱,㜱,zhì,chất
㜹,㜹,qú,cù
㜻,㜻,liàn,luyến
㜽,㜽,zǐ,chỉ
㜾,㜾,hái,hài
㝄,㝄,chún,thuần
㝇,㝇,chún,thuần
㞵,㞵,mín,mân
㞷,㞷,huáng,hoàng
㞹,㞹,kě,khả
㞻,㞻,hào,hạo
㞽,㞽,xuè,huyết
㞾,㞾,ní,ni
㞿,㞿,chì,kì
㟂,㟂,mǔ,vũ
㞣,㞣,fēn,phân
㞦,㞦,jǐ,kỉ
㞨,㞨,zǐ,chỉ
㞩,㞩,lán,lam
㞬,㞬,qìn,ẩn
㞭,㞭,dài,đại
㞮,㞮,zhé,chiết
㞳,㞳,dǒu,đẩu
㞗,㞗,qiú,cầu
㞘,㞘,dū,đốc
㞙,㞙,niào,niệu
㞛,㞛,jǐ,kỉ
㞜,㞜,tuī,thôi
㞞,㞞,sóng,sùng
㞟,㞟,diàn,điện
㞠,㞠,láo,liêu
㝾,㝾,zuǒ,trở
㞂,㞂,tuǐ,thoái
㞄,㞄,ān,am
㞉,㞉,zā,trát
㞊,㞊,xù,tuất
㞋,㞋,niǎn,giẫy
㞐,㞐,jū,cư
㞕,㞕,xiè,tiết
㠏,㟆,huá,hoa
㠐,㠐,jiào,khiêu
㠒,㠒,biǎo,biểu
㠓,㠓,méng,mông
㠗,㠗,ào,áo
㠙,㠙,háo,hào
㠟,㠟,lí,lê
㠣,𫵷,lì,lịch
㟽,㟽,biǎo,biểu
㠀,㠀,dǎo,đảo
㠁,㠁,shēn,sâm
㠄,㠄,xí,tập
㠆,㠆,dān,đan
㠉,㠉,tóng,đồng
㠋,㠋,è,ngạc
㠎,㠎,jí,tập
㟔,㟔,hán,hàm
㟚,㟚,qí,kì
㟝,㟝,péi,bồi
㟟,㟟,xiàng,hạng
㟤,㟤,lù,lục
㟧,㟧,è,ngạc
㟰,㟰,mǐng,mãnh
㟸,㟸,shān,phong
㟄,㟄,xiáng,tường
㟆,㟆,huá,hoa
㟈,㟈,qiú,cầu
㟌,㟌,máng,mang
㟍,㟍,láng,lang
㟏,㟏,hán,hàm
㟒,㟒,qūn,côn
㟓,㟓,qí,kì
㡷,㡷,běn,bản
㡺,㡺,dàn,đản
㡻,㡻,liào,liệu
㢃,㢃,láng,lang
㢆,㢆,chán,triền
㢈,㢈,tuí,đồi
㢉,㢉,chá,tra
㢊,㢊,ǎi,ải
㡠,㡠,zhèng,chứng
㡧,㡧,zhèng,chứng
㡩,㡩,luán,loan
㡭,㡭,jì,kế
㡲,㡲,huán,hoàn
㡳,㡳,zhǐ,chỉ
㡴,㡴,lā,lụp
㡶,㡶,zhǐ,chỉ
㡅,㡅,nuǒ,na
㡆,㡆,huāng,hoang
㡈,㡈,wèn,vấn
㡐,㡐,jiān,tiêm
㡗,㡗,tí,đề
㡘,㡘,lián,liêm
㡛,㡛,máng,mang
㡟,㡟,zāo,tao
㠦,㠦,fēng,phong
㠩,㠩,huāng,hoang
㠪,㠪,jù,cự
㠹,㠹,jiè,giới
㠺,㠺,shā,sa
㠻,㠻,chī,hy
㠽,㠽,tóng,đồng
㡂,㡂,lì,lệ
㣁,㣁,bèi,bị
㣄,㣄,qú,cù
㣉,㣉,gōng,cung
㣋,㣋,dān,đan
㣌,㣌,shàn,sảm
㣎,㣎,mù,mục
㣐,㣐,biàn,biến
㣓,㣓,càn,xán
㢪,㢪,yǐn,chẩn
㢬,㢬,hóng,hoành
㢭,㢭,zhǐ,chỉ
㢰,㢰,bì,bị
㢶,㢶,bì,bạt
㢼,㢼,biè,biệt
㢽,㢽,ěr,nhị
㢾,㢾,juàn,quyến
㢚,㢚,lǔ,lỗ
㢜,㢜,kàng,khảng
㢠,㢠,jiǒng,quýnh
㢡,㢡,jiǎng,tưởng
㢦,㢦,gē,ca
㢧,㢧,juàn,quyển
㢨,㢨,hàn,hãn
㢩,㢩,dì,đích
㢏,㢏,tóu,đầu
㢑,㢑,tuí,đồi
㢒,㢒,chá,tra
㢓,㢓,yǎo,trướng
㢕,㢕,yōng,ung
㢖,㢖,pān,phan
㢘,㢘,lián,liêm
㢙,㢙,qín,cần
㤔,㤔,fù,phụ
㤕,㤕,chù,trót
㤚,㤚,háng,hàng
㤠,㤠,liè,liệt
㤡,㤡,lì,sệt
㤣,㤣,bá,bạt
㤥,㤥,hài,hợi
㤦,㤦,lì,lị
㤅,㤅,ài,ái
㤆,㤆,fàn,phiến
㤇,㤇,ǎo,áo
㤊,㤊,xiào,hiệu
㤎,㤎,gē,ca
㤐,㤐,chān,thiếp
㤒,㤒,gāo,cao
㤓,㤓,bèn,bỡn
㣯,㣯,xiè,tiết
㣲,㣲,wéi,mi
㣵,㣵,tà,thát
㣺,㣺,xīn,sâm
㣼,㣼,rěn,ẩn
㣽,㣽,shù,thú
㤁,㤁,miǎn,thiểm
㤂,㤂,jí,cấp
㣔,㣔,dīng,đinh
㣘,㣘,xù,húc
㣚,㣚,tǒng,thống
㣝,㣝,sōng,tùng
㣞,㣞,duó,thoát
㣤,㣤,jiàn,kiến
㣦,㣦,wēi,uy
㣪,㣪,huǎn,hoán
㥱,㥱,fěi,phỉ
㥶,㥶,sè,tai
㥷,㥷,yè,ế
㥸,㥸,mǐn,mẫn
㥽,㥽,cè,sách
㥾,㥾,nì,nịch
㥿,㥿,ào,ngạo
㦀,㦀,féng,phùng
㥤,㥤,qiú,cầu
㥥,㥥,yú,ngùng
㥧,㥧,shùn,tuân
㥪,㥪,lóu,lưu
㥫,㥫,zhūn,truân
㥬,㥬,páng,bàng
㥭,㥭,tài,thái
㥯,㥯,yǐn,ẩn
㥁,㥁,dé,đức
㥃,㥃,mèn,muộn
㥅,㥅,shòu,thụ
㥆,㥆,tuì,thoái
㥈,㥈,dié,điệp
㥊,㥊,péng,bằng
㥑,㥑,yōu,ưu
㥛,㥛,jí,cực
㤧,㤧,hóu,hầu
㤨,㤨,gǒng,củng
㤩,㤩,kè,xác
㤯,㤯,jiǒng,quýnh
㤰,㤰,zuò,trách
㤳,㤳,běi,bẽ
㤻,㤻,tǎn,thản
㤿,㤿,yān,yêm
㧅,㧅,mù,đeo
㧊,㧊,pō,bát
㧍,㧍,fǎng,phang
㧎,㧎,yá,nha
㧐,㧐,sǒng,tủng
㧑,㧑,huī,huy
㧓,㧓,guā,cô
㧗,㧗,zǐ,chỉ
㦨,㦨,lán,lãn
㦫,㦫,zā,trát
㦲,㦲,zāi,tai
㦳,㦳,zhī,chi
㦴,㦴,gé,cách
㦻,㦻,xí,tập
㧁,㧁,qù,khứ
㧂,㧂,tián,điền
㦐,㦐,nì,nhị
㦖,㦖,mèn,muốn
㦚,㦚,biǎn,biển
㦜,㦜,huò,hoạch
㦡,㦡,lè,lạc
㦤,㦤,yì,ý
㦥,㦥,xuān,huyên
㦧,㦧,cǎn,thảm
㦂,㦂,cháng,thường
㦄,㦄,má,ma
㦆,㦆,hū,hú
㦇,㦇,lù,lục
㦉,㦉,yì,nhát
㦊,㦊,huá,hoa
㦍,㦍,è,ngạc
㦏,㦏,sǔn,duẩn
㨏,㨏,tān,than
㨔,㨔,hàn,giằm
㨖,㨖,zhì,chí
㨗,㨗,jié,tiệp
㨘,㨘,xǐng,tỉnh
㨙,㨙,xié,hài
㨛,㨛,shǎn,thiểm
㨜,㨜,qián,kiền
㧻,㧻,zhuó,đốc
㧼,㧼,biào,bíu
㧽,㧽,gù,cố
㧾,㧾,hū,hốt
㧿,㧿,cóng,tùng
㨂,㨂,dǒng,đổng
㨆,㨆,lǐn,lẫm
㨇,㨇,pó,bà
㧨,㧨,qiú,cầu
㧬,㧬,gǒng,củng
㧭,㧭,qióng,cung
㧯,㧯,lǎo,lỗ
㧰,㧰,lì,lịch
㧱,㧱,chèn,nã
㧲,㧲,sǎn,thẩm
㧴,㧴,wǒ,ngã
㧚,㧚,wǎ,ngoã
㧛,㧛,lǎn,lãm
㧝,㧝,zhǎ,tra
㧟,㧟,kuǎi,khối
㧡,㧡,hài,hợi
㧤,㧤,chòng,súng
㧥,㧥,xiǎn,tiển
㧧,㧧,shū,sơ
㩙,㩙,sāi,tai
㩚,㩚,méng,mông
㩜,㨫,lǎn,giam
㩝,㩝,háo,hào
㩞,㩞,cì,sách
㩟,㩟,zhài,trại
㩠,㩠,āo,ngao
㩡,㩡,luǒ,dủi
㨾,㨾,yàng,dạng
㨿,㨿,jù,cứ
㩅,㩅,chōu,thu
㩍,㩍,cè,sách
㩐,㩐,dèn,đôn
㩒,㩒,qín,cắm
㩕,㩕,mǐng,mính
㩖,㩖,qiáng,cường
㨩,㨩,jié,tiệp
㨪,㨪,huàng,hoảng
㨫,㨫,lǎn,lãm
㨭,㨭,hù,hộ
㨮,㨮,dōu,đâu
㨲,㨲,cè,sách
㨶,㨶,dǎo,đẽo
㨼,㨼,lüè,lược
㨝,㨝,xiē,tiết
㨞,㨞,sù,tố
㨟,㨟,hāi,cai
㨠,㨠,mì,mịch
㨢,㨢,pī,nâng
㨤,㨤,huì,khối
㨦,㨦,sǒng,tủng
㨨,㨨,chōu,thu
㪗,㪗,tǒu,thẩu
㪝,㪝,liàn,luyện
㪠,㪠,qiān,trâm
㪢,㪢,shǎo,sảo
㪨,㪨,shàn,thiện
㪰,㪰,zhāi,trai
㪱,㪱,huàn,hoán
㪲,㪲,jí,kiệt
㩽,㩽,qí,kì
㪁,㪁,qín,cầm
㪅,㪅,gèng / gēng,canh
㪆,㪆,dǐ,để
㪊,㪊,qún,quần
㪋,㪋,hàn,hãn
㪎,㪎,shǎn,thiểm
㪖,㪖,lù,lục
㩯,㩯,pó,bàn
㩲,㩲,kǔn,quyền
㩳,㧐,sǒng,tủng
㩵,擜,è,ngột
㩸,㩸,dié,điệp
㩹,㩹,dié,điệp
㩺,㩺,qī,khi
㩻,㩻,qī,khi
㩢,㩢,miè,mót
㩣,㩣,wēi,ủy
㩤,㩤,fū,phu
㩥,㩥,shè,thiệp
㩧,㩧,bó,bẹo
㩩,㩩,qǐng,khoảnh
㩬,㩬,yǐn,uẩn
㩭,㩭,bó,giảo
㫩,㫩,dù,độ
㫪,㫪,chōng,thung
㫳,㫳,chén,thần
㫴,㫴,jiào,giáo
㫵,㫵,fēi,phi
㫻,㫻,kùn,luôn
㫼,㫼,dié,xế
㫽,㫽,lù,lục
㫕,㫕,huāng,hoang
㫗,㫗,hòu,hậu
㫙,㫙,fú,phù
㫞,㫞,màn,mạn
㫠,㫠,huāng,hoang
㫡,㫡,dōng,đông
㫥,㫥,mǐng,minh
㫦,㫦,tāo,thao
㫂,㫂,zhù,chú
㫄,㫄,páng,bàng
㫅,㫅,chá,kì
㫋,㫋,zhān,chiên
㫎,㫎,huī,huy
㫑,㫑,zhǐ,chỉ
㫒,㫒,gǒng,cung
㫔,㫔,gèn,cấn
㪳,㪳,kuāng,khuông
㪶,㪶,hú,hộc
㪸,㪸,zhǔ,đẩu
㪻,㪻,juàn,quyến
㪼,㪼,kě,khả
㪾,㪾,luò,lạc
㫀,㫀,dǐng,đính
㫁,㫁,duàn,đoạn
㬲,㬲,tiān,chiêm
㬵,㬵,xiáo,giao
㬶,㬶,hào,hạo
㬿,㬿,tūn,thôn
㭈,㭈,jué,quyết
㭉,㭉,huá,hoa
㭊,㭊,xī,tích
㭍,㭍,qī,thất
㬝,㬝,céng,tằng
㬞,㬞,hè,hạt
㬠,㬠,shài,sái
㬢,㬢,xī,hy
㬦,㬦,yuè,hoạch
㬪,㬪,dié,điệp
㬭,㬭,jiào,chiếu
㬱,㬱,tì,thế
㬏,㬏,lì,lịch
㬐,㬐,jìn,tuấn
㬓,㬓,piào,phiếu
㬔,㬔,háo,hào
㬘,㬘,sù,túc
㬙,㬙,wěi,vĩ
㬚,㬚,chè,triệt
㬜,㬜,jìn,tuấn
㬁,㬁,chī,xi
㬆,㬆,mǐn,mẫn
㬇,㬇,huàn,hoán
㬉,㬉,nuǎn,noãn
㬊,㬊,huǎn,hoán
㬋,㬋,hóu,hầu
㬌,㬌,jìng,cảnh
㬍,㬍,bó,bác
㮔,㮔,chòng,tròng
㮙,㮙,è,ngạc
㮡,㮡,guàn,quán
㮢,㮢,hóu,hầu
㮤,㮤,róng,dung
㮧,㮧,wū,ô
㮪,㮪,qióng,cung
㮴,㮴,shóu,thục
㭿,㭿,áng,ngang
㮀,㮀,hán,hàm
㮃,㮃,wēi,uy
㮄,㮄,bǎng,bảng
㮈,㮈,nài,nậy
㮌,㮌,mián,miên
㮎,㮎,bēi,bôi
㮏,㮏,nài,nại
㭪,㭪,fū,phu
㭭,㭭,bā,bát
㭮,㭮,zuò,trát
㭲,㭲,jí,góc
㭴,㭴,jiān,kiên
㭻,㭻,táng,đường
㭽,㭽,dǐ,để
㭾,㭾,jué,quật
㭏,㭏,wěi,vĩ
㭑,㭑,mèi,muội
㭓,㭓,biàn,biện
㭛,㭛,pài,phái
㭝,㭝,qiú,cầu
㭟,㭟,gǒng,củng
㭡,㭡,xì,thế
㭨,㭨,xié,gia
㯫,㯫,qú,cù
㯭,㯭,lǔ,lỗ
㯮,㯮,shú,thục
㯯,㯯,gòng,cống
㯲,㯲,jìn,cụm
㯷,㯷,pú,bục
㯹,㯹,biǎo,biểu
㯺,㯺,jiàn,hãm
㯛,㯛,hú,hồ
㯝,㯝,lù,rọ
㯞,㯞,juàn,quyến
㯟,㯟,lù,lộc
㯢,㯢,zhèn,trẫm
㯣,㯣,qiáo,kiều
㯥,㯥,cáo,tào
㯦,㯦,qí,kì
㯆,㯆,chǎn,sản
㯉,㯉,huò,hoạch
㯊,㯊,hén,hằn
㯎,㯎,nèn,non
㯓,㯓,tà,tháp
㯗,㯗,xián,nhàn
㯘,㯘,kuǎn,khoản
㯚,㯚,tā,đáp
㮷,㮷,jī,kê
㮸,㮸,sòng,tống
㮹,㮹,zhǐ,chỉ
㮺,㮺,běn,bản
㮻,㮻,qiān,thiên
㮾,㮾,lǎng,lãng
㯁,㯁,péi,bồi
㯃,㯃,qī,thất
㱃,㱃,yǐn,ẩm
㱋,㱋,què,xác
㱍,㱍,luán,loan
㱒,㱒,hē,ha
㱔,㱔,xiē,xa
㱕,㱕,guī,quy
㱜,㱜,zhá,trát
㱠,㱠,kū,phu
㰙,㰙,nuó,nạng
㰦,㰦,qù,khứ
㰧,㰧,hāi,khai
㰩,㰩,hāi,khai
㰳,㰳,yà,á
㰷,㰷,zì,chí
㰺,㰺,xià,hạ
㰾,㰾,jiào,khiếu
㰇,㰇,gài,khái
㰉,㰉,suì,toại
㰊,㰊,xián,tiềm
㰋,㰋,pín,tần
㰌,㰌,què,xác
㰏,㰏,lù,lộc
㰕,㰕,xī,hy
㰖,㰖,lǎn,lãm
㯻,㯻,gǔn,cổn
㯾,㯾,zāo,tao
㯿,㯿,liè,xộp
㰀,㰀,lí,lê
㰁,㰁,luǒ,lõi
㰂,㰂,shěn,thẩm
㰃,㰃,mián,miên
㰅,㰅,dí,đích
㲙,㲙,chù,xúc
㲚,㲚,shā,sa
㲛,㲛,zhǐ,chỉ
㲞,㲞,sū,tuất
㲡,㲡,nài,nại
㲣,㲣,bào,bạo
㲥,㲥,táng,đường
㲦,㲦,hàn,hãn
㲅,㲅,jì,kế
㲇,㲇,fǔ,phủ
㲈,㲈,sháo,thiều
㲉,㲉,què,xác
㲔,㲔,xiān,tiên
㲖,㲖,xiāo,tiêu
㲗,㲗,fū,phu
㲘,㲘,qú,cù
㱶,㱶,péng,bằng
㱹,㱹,lì,lịch
㱼,㱼,hāi,khai
㱾,㱾,gāi,cai
㱿,㱿,què,xác
㲁,㲁,kōng,hung
㲂,㲂,chéng,tằng
㲄,㲄,jué,nháo
㱢,㱢,láng,lang
㱣,㱣,tuǐ,thoái
㱦,㱦,qī,khi
㱩,㱩,dú,độc
㱫,㱫,làn,lạn
㱭,㱭,duàn,đoạn
㱰,㱰,zǎi,tể
㱳,㱳,mò,mạc
㳪,㳪,pì,vữa
㳬,㳬,xuán,tuyền
㳰,㳰,shào,sạo
㳶,㳶,nǒu,nhỏ
㳸,㳸,huā,hoa
㳹,㳹,wǎng,uổng
㳻,㳻,zé,trách
㳼,㳼,bì,tất
㳙,㳙,xuàn,quyên
㳝,㳝,pài,phái
㳞,㳞,chōng,trùng
㳠,㳠,tà,thát
㳡,㳡,guō,oa
㳤,㳤,xiàn,tiễn
㳥,㳥,lòng,lỏng
㳨,㳨,jiǎn,trát
㲻,㲻,nì,nịch
㲿,㲿,wǎng,uổng
㳀,㳀,guò,quá
㳁,㳁,zè,trắc
㳅,㳅,jiǎo,lưu
㳇,㳇,fù,phụ
㳌,㳌,yā,nhớp
㳎,㳎,biàn,biện
㲧,㲧,sào,tố
㲪,㲪,dēng,đăng
㲫,㲫,pú,bộc
㲬,㲬,jiāo,tiêu
㲲,㲲,dié,điệp
㲵,㲵,mǐ,mễ
㲷,㲷,dàn,đạm
㲸,㲸,xī,ướt
㴼,㴼,sù,túc
㴽,㴽,xiè,tiết
㴿,㴿,dǐng,đính
㵁,㵁,liú,lưu
㵂,㵂,shù,thú
㵃,㵃,shé,xà
㵄,㵄,hàn,hán
㵋,㵋,mì,mịch
㴩,㴩,yōng,ung
㴬,㴬,xiè,tạ
㴮,㴮,xiè,tiết
㴱,㴱,shēn,sâm
㴳,㴳,lǒng,lũng
㴴,㴴,chén,đậm
㴶,㴶,què,xác
㴸,㴸,shǎn,thiểm
㴑,㴑,sù,tố
㴖,㴖,luò,lạc
㴛,㴛,zhì,chí
㴜,㴜,biàn,phiến
㴞,㴞,tāo,thao
㴥,㴥,qiào,tiếu
㴦,㴦,guàn,quán
㴨,㴨,zhèn,trẫm
㳽,㳽,mǐ,ni
㳾,㳾,qiāng,cương
㳿,㳿,xiè,tiết
㴅,㴅,xiāo,tiêu
㴊,㴊,shěn,thẩm
㴋,㴋,sù,túc
㴏,㴏,wǎng,uổng
㴐,㴐,miàn,miến
㶑,㶑,liàn,liễm
㶒,㶒,shǎn,thiểm
㶖,㶖,shù,túc
㶚,㶚,bà,bá
㶜,㶜,yù,úc
㶤,㶤,chǎo,tạch
㶧,㶧,nèn,non
㶨,㶨,pǐ,phái
㵲,㵲,wǔ,vũ
㵳,㵳,liáo,liêu
㵷,㵷,biàn,biện
㵹,㵹,huán,hoàn
㶅,㶅,xué,hạc
㶇,㶇,héng,hoạnh
㶍,㶍,xiǎn,tiển
㶎,㶎,huán,hoàn
㵞,㵞,chóu,sầu
㵟,㵟,wēi,vi
㵡,㵡,báo,bạc
㵢,㵢,léi,loi
㵣,㵣,kě,hạt
㵧,㵧,gé,cát
㵮,㵮,chún,thuần
㵯,㵯,féng,phùng
㵌,㵌,xún,tuần
㵎,㵎,jiàn,gián
㵐,㵐,jué,quyết
㵑,㵑,hè,hạ
㵒,㵒,fèi,phè
㵕,㵕,shèn,rướm
㵗,㵗,píng,bằng
㵙,㵙,xǐ,hỷ
㷮,㷮,zāo,tao
㷴,㷴,gé,lịch
㷵,㷵,mò,mạch
㷹,㷹,zhào,tráo
㸁,㸁,hǎn,hán
㸃,㸃,diǎn,điểm
㸄,㸄,jì,tế
㸈,㸈,zhuī,truy
㷠,㷠,lín,lân
㷡,㷡,jiǒng,quýnh
㷢,㷢,zhǎ,trả
㷥,㷥,bào,bạo
㷩,㷩,xǐ,hy
㷫,㷫,qǐng,khánh
㷬,㷬,mò,mạc
㷭,㷭,fēng,phong
㷍,㷍,lún,lân
㷎,㷎,hè,hạt
㷑,㷑,yān,yên
㷖,㷖,zhào,chiếu
㷗,㷗,jiǒng,quýnh
㷙,㷙,qíng,kình
㷛,㷛,bǎo,bảo
㷟,㷟,tuì,thoái
㶮,㶮,xǐ,hỷ
㶰,㶰,hán,hàm
㶳,㶳,jìn,tận
㶶,㶶,nóng,nóng
㶹,㶹,hòng,hống
㶻,㶻,shēng,tinh
㶽,㶽,guā,oa
㷅,㷅,chǎo,sao
㹝,㹝,shì,thị
㹟,㹟,jué,quyết
㹢,㹢,jiā,gia
㹥,㹥,zhù,chó
㹦,㹦,diāo,điêu
㹧,㹧,āng,ương
㹪,㹪,shān,san
㹳,㹳,wú,ngô
㹁,㹁,liáng,lương
㹆,㹆,huī,huy
㹊,㹊,yuè,ngạc
㹌,㹌,chǎn,sản
㹍,㹍,dí,địch
㹔,㹔,jiāng,cương
㹖,㹖,huàn,hoạn
㹗,㹗,tāo,thao
㸪,㸪,chún,thuần
㸫,㸫,qián,kiên
㸭,㸭,bā,ba
㸮,㸮,fén,phần
㸯,㸯,kē,khoa
㸺,㸺,shā,sa
㸼,㸼,bàng,bàng
㸿,㸿,dú,độc
㸉,㸉,xiè,tiết
㸏,㸏,mí,mi
㸗,㸗,tóng,đồng
㸠,㸠,tiǎo,điểu
㸡,㸡,shū,thự
㸢,㸢,bèi,bị
㸤,㸤,piàn,phiến
㸦,㸦,hù,hộ
㻃,㻃,qū,khúc
㻄,㻄,bǎo,bảo
㻊,㻊,máng,môn
㻋,㻋,là,lạt
㻍,㻍,wú,ngô
㻎,㻎,lì,sắt
㻕,㻕,jué,quật
㻝,㻝,là,lạt
㺬,㺬,gǒng,củng
㺭,㺭,zǐ,chỉ
㺰,㺰,bàn,bình
㺴,㺴,bā,bát
㺷,㺷,xù,tuất
㺸,㺸,píng,bình
㺹,㺹,biàn,biện
㻂,㻂,píng,bình
㺗,㺗,chān,xan
㺛,㺛,zhù,chú
㺞,㺞,yú,dữ
㺡,㺡,lì,lịch
㺢,㺢,huò,quát
㺤,㺤,xiān,tiêm
㺥,㺥,chán,sàm
㺩,㺩,jiù,cữu
㹴,㹴,gēng,canh
㹶,㹶,tíng,đình
㹹,㹹,gēng,canh
㹻,㹻,wō,oa
㹽,㹽,chǎn,sản
㺅,㺅,hóu,hầu
㺏,𤠋,lóu,trâu
㺔,㺔,hài,voi
㼥,㼥,tǒu,thẩu
㼦,㼦,gǒng,củng
㼧,㼧,tóng,đồng
㼨,㼨,hán,hàm
㼷,㼷,chuán,chuyên
㼺,㼺,táng,đường
㼼,㼼,piáo,bầu
㼾,㼾,lù,lục
㼓,㼓,lián,liêm
㼕,㼕,dāng,đang
㼗,㼗,tíng,đình
㼘,㼘,wǎ,ngoã
㼜,㼜,àng,áng
㼝,㼝,fàn,oản
㼠,㼠,tuó,đà
㼡,㼡,shū,thự
㻺,㻺,lì,lịch
㻿,㻿,shǔ,thục
㼄,㼄,píng,bình
㼈,㼈,luó,la
㼉,㼉,zhèn,trẫm
㼋,㼋,gū,cô
㼎,㼎,bó,bạc
㼑,㼑,liàn,luyện
㻡,㻡,xuē,tiết
㻧,㻧,duò,đoạ
㻨,㻨,mù,lục
㻫,㻫,bì,tất
㻭,㻭,sè,sắt
㻮,㻮,càn,xán
㻶,㻶,bǐ,tất
㻹,㻹,xuān,huyên
㾄,㾄,dú,rù
㾅,㾅,zǐ,chỉ
㾆,㾆,rán,tiêm
㾇,㾇,mù,mục
㾈,㾈,fù,phụ
㾌,㾌,xuǎn,tiển
㾐,㾐,lì,lệ
㾑,㾑,dá,đáp
㽳,㽳,xū,võ
㽴,㽴,zhàng,tượng
㽵,㽵,zhuāng,trang
㽹,㽹,fǎn,phản
㽺,㽺,jí,cấp
㽽,㽽,gù,cố
㾂,㾂,hāi,khai
㾃,㾃,tuó,đà
㽐,㽐,bī,tì
㽑,㽑,tán,đàm
㽒,㽒,shēng,sanh
㽙,㽙,jùn,tuấn
㽝,㽝,lì,lệ
㽞,㽞,liú,lưu
㽣,㽣,yù,vực
㽱,㽱,jiǎo,giảo
㼿,㼿,tóng,đồng
㽁,㽁,lì,lịch
㽃,㽃,pān,phan
㽅,㽅,xiàn,hiến
㽆,㽆,dāng,đang
㽋,㽋,luó,la
㽍,㽍,yāng,ương
㽎,㽎,tán,đàm
㿉,㿉,tuǐ,đồi
㿋,㿋,sào,tố
㿍,㿍,jiè,giới
㿏,㿏,qún,quần
㿓,㿓,jiá,giáp
㿗,㿗,tuí,đồi
㿚,㿚,luò,loa
㿛,㿛,lì,lệ
㾺,㾺,mà,mạ
㾼,㾼,tuǐ,thoái
㾾,㾾,xiān,hem
㾿,㾿,láng,lang
㿀,㿀,bì,tì
㿃,㿃,zhì,tế
㿇,㿇,xí,tập
㿈,㿈,tān,than
㾪,㾪,shěng,tỉnh
㾬,㾬,yú,du
㾮,㾮,huáng,hoàng
㾰,㾰,hú,hồ
㾵,㾵,jì,kế
㾶,㾶,gǔ,cốt
㾸,㾸,gǎo,cảo
㾹,㾹,chái,sài
㾗,㾗,liàng,lượng
㾙,㾙,xìn,ấn
㾚,㾚,xiē,xa
㾛,㾛,qǐn,tẩm
㾡,㾡,què,khước
㾦,㾦,pèi,phôi
㾧,㾧,kuò,khoá
㾩,㾩,guāi,quai
䀓,䀓,huàn,hoán
䀖,䀖,tiān,thiên
䀗,䀗,jué,quyết
䀙,䀙,qì,thế
䀚,䀚,áng,ngang
䀞,䀞,tāo,thao
䀠,䀠,jù,cù
䀡,䀡,chàn,xem
㿿,㿿,yǎ,ngoã
䀃,䀃,tuí,đồi
䀄,䀄,méng,mông
䀆,䀆,jìn,tận
䀇,䀇,gǔ,cổ
䀉,䀉,qiáo,kiều
䀍,䀍,kàn,khám
䀒,䀒,qiān,thiên
㿬,㿬,bā,ba
㿭,㿭,chè,sách
㿲,㿲,hú,hộc
㿴,㿴,dā,đáp
㿸,㿸,wǎn,vãn
㿹,㿹,tà,thát
㿻,㿻,gān,can
㿾,㿾,zhù,trữ
㿜,㿜,biě,tất
㿝,㿝,xiāng,hương
㿠,㿠,huàng,quang
㿡,㿡,lèi,luy
㿣,㿣,hē,hạt
㿤,㿤,chǔn,xuẩn
㿨,㿨,lì,lịch
㿫,㿫,bì,bí
䁟,䁟,chá,tra
䁠,䁠,lián,liêm
䁢,䁢,xuán,tuyền
䁣,䁣,chuán,tuyền
䁥,䁥,nì,nật
䁧,䁧,miáo,miêu
䁬,䁬,céng,tằng
䁮,䁮,qián,tiềm
䁁,䁁,liàng,lượng
䁅,䁅,měng,mãnh
䁍,䁍,qià,kháp
䁔,䁔,xuān,huyên
䁖,䁖,lōu,lâu
䁗,䁗,kǎi,khải
䁛,䁛,guì,coi
䁞,䁞,shěng,tỉnh
䀭,䀭,gāi,cai
䀱,䀱,fēng,phong
䀲,䀲,mù,mục
䀶,䀶,liàng,lượng
䀷,䀷,jié,kiếp
䀺,䀺,chōu,thu
䀻,䀻,pìng,sánh
䀾,䀾,dǔ,đảo
䀣,䀣,bì,bí
䀤,䀤,mào,mậu
䀥,䀥,shuò,thước
䀦,䀦,gǔ,cổ
䀧,䀧,hǒng,hòng
䀩,䀩,luò,nhác
䀪,䀪,háng,hàng
䀫,䀫,jiá,giáp
䂶,䂶,jié,kiếp
䂷,䂷,guāi,quai
䂺,䂺,wǒ,oả
䂿,䂿,tà,đạp
䃁,䃁,yā,nha
䃂,䃂,gǔn,cổn
䃇,䃇,mián,miên
䃈,䃈,jiē,giai
䂢,䂢,dǒng,đổng
䂤,䂤,fù,phụ
䂦,䂦,zhēn,chân
䂬,䂬,gǒng,củng
䂮,䂮,lüè,lược
䂯,䂯,guài,quái
䂳,䂳,cuǒ,sở
䂵,䂵,gōng,cung
䂈,䂈,tóng,đồng
䂍,䂍,bó,bạc
䂏,䂏,diāo,điêu
䂓,䂓,guī,quy
䂖,䂖,shí,thạch
䂘,䂘,ài,nại
䂟,䂟,jiā,gia
䂡,䂡,dǐ,để
䁯,䁯,xī,kháp
䁲,䁲,mái,mai
䁻,䀥,shuò,thước
䁼,䁼,mò,mạch
䁽,䁽,liè,xợp
䁿,䁿,mò,mạch
䂂,䂂,qú,cù
䂃,䂃,jiào,chiếu
䄉,䄉,é,nga
䄑,䄑,huó,hoạt
䄕,䄕,shè,xã
䄖,䄖,yú,du
䄙,䄙,míng,minh
䄚,䄚,cáo,tào
䄢,䄢,qí,trai
䄤,䄤,lài,lại
䃹,䃹,làn,lạn
䃺,䃺,mó,ma
䃻,䃻,bà,bá
䃿,䃿,fū,phu
䄀,䄀,huò,hoạ
䄃,䄃,yāng,ương
䄅,䄅,juàn,quyến
䄆,䄆,huó,hoạt
䃤,䃤,sù,túc
䃪,䃪,tán,đàn
䃫,䃫,dǎn,đảm
䃭,䃭,gǎn,cảm
䃮,鿎,dá,đạt
䃯,䃯,lì,lịch
䃲,䃲,pán,bàn
䃶,䃶,huái,hoài
䃌,䃌,zhēn,chân
䃑,䃑,bān,ban
䃔,䃔,hóng,hồng
䃙,䃙,lù,lục
䃞,䃞,shú,thục
䃟,䃟,sǎn,tản
䃠,䃠,xuàn,tuyền
䃡,䃡,jīn,châm
䅪,䅪,tuí,đồi
䅭,䅭,páng,bàng
䅮,䅮,càng,sáng
䅯,䅯,táng,đường
䅲,䅲,qí,kì
䅾,䅾,cén,thầm
䅿,䅿,huáng,hoa
䆀,䆀,měi,mỗi
䅖,䅖,ān,am
䅘,䅘,lái,lai
䅜,䅜,duò,đoạ
䅝,䅝,kōng,hung
䅡,䅡,xǔ,thuỷ
䅣,䅣,huáng,hoàng
䅨,䅨,xū,hương
䅩,䅩,zhǐ,chỉ
䅃,䅃,qióng,cung
䅆,䅆,zì,chí
䅇,䅇,sù,túc
䅉,䅉,yà,á
䅌,䅌,juān,quyên
䅍,䅍,tǐng,đĩnh
䅒,䅒,máng,mang
䅕,䅕,jū,cư
䄭,䄭,nián,niên
䄮,䄮,fū,phu
䄰,䄰,yá,nha
䄷,䄷,shí,thạch
䄹,䄹,nián,niên
䄼,䄼,tiǎn,thiểm
䄽,䄽,tiǎn,tiên
䅀,䅀,liè,liệt
䇇,䇇,méng,manh
䇉,䇉,lì,lập
䇋,䇋,hài,hợi
䇌,䇌,qiào,tiếu
䇐,䇐,lì,lị
䇑,䇑,bà,bãi
䇒,䇒,jiè,giới
䇔,䇔,luò,loa
䆲,䆲,kāng,khuông
䆺,䆺,pān,phan
䆻,䆻,qiào,khíu
䆼,䆼,kē,oa
䆽,䆽,qú,cù
䆾,䆾,lán,lam
䇂,䇂,qiān,khiên
䇆,䇆,shǒu,thủ
䆣,䆣,chén,thần
䆤,䆤,qióng,quỳnh
䆥,䆥,suì,toại
䆦,䆦,shèn,sâm
䆧,䆧,kuò,khuếch
䆩,䆩,míng,minh
䆪,䆪,hōng,hung
䆭,䆭,xuān,khiên
䆁,䆁,gāo,cao
䆂,䆂,lián,liêm
䆉,䆉,bà,bãi
䆋,䆋,qiū,thu
䆎,䆎,xiān,tiêm
䆖,䆖,hóng,hoành
䆚,䆚,tóng,đồng
䆠,䆠,huàn,hoạn
䈓,䈓,gé,cát
䈔,䈔,jiǎ,giá
䈕,䈕,shí,thì
䈖,䈖,kē,khoa
䈗,䈗,suǒ,tỏa
䈠,䈠,huǎn,hoán
䈣,䈣,zhèng,chứng
䈤,䈤,qián,kiềm
䈂,䈂,píng,bình
䈄,䈄,hán,hàm
䈅,䈅,yù,vực
䈆,䈆,dài,đại
䈇,䈇,zhào,tráo
䈈,䈈,féi,phì
䈏,䈏,báo,bạc
䈑,䈑,guǎ,quả
䇨,䇨,gòng,cống
䇭,䇭,lǎo,lỗ
䇮,䇮,rèn,sậy
䇲,䇲,cè,sách
䇷,䇷,bié,tất
䇻,䇻,wěi,vỉ
䈀,䈀,sān,san
䈁,䈁,lún,lân
䇕,䇕,shàn,thiện
䇘,䇘,hù,hộ
䇛,䇛,zhǐ,chỉ
䇝,䇝,jiān,tiêm
䇟,䇟,jiàn,kiến
䇠,䇠,zhù,trữ
䇡,䇡,zhù,trữ
䇥,䇥,zé,trách
䉩,䉩,yán,nghiêm
䉫,䉫,lí,lê
䉱,䉱,ōu,âu
䉲,䉲,mí,ni
䉳,䉳,xiān,tiên
䉸,䉸,biàn,biện
䉺,䉺,hóng,hồng
䉻,䉻,qí,kì
䉕,䉕,céng,tằng
䉟,䉟,huò,hoạch
䉠,䉠,wéi,mi
䉣,䉣,xiè,xá
䉤,䉤,sǒu,tẩu
䉥,䉥,sǒng,tùng
䉦,䉦,qiān,thiên
䉧,䉧,liú,lưu
䈻,䈻,pú,bồ
䉀,䉀,shù,thú
䉃,䉃,jiǎng,tưởng
䉈,䉈,sǎn,tản
䉉,䉉,gū,cô
䉋,䉋,mèi,mị
䉎,䉎,táng,đường
䉐,䉐,kū,phu
䈫,䈫,nà,nắp
䈬,䈬,pú,bồ
䈮,䈮,jù,cứ
䈱,䈱,tāo,thao
䈲,䈲,bān,bàn
䈳,䈳,tà,đạp
䈴,䈴,qiàn,khiếm
䈸,䈸,hú,hộc
䊥,䊥,xiào,khiếu
䊨,䊨,luó,la
䊪,䊪,lì,lệ
䊮,䊮,dí,địch
䊱,䊱,xiān,tiêm
䊳,䊳,mí,mi
䊵,䊵,qiú,cầu
䊸,䊸,yū,u
䊚,䊚,chàng,sướng
䊛,䊛,sà,sát
䊝,䊝,xiè,tiết
䊟,䊟,mén,môn
䊡,䊡,mán,môn
䊢,䊢,jiāng,tương
䊣,䊣,huáng,hoàng
䊤,䊤,tán,đàm
䊉,䊉,sǎn,thẩm
䊊,䊊,wèi,mị
䊋,䊋,mǐng,mính
䊏,䊏,chū,sơ
䊒,䊒,què,xác
䊓,䊓,shì,thị
䊕,䊕,héng,hàng
䊗,䊗,huáng,hoàng
䉼,䉼,liào,liệu
䉾,䉾,bì,bí
䉿,䉿,hú,hồ
䊀,䊀,hú,hồ
䊁,䊁,cāo,thao
䊂,䊂,cè,sách
䊄,䊄,qióng,cung
䊅,䊅,míng,minh
䌅,䌅,táng,đường
䌈,䌈,tā,tháp
䌉,䌉,shéng,thằng
䌋,䌋,dā,đáp
䌎,䌎,lüè,lược
䌐,䌐,mì,mịch
䌑,䌑,jiān,kiên
䌒,䌒,lù,lục
䋦,䋦,fán,mối
䋧,䋧,qú,cù
䋪,䋪,ē,a
䋯,䋯,qǐ,khánh
䋸,䋸,xún,tuần
䋺,䋺,chǐ,suy
䌀,䌀,kē,khoa
䌃,䌃,xiāo,tiêu
䋒,䋒,róng,nhung
䋖,䋖,yù,luột
䋗,䋗,zhàn,triển
䋛,䋛,mǐ,mễ
䋜,䋜,qìng,khánh
䋠,䋠,bǔ,bảo
䋡,䋡,chú,thù
䋥,䋥,lí,lưới
䊹,䊹,xiān,tiêm
䊺,䊺,hù,hộ
䊽,䊽,guài,quái
䊾,䊾,mù,mục
䊿,䊿,bó,phu
䋉,䋉,xué,quyết
䋍,䋍,hù,hỗ
䋏,䋏,zuó,tạc
䍥,䍥,lì,lịch
䍧,䍧,zāng,tang
䍫,䍫,tuó,đà
䍭,䍭,zhú,trục
䍰,䍰,shàn,tiên
䍳,䍳,què,quyết
䍶,䍶,dōng,đông
䍷,䍷,wěi,vĩ
䍐,䍐,hǎn,khản
䍑,䍑,hǎn,khản
䍓,䍓,hù,hộ
䍚,䍚,làng,lãng
䍛,䍛,gù,cố
䍜,䍜,zhào,tráo
䍞,䍞,yù,vực
䍡,䍡,lù,lục
䌸,䌸,juàn,quyến
䌹,䌹,jiǒng,quýnh
䍀,䍀,lán,lam
䍄,䍄,diǎn,điểm
䍇,䍇,tà,đạp
䍈,䍈,píng,bình
䍊,䍊,jiāo,giao
䍋,䍋,chuí,thùy
䌕,䌕,mí,mi
䌚,䌚,sū,túc
䌡,䌡,tǐ,thể
䌥,䌥,yǐn,dẫn
䌭,䌭,jiāo,tiêu
䌯,䌯,quān,huyên
䌲,䌲,chóu,trù
䌶,䌶,zhì,chỉ
䏁,䏁,zǎi,tể
䏃,䏃,mián,miên
䏅,䏅,qì,thế
䏆,䏆,cáo,tào
䏇,䏇,piào,phiếu
䏈,䏈,lián,loan
䏋,䏋,sù,túc
䏎,䏎,féng,phùng
䎧,䎧,bàng,bạng
䎯,䎯,hàn,hán
䎴,䎴,gēng,canh
䎵,䎵,bì,bí
䎶,䎶,èr,nhị
䎷,䎷,zhù,chú
䎸,䎸,wù,ngộ
䎼,䎼,lù,lục
䎍,䎍,liáo,liêu
䎑,䎑,lù,lục
䎓,䎓,tà,đạp
䎔,䎔,fū,phu
䎗,䎗,qiáo,kiều
䎘,䎘,sù,túc
䎝,䎝,chú,chú
䎤,䎤,jú,cục
䍸,䍸,bó,bác
䍺,䍺,huàn,hoàn
䍽,䍽,lì,lịch
䍿,䍿,huáng,hoàng
䎁,䎁,hú,hồ
䎂,䎂,bǎo,bảo
䎆,䎆,liào,liệu
䎋,䎋,kào,khảo
䐏,䐏,chǔn,xuẩn
䐐,䐐,qiū,thu
䐘,䐘,jué,cược
䐙,䐙,gé,cách
䐥,䐥,wěng,ỏng
䐧,䐧,kào,hao
䐩,䐩,gāi,cai
䐪,䐪,fàn,tuấn
䏻,䏻,néng,năng
䏼,䏼,cán,tàn
䏿,䏿,qǐ,khải
䐁,䐁,zhuó,đốc
䐂,䐂,lù,lục
䐄,䐄,xiàn,hãm
䐇,䐇,wěn,mẫn
䐉,䐉,zì,chí
䏥,䏥,màn,man
䏦,䏦,guā,quát
䏧,䏧,nà,da
䏪,䏪,èr,nhị
䏭,䏭,zhū,chu
䏯,䏯,zhì,chí
䏴,䏴,shào,teo
䏷,䏷,hàn,hãn
䏐,䏐,jué,quyết
䏒,䏒,piàn,phiến
䏓,䏓,guǎn,quản
䏕,䏕,rèn,nhẫm
䏘,䏘,pì,thất
䏛,䏛,chǔn,xuẩn
䏝,䏝,zhuān,chuyên
䏡,䏡,shì,thị
䑝,䑝,jiǎ,giả
䑟,䑟,huáng,hoàng
䑡,䑡,chài,đạ
䑢,䑢,tì,thế
䑤,䑤,jìn,khấm
䑧,䑧,fú,phu
䑨,䑨,duò,đà
䑩,䑩,chóu,trù
䑏,䑏,quán,quyền
䑑,䑑,pú,bộc
䑒,䑒,shé,thiết
䑕,䑕,shǔ,thử
䑗,䑗,dàng,đường
䑚,䑚,tián,điềm
䑛,䑛,chǐ,thị
䑜,䑜,tà,tháp
䐾,䐾,duó,đạc
䐿,䐿,ào,áo
䑁,䑁,wù,ốc
䑃,䑃,méng,mông
䑄,䑄,pì,bị
䑇,䑇,zhì,chất
䑈,䑈,bó,bẹo
䑎,䑎,chǎn,thảm
䐬,䐬,cáo,tào
䐭,䐭,zhì,giái
䐲,䐲,zhé,tập
䐴,䐴,guì,guốc
䐶,䐶,zān,trâm
䐷,䐷,dān,đan
䐻,䐻,gū,cô
䐼,䐼,xì,hệ
䒦,䒦,fàn,phiến
䒩,䒩,hé,hoà
䒪,䒪,biàn,biện
䒬,䒬,mò,mạc
䒭,䒭,děng,đẳng
䒱,䒱,zhēng,chưng
䒶,䒶,tiān,thiên
䒷,䒷,guā,cô
䒘,䒘,gōng,oanh
䒚,䒚,shǎo,tiểu
䒛,䒛,huàn,hoạn
䒜,䒜,niú,ngâu
䒟,䒟,dān,đan
䒠,䒠,fēng,phong
䒢,䒢,áng,ngang
䒥,䒥,mán,môn
䒅,䒅,téng,đằng
䒆,䒆,chè,triệt
䒈,䒈,fèi,phi
䒉,䒉,wǔ,vũ
䒋,䒋,yǎng,dưỡng
䒌,䒌,mìng,mệnh
䒔,䒔,bài,bái
䒕,䒕,xiǎo,tiểu
䑭,䑭,dì,đế
䑳,䑳,lún,lân
䑴,䑴,qí,kì
䑵,䑵,mù,mục
䑺,䑺,méi,mê
䑿,䑿,sù,túc
䒁,䒁,xí,tập
䒂,䒂,jiǎng,tưởng
䓿,䓿,hàn,hám
䔀,䔀,xū,tu
䔅,䔅,gē,ca
䔈,䔈,gòng,cống
䔌,䔌,hú,hồ
䔑,䔑,xié,tà
䔒,䔒,bèi,bụi
䔕,䔕,pú,bồ
䓨,䓨,yīng,anh
䓫,䓫,qí,kì
䓮,䓮,mào,mậu
䓯,䓯,dú,độc
䓱,䓱,chái,sài
䓵,䓵,fū,phu
䓶,䓶,lài,lại
䓼,䓼,máng,mang
䓐,䓐,chún,thuần
䓑,䓑,píng,bình
䓒,䓒,kuǎi,quảy
䓖,䓖,qióng,cung
䓢,䓢,gù,cố
䓣,𬜯,liǎng,lưỡng
䓥,䓥,là,lạt
䓦,䓦,diǎn,điển
䒸,䒸,xuè,huyết
䒼,䒼,qū,khúc
䓄,䓄,yín,ngân
䓅,䓅,qí,cần
䓊,䓊,wú,ngô
䓌,䓌,zhì,chí
䓍,䓍,hǎn,khản
䓏,䓏,fū,phu
䕒,䕒,jiā,gia
䕔,䕔,xián,hàm
䕖,䕖,shù,thuật
䕗,䕗,bì,bị
䕙,䕙,jié,tiệp
䕚,䕚,kuì,quỹ
䕛,䕛,jiá,giáp
䕝,䕝,chēng,sắng
䔽,䔽,ài,ái
䕀,䕀,kuǎn,khoản
䕁,䕁,fěi,phỉ
䕄,䕄,zhēng,chưng
䕅,䕅,sǎo,tẩu
䕆,䕆,dòu,đậu
䕋,䕋,táng,đường
䕏,䕏,é,nga
䔤,䔤,pā,bát
䔥,䔥,xiāo,tiêu
䔪,䔪,shuǎng,tảng
䔲,䔲,dēng,đắng
䔴,䔴,cè,trắc
䔵,䔵,lán,lan
䔶,䔶,tí,đề
䔷,䔷,qín,cầm
䔗,䔗,xiáng,tường
䔙,䔙,diào,điếu
䔚,䔚,chún,thuần
䔛,䔛,qǐng,khoảnh
䔜,䔜,nán,nam
䔝,䔝,zhāi,trai
䔢,䔢,huá,hoa
䔣,䔣,lí,lê
䖙,䖙,tī,đề
䖚,䖚,wū,ô
䖜,䖜,yín,hồi
䖟,䖟,mǎng,mang
䖡,䖡,nǜ,nục
䖢,䖢,miáo,miêu
䖥,䖥,lí,mâu
䖦,䖦,qū,uất
䖇,䖇,yù,uất
䖉,䖉,yú,ngư
䖍,䖍,qián,kiền
䖐,䖐,yín,ngân
䖑,䖑,mì,mịch
䖓,䖓,nà,nọi
䖔,䖔,kǎn,khảm
䖗,䖗,yán,nham
䕲,䕲,lǐn,lẫm
䕶,䕶,hù,hộ
䕷,䕷,mí,mi
䕸,䕸,jiē,giai
䕻,䕻,lì,lệ
䕿,䕿,hàn,hán
䖀,䖀,xiào,hiệu
䖂,䖂,luán,loan
䕞,䕞,làng,lãng
䕢,䕢,zhǎ,trả
䕤,䕤,jī,kì
䕧,䕧,xiào,giao
䕨,䕨,téng,đằng
䕩,䕩,lǎo,lỗ
䕬,䕬,jiāng,khương
䕯,䕯,piáo,bèo
䗠,䗠,xuán,tuyền
䗣,䗣,hàn,hàm
䗦,䗦,fēng,phong
䗫,䗫,má,ma
䗬,䗬,fēng,phong
䗮,䗮,shuǎng,tảng
䗯,䗯,jìn,tuấn
䗰,䗰,guàn,quán
䗔,䗔,hóu,hầu
䗖,䗖,dì,đế
䗗,䗗,jī,khiên
䗘,䗘,gé,cáp
䗚,䗚,bó,bác
䗝,䗝,cán,sàm
䗞,䗞,cán,sàm
䗟,䗟,yì,ế
䖸,䖸,é,nga
䗆,䗆,guǎn,quản
䗈,䗈,méng,mang
䗊,䗊,tàn,vẹm
䗋,䗋,móu,mâu
䗍,䗍,lǐ,lễ
䗑,䗑,yì,nhập
䗒,䗒,bìng,tinh
䖧,䖧,nà,nài
䖨,䖨,shí,thạch
䖫,䖫,bàng,bạng
䖬,䖬,zhà,trá
䖲,䖲,xún,tuần
䖴,䖴,yáo,riêu
䖵,䖵,kūn,côn
䖷,䖷,xī,he
䘵,䘵,lù,lục
䘶,䘶,hān,hàm
䘷,䘷,biē,biệt
䘸,䘸,yì,dịch
䘾,䘾,guǎn,quản
䙂,䙂,fǔ,phủ
䙃,䙃,duò,đoạ
䙅,䙅,yāo,yêu
䘟,䘟,diāo,điêu
䘣,䘣,zǐ,chỉ
䘤,䘤,shù,thuật
䘭,䘭,zhì,chí
䘮,䘮,sāng,tang
䘯,䘯,jié,triền
䘰,䘰,shān,tiên
䘴,䘴,zhān,chiên
䘏,䘏,xù,tuất
䘐,䘐,nǜ,nục
䘑,䘑,mài,mạch
䘓,䘓,kàn,khám
䘕,䘕,háng,hàng
䘗,䘗,shé,thiết
䘛,䘛,yù,uất
䘜,䘜,zhú,trục
䗱,䗱,pú,bộc
䗵,䗵,jiāng,cương
䘂,䘂,wén,văn
䘄,䘄,zhù,chú
䘆,䘆,xiǎn,hến
䘇,䘇,wén,văn
䘉,䘉,cán,sàm
䘌,䘌,nì,nật
䚀,䚀,bì,bích
䚁,䚁,xiàn,hiện
䚆,䚆,yǐng,ánh
䚈,䚈,juàn,quyến
䚊,䚊,jiǎn,quyên
䚎,䚎,zhòng,trọng
䚑,䚑,mái,mai
䚓,䚓,niǎn,thẩm
䙭,䙭,biàn,biến
䙱,䙱,dú,thục
䙲,䙲,qiān,thiên
䙴,䙴,qiān,thiên
䙸,䙸,dé,đức
䙺,䙺,lián,liêm
䙻,䙻,jiào,tiếu
䙿,䙿,wèi,mị
䙜,䙜,féng,phùng
䙝,䙝,xiè,điệp
䙞,䙞,dēng,đăng
䙦,䙦,méng,mông
䙧,䙧,huàng,hoàng
䙨,䙨,guǒ,quả
䙩,䙩,méng,mông
䙪,䙪,lóng,phán
䙈,䙈,hóu,hầu
䙉,䙉,xún,tuần
䙎,䙎,xié,hài
䙐,䙐,kè,khắc
䙔,䙔,ōu,âu
䙖,䙖,fú,phục
䙗,䙗,tì,thế
䙘,䙘,chǔ,sở
䛔,䛔,ná,nã
䛗,䛗,zhǐ,chỉ
䛚,䛚,lüè,lược
䛛,䛛,huì,hối
䛞,䛞,hàn,hãn
䛡,䛡,huà,thoại
䛢,䛢,tū,thóc
䛦,䛦,sòng,tụng
䚿,䚿,yìn,nhẫm
䛃,䛃,wàn,hoán
䛄,䛄,yuǎn,uyển
䛅,䛅,xiá,hạp
䛉,䛉,miàn,miến
䛎,䛎,xuè,huyết
䛒,䛒,biàn,biện
䛓,䛓,jiān,giam
䚪,䚪,guān,quan
䚯,䚯,tǎo,thổ
䚳,䚳,zhì,chí
䚴,䚴,wà,hoạt
䚵,䚵,tǒu,thẩu
䚶,䚶,tiān,thiên
䚼,䚼,nǜ,nục
䚽,䚽,hào,hao
䚙,䚙,xuān,huyên
䚚,䚚,xiǎn,tiển
䚛,䚛,hú,hộc
䚞,䚞,dǎi,thái
䚟,䚟,dǎi,thái
䚡,䚡,sāi,tai
䚢,䚢,chè,triệt
䚧,䚧,liú,lưu
䜣,䜣,xīn,nhân
䜥,䜥,tàn,thán
䜩,䜩,yàn,yến
䜪,䜪,qiú,cầu
䜭,䜭,jùn,tuấn
䜰,䜰,hú,hộc
䜱,䜱,mǎn,môn
䜵,䜵,chǐ,thị
䜐,䜐,huī,huy
䜒,䜒,ào,áo
䜕,䜕,mài,mại
䜗,䜗,xìn,ấm
䜘,䜘,jǐng,cảnh
䜙,䜙,án,cầm
䜚,䜚,tà,đạp
䜟,䜟,chén,sấm
䛿,䛿,gé,cách
䜃,䜃,duī,đôi
䜇,䜇,gǔn,cổn
䜉,䜉,chī,thất
䜊,䜊,zāo,tao
䜌,䜌,luán,loan
䜍,䜍,liáo,liêu
䜏,䜏,tuō,tha
䛧,䛧,mí,mê
䛫,䛫,zhāng,chương
䛯,䛯,jù,cứ
䛱,䛱,tí,đề
䛵,䛵,shòu,thụ
䛸,䛸,chè,trâm
䛺,䛺,jiè,giới
䛾,䛾,sù,tố
䝽,䝽,ài,ngải
䞀,䞀,hòu,hậu
䞃,䞃,zhì,chí
䞇,䞇,dié,chí
䞉,䞉,shèng,thặng
䞋,䞋,chèn,sấn
䞐,䞐,chǔn,duẩn
䞑,䞑,hóng,hồng
䝪,䝪,shǔ,tỏa
䝫,䝫,zuó,tạc
䝬,䝬,zhù,chú
䝳,䝳,cán,tàn
䝴,䝴,tāi,thai
䝶,䝶,liáng,lương
䝺,䝺,guàn,quán
䝻,䝻,jū,cư
䝌,䝌,jué,quyết
䝏,䝏,lóu,lưu
䝔,䝔,huān,hoan
䝗,䝗,mào,mạo
䝚,䝚,ní,ni
䝣,䝣,qú,cù
䝤,䝤,lǎo,lỗ
䝥,䝥,háo,hào
䜶,䜶,xiáng,giáng
䜸,䜸,měi,mỗi
䜺,䜺,chǎi,sách
䜻,䜻,chǐ,thị
䝀,䝀,liú,lưu
䝂,䝂,shù,thụ
䝆,䝆,zhǔ,trư
䝇,䝇,hán,hoàn
䟒,䟒,quán,quyền
䟔,䟔,fù,phụ
䟕,䟕,chà,xoa
䟗,䟗,shì,thị
䟘,䟘,hàng,hạng
䟛,䟛,bó,bạt
䟢,䟢,chén,giẫy
䟣,䟣,chù,xuất
䞿,䞿,qiān,khiên
䟅,䟅,jiàn,tiệm
䟆,䟆,bì,tất
䟊,䟊,qú,cù
䟋,䟋,zhǎn,triển
䟌,䟌,jí,tiệp
䟍,䟍,biān,biên
䟐,䟐,lì,lịch
䞪,䞪,jiàng,tượng
䞭,䞭,cūn,xuân
䞮,䞮,tū,thao
䞱,䞱,hú,hộc
䞴,䞴,zhāo,trào
䞵,䞵,juě,quyết
䞹,䞹,huáng,hoàng
䞺,䞺,chūn,xuân
䞖,䞖,shǔ,thục
䞚,䞚,qí,kì
䞛,䞛,yān,yên
䞢,䞢,zuó,trách
䞤,䞤,qú,cù
䞧,䞧,hòu,hậu
䞨,䞨,guǐ,khuể
䞩,䞩,è,ấp
䠙,䠙,páng,bàng
䠝,䠝,xūn,huyên
䠟,䠟,dié,điệp
䠠,䠠,chì,thế
䠢,䠢,mèng,mộng
䠣,䠣,xuǎn,rón
䠥,䠥,bié,tất
䠦,䠦,zhè,chí
䠇,䠇,jué,quật
䠈,䠈,tú,dột
䠉,䠉,huàn,hoán
䠊,䠊,fèi,phi
䠍,䠍,xiā,hà
䠑,䠑,kuǐ,khuể
䠒,䠒,hú,hồ
䠓,䠓,qiū,thu
䟼,䟼,wǔ,vũ
䟽,䟽,shū,sơ
䟾,䟾,zhuó,đốt
䠁,䠁,biàn,biện
䠂,䠂,chú,sở
䠃,䠃,liǎng,lưỡng
䠅,䠅,kǔn,khổn
䠆,䠆,cháng,tường
䟥,䟥,méng,mông
䟦,䟦,bá,bạt
䟧,䟧,tián,điền
䟬,䟬,qiù,kheo
䟯,䟯,kuò,quát
䟱,䟱,shū,sơ
䟵,䟵,qiú,cầu
䟷,䟷,chì,thế
䡚,䡚,mào,mạo
䡜,䡜,lù,lục
䡠,䡠,hún,hồn
䡦,䡦,sǎng,tảng
䡧,䡧,wū,ô
䡨,䡨,chà,sài
䡮,䡮,zhàn,luân
䡹,䡹,zhì,chí
䡏,䡏,hóng,hoành
䡐,䡐,tuó,đà
䡒,䡒,tián,điền
䡔,䡔,qǐ,khải
䡖,䡖,qìng,khánh
䡗,䡗,gǒng,củng
䡘,䡘,tián,điền
䡙,䡙,láng,lang
䠼,䠼,shù,thú
䠽,䠽,hái,hài
䠾,䠾,shǎn,thiểm
䡁,䡁,lǒng,lũng
䡊,䡊,fǎn,phản
䡋,䡋,qí,kì
䡌,䡌,hóng,hoành
䡍,䡍,fú,phù
䠧,䠧,chú,tra
䠩,䠩,guì,quỹ
䠰,䠰,quán,quyền
䠴,䠴,zhěn,chẩn
䠵,䠵,fù,phụ
䠶,䠶,shè,xạ
䠸,䠸,kuā,khoa
䠹,䠹,ái,hài
䢺,䢺,chū,xuất
䢻,䢻,chén,thần
䢼,䢼,gōng,cung
䢽,䢽,xiàng,hạng
䣅,䣅,chén,thần
䣇,䣇,qiú,cầu
䣈,䣈,hàng,hạng
䣊,䣊,dǎng,đảng
䢧,䢧,liào,liệu
䢬,䢬,qiān,thiên
䢯,䢯,lín,lân
䢱,䢱,dú,độc
䢲,䢲,yuè,hoạch
䢳,䢳,jǐ,kỉ
䢴,䢴,hán,hàn
䢶,䢶,máng,mang
䢙,䢙,bài,bại
䢚,䢚,gēng,canh
䢛,䢛,jiǒng,quýnh
䢝,䢝,yà,á
䢞,䢞,shù,thuật
䢠,䢠,sòng,tống
䢢,䢢,càng,sáng
䢦,䢦,shuài,suốt
䡽,䡽,zuān,chuyên
䢂,䢂,lì,lạp
䢅,䢅,chén,thần
䢌,䢌,bó,bát
䢎,䢎,dì,tấn
䢐,䢐,cú,tào
䢑,䢑,dǐ,để
䢒,䢒,jiāo,giao
䣻,䣻,hān,kham
䣼,䣼,liáng,lương
䣾,䣾,mì,mịch
䤇,䤇,qiān,tê
䤍,䤍,mí,mê
䤎,䤎,jú,cốt
䤐,䤐,jǐn,chẳm
䤑,䤑,wàng,áng
䣪,䣪,pò,bát
䣮,䣮,pò,bát
䣰,䣰,jù,cự
䣱,䣱,xù,chú
䣲,䣲,fàn,phiến
䣳,䣳,shǔ,thục
䣵,䣵,èr,nhị
䣷,䣷,zhū,chua
䣙,䣙,péi,bồi
䣚,䣚,lóu,lưu
䣛,䣛,qī,sắt
䣞,䣞,è,ngạc
䣟,䣟,cán,sàm
䣣,䣣,dǎng,đảng
䣨,䣨,chún,thuần
䣩,䣩,chún,thuần
䣌,䣌,dǐ,để
䣏,䣏,gōng,cung
䣑,䣑,chán,triền
䣓,䣓,lí,lê
䣔,䣔,suǒ,tỏa
䣕,䣕,mǎ,mã
䣖,䣖,mǎ,mã
䣘,䣘,táng,đường
䥎,䥎,chún,thuần
䥐,䥐,móu,mâu
䥑,鿏,mài,phạm
䥔,䥔,sù,túc
䥖,䥖,tián,điền
䥗,䥗,kuǎn,khoản
䥝,䥝,áo,ngao
䥞,䥞,jiǎo,kiểu
䥂,䥂,mèng,mộng
䥃,䥃,yuè,ngạc
䥅,䥅,qiàn,cầm
䥆,䥆,jǐn,cầm
䥈,䥈,mǔ,vũ
䥊,䥊,tì,thế
䥌,䥌,zhèng,chứng
䥍,䥍,zhì,chí
䤤,䤤,kāi,khai
䤫,䤫,chán,sàm
䤲,䤲,chì,xích
䤳,䤳,yè,tạ
䤴,䤴,hán,hàm
䤻,䤻,duò,đoạ
䤽,䤽,guān,quan
䥁,䥁,hán,hàm
䤔,䤔,jiàn,tiệm
䤕,䤕,xuè,xác
䤗,䤗,gǎn,cảm
䤘,䤘,chǎn,thảm
䤙,䤙,lì,lịch
䤛,䤛,qiú,cầu
䤠,䤠,zhǐ,chỉa
䤢,䤢,róng,dung
䦑,䦑,xuè,huyết
䦒,䦒,dàng,đãng
䦓,䦓,zhān,trâm
䦛,䦶,zhèng,tránh
䦜,䦜,wú,ngô
䦡,䦡,huán,hoàn
䦢,䦢,kuò,khoát
䦪,䦪,yà,ngột
䥾,䥾,xiě,tả
䦁,䦁,é,nga
䦇,䦇,jì,kế
䦉,䦉,sì,tứ
䦋,䦋,áo,ngao
䦌,䦌,chù,xử
䦎,䦎,guǎn,quản
䦐,䦐,tǐng,đinh
䥬,䥬,bó,bác
䥭,䥭,zhèng,chứng
䥱,䥾,xiě,tả
䥲,䥲,ōu,âu
䥴,䥴,juān,quyên
䥵,䥵,xiǎo,hẻo
䥶,䥶,lì,lịch
䥽,䥽,pō,bát
䥟,䥟,yè,ế
䥠,䥠,shān,tiên
䥣,䥣,záo,tạc
䥤,䥤,báo,bạc
䥥,䥥,lián,liêm
䥧,䥧,huán,tuyền
䥩,䥩,wéi,mi
䥫,䥫,tiě,thiết
䧫,䧫,háo,hào
䧮,䧮,xiàn,hiến
䧯,䧯,chán,sàm
䧱,䧱,fēn,phân
䧲,䧲,hàn,can
䧸,䧸,què,tước
䧹,䧹,yīng,anh
䧺,䧺,xióng,hồng
䧛,䧛,bàng,bàng
䧜,䧜,táng,đường
䧞,䧞,mà,mạ
䧟,䧟,xiàn,hãm
䧠,䧠,shuàn,chuyên
䧣,䧣,biāo,tiêu
䧧,䧧,yǐ,nghĩ
䧪,䧪,chè,thiếp
䧃,䧃,tián,điền
䧆,䧆,hóng,hồng
䧊,䧊,kū,nháo
䧐,䧐,gǔ,hộc
䧒,䧒,lái,lai
䧕,䧕,chéng,vực
䧖,䧖,jiàn,kiến
䧚,䧚,hào,hạo
䦬,䦬,què,quyết
䦮,䦮,chǔn,xuẩn
䦯,䦯,zhì,chí
䦰,䦰,gū,cúc
䦳,䦳,xiàng,hướng
䦺,䦺,dīng,đinh
䦻,䦻,zǐ,chỉ
䦼,䦼,jué,quyết
䨼,䨼,hù,hộ
䨽,䨽,fěi,phỉ
䨿,䨿,zá,tập
䩁,䩁,fēi,phi
䩃,䩃,shì,thị
䩇,䩇,zhān,trâm
䩈,䩈,huì,hối
䩉,䩉,fǔ,phụ
䨢,䨢,dàn,đạm
䨣,䨣,gé,cách
䨤,䨤,dí,địch
䨧,䨧,wú,vũ
䨬,䨬,lián,liêm
䨭,䨭,xiāo,tiêu
䨮,䨮,xuě,thuyết
䨹,䨹,shū,túc
䨉,䨉,hú,hộc
䨌,䨌,báo,bạc
䨎,䨎,hóng,hoành
䨑,䨑,tí,đề
䨔,䨔,báo,bạc
䨕,䨕,pī,tích
䨟,䨟,wā,oa
䨡,䨡,hán,hàm
䧻,䧻,zhī,chích
䧼,䧼,hú,hộc
䧾,䧾,chuò,xoạt
䨀,䨀,dí,địch
䨂,䨂,qiū,thu
䨄,䨄,yàn,am
䨅,䨅,liáo,liêu
䨇,䨇,shuāng,song
䪆,䪆,tǐ,thể
䪇,䪇,bó,bạc
䪌,䪌,zhàn,tạm
䪐,䪐,bì,bí
䪑,䪑,tuó,đà
䪒,䪒,zhù,chú
䪓,䪓,diē,nhẹ
䪔,䪔,bǔ,bảo
䩺,䩺,wēng,ung
䩻,䩻,bà,bá
䩼,䩼,féng,phùng
䪀,䪀,guǎn,quản
䪁,䪁,bǔ,bộc
䪂,䪂,gé,cách
䪄,䪄,huáng,hoàng
䪅,䪅,dú,độc
䩩,䩩,yuǎn,uyển
䩪,䩪,guǎn,quản
䩫,䩫,liǎng,lưỡng
䩬,䩬,běng,bổng
䩭,䩭,mí,mê
䩮,䩮,lù,lục
䩲,䩲,dū,đao
䩴,䩴,hú,hồ
䩑,䩑,hóng,hoành
䩓,䩓,qí,kì
䩕,䩕,áng,ngang
䩖,䩖,diệp,diệp
䩗,䩗,bà,bá
䩞,䩞,tié,thiếp
䩠,䩠,hóng,quảng
䩡,䩡,jiá,giáp
䫪,䫪,shuǎng,tảng
䫫,䫫,lóu,lưu
䫬,䫬,zhěn,chẳm
䫯,䫯,yú,ngung
䫳,䫳,dú,độc
䫵,䫵,mián,miên
䫶,䫶,fán,phần
䫷,䫷,è,ngạc
䫒,䫒,mén,môn
䫓,䫓,wú,ngô
䫖,䫖,chěn,tẩm
䫗,䫗,xiá,hà
䫙,䫙,sǎng,tảng
䫚,䫚,guā,cô
䫛,䫛,hóu,hầu
䫜,䫜,āo,âu
䪱,䪱,gǎi,cải
䪴,䪴,zhěn,chẳm
䪻,䪻,biàn,biện
䪽,䪽,hào,hạo
䫁,䫁,bì,bị
䫃,䫃,chún,thuần
䫉,䫉,mào,mạo
䫊,䫊,péi,bồi
䪗,䪗,xiá,hà
䪛,䪛,fān,phiên
䪞,䪞,zá,tập
䪠,䪠,qǐ,khải
䪡,䪡,zhāi,trai
䪢,䪢,dǎo,đảo
䪣,䪣,zhì,trĩ
䪦,䪦,hóng,hồng
䭌,䭌,hú,hồ
䭍,䭍,hú,hồ
䭔,䭔,duī,đôi
䭖,䭖,zhù,chú
䭪,䭪,liáng,lương
䭫,䭫,qǐ,khải
䭬,䭬,qǐ,khải
䭱,䭱,bié,tất
䬭,䬭,rán,nhiên
䬵,䬵,gāi,cai
䬷,䬷,shě,tả
䬸,䬸,cān,tham
䭄,䭄,shì,thị
䭅,䭅,hú,hồ
䭈,䭈,jiàn,kiên
䭋,䭋,bǎo,bão
䬟,䬟,liú,lưu
䬠,䬠,fēi,phi
䬡,䬡,zhù,chú
䬢,䬢,sù,tốc
䬦,䬦,dòu,đấu
䬩,䬩,shí,thực
䬪,䬪,bó,bác
䬫,䬫,tí,đề
䫹,䫹,hóng,hồng
䫺,䫺,hóng,hoành
䫼,䫼,xuè,huyết
䬓,䬓,àn,ám
䬖,䬖,héng,hoạnh
䬚,䬚,liú,lưu
䬜,䬜,ān,át
䬝,䬝,héng,hoạnh
䮲,䮲,huáng,hoàng
䮴,䮴,dèng,đặng
䮵,䮵,tóng,đồng
䮶,䮶,tán,đàm
䮷,䮷,dú,độc
䮼,䮼,lín,lân
䯃,䯃,hóu,hầu
䯄,䯄,guā,oa
䮣,䮣,jiè,giới
䮤,䮤,hé,hạc
䮥,䮥,lì,lịch
䮦,䮦,xián,nhàn
䮧,䮧,hàn,hãn
䮨,䮨,zǎi,tể
䮭,䮭,mì,mịch
䮮,䮮,mài,mạch
䮋,䮋,lì,liệt
䮌,䮌,mǎ,mã
䮏,䮏,wú,ngô
䮐,䮐,bù,bộ
䮒,䮒,pū,phô
䮙,䮙,yù,vực
䮛,䮛,fù,phụ
䮞,䮞,chǔn,xuẩn
䭶,䭶,qí,kì
䭸,䭸,fù,phụ
䭹,䭹,áng,ngang
䭼,䭼,qí,kì
䭾,䭾,tuó,đà
䮃,䮃,wén,văn
䮆,䮆,bì,tất
䮇,䮇,yù,duật
䰐,䰐,lán,lam
䰑,䰑,mì,mịch
䰒,䰒,méng,mông
䰓,䰓,mián,miên
䰔,䰔,pán,bàn
䰛,䰛,lì,lịch
䰜,䰜,lì,lịch
䰝,䰝,zèng,tắng
䯻,䯻,jì,cáo
䯼,䯼,dí,địch
䰀,䰀,wǒ,oả
䰄,䰄,sāi,tai
䰅,䰅,xū,tu
䰇,䰇,qí,kì
䰉,䰉,pán,bàn
䰊,䰊,bó,bác
䯫,䯫,hào,hạo
䯭,䯭,xiān,tiêm
䯰,䯰,jiè,giới
䯳,䯳,sōng,tùng
䯴,䯴,cháng,tường
䯷,䯷,sōng,tùng
䯹,䯹,xiān,tiêm
䯺,䯺,kuò,quát
䯊,䯊,qià,khách
䯎,䯎,gàn,cán
䯔,䯔,zé,trách
䯖,䯖,láng,lang
䯞,䯞,kuā,khoa
䯠,䯠,ǎo,áo
䯧,䯧,qǐng,khoảnh
䯪,䯪,kǎo,khảo
䱞,䱞,liú,nại
䱤,䱤,xiàn,hãm
䱦,䱦,jù,cự
䱧,䱧,huàng,hoàng
䱫,䱫,là,lạt
䱱,䱱,tí,đề
䱵,䱵,wēng,ung
䱶,䱶,láng,lang
䱐,䱐,fū,phu
䱓,䱓,tíng,đình
䱕,䱕,móu,mòi
䱗,䱗,cān,xan
䱙,䱙,shū,túc
䱚,䱚,lù,lục
䱜,䱜,cuò,thố
䱝,䱝,pái,bài
䰾,鲃,bā,ba
䰿,䰿,tuó,đà
䱁,䱁,qiáo,kiều
䱄,䱄,jiè,giới
䱇,䱇,shàn,thiện
䱉,䱉,shàn,thiện
䱊,䱊,mǐ,mè
䱋,䱋,gǒng,củng
䰤,䰤,dōng,đông
䰧,䰧,hū,phu
䰨,䰨,mèi,mị
䰪,䰪,mèi,mị
䰫,䰫,chāo,sao
䰸,䰸,gōng,cung
䰹,䰹,zé,tặc
䰺,䰺,jiè,giới
䲭,䲭,chī,si
䲲,䲲,gōng,cung
䲳,䲳,háng,hàng
䲴,䲴,zhèn,trẫm
䲸,䲸,jiè,giới
䲼,䲼,shēng,sanh
䲽,䲽,shí,thạch
䲾,䲾,qiǎo,khảo
䲢,䲢,téng,đằng
䲤,䲤,yì,diệp
䲥,䲥,niǎo,điểu
䲦,䲦,dài,đại
䲨,䲨,hóng,hồng
䲩,䲩,zhì,trĩ
䲫,䲫,jiū,cưu
䲬,䲬,qí,kì
䲐,䲐,lǔ,lỗ
䲗,䲗,xián,hàm
䲘,鳤,guǎn,quản
䲝,䲝,chāng,thương
䲞,䲞,lì,lập
䲟,䲟,yìn,ấn
䲠,䲠,chūn,xuân
䲡,䲡,qiū,thu
䱹,䱹,zhǎ,trả
䱺,䱺,hái,hài
䱽,䲝,chāng,thương
䲀,䲀,zhì,chí
䲂,䲂,xuán,tuyền
䲋,䲋,cén,thầm
䲌,䲌,kuǎn,khoản
䲍,䲍,téng,đằng
䳽,䳽,hè,hạc
䳾,䳾,dēng,đăng
䴀,䴀,tóng,đồng
䴂,䴂,xiàng,tượng
䴅,䴅,fén,phần
䴆,䴆,pú,bộc
䴈,䴈,ǎo,áo
䴉,鹮,huán,tuyền
䳨,䳨,huáng,hoàng
䳭,䳭,jí,chích
䳰,䳰,bǎo,bảo
䳱,䳱,wù,vọ
䳳,䳳,xù,tuất
䳸,䳸,má,ma
䳻,䳻,cán,sàm
䳼,䳼,yú,du
䳓,䳓,lǎo,lỗ
䳗,䳗,é,nga
䳘,䳘,é,nga
䳚,䳚,kàn,khản
䳟,䳟,míng,minh
䳡,䳡,yàn,yến
䳢,䳢,qí,kì
䳤,䳤,biē,biệt
䳁,䳁,bó,bạt
䳂,䳂,diāo,sếu
䳅,䳅,zhǐ,chỉ
䳇,䳇,wǔ,vũ
䳈,䳈,bǎo,bảo
䳉,䳉,dàn,đông
䳋,䳋,tóng,đồng
䳌,䳌,zhān,chiên
䴹,䴹,guǒ,quả
䴿,䴿,méng,mông
䵀,䵀,suǒ,tỏa
䵄,䵄,bí,phong
䵆,䵆,méng,mông
䵈,䵈,kù,nháo
䵉,䵉,tóu,đầu
䵍,䵍,tuò,thác
䴥,䴥,jiā,gia
䴧,䴧,wēi,uy
䴩,䴩,piáo,bầu
䴪,䴪,lù,lục
䴭,䴭,cái,tài
䴰,䴰,shú,thục
䴴,䴴,tiè,thiếp
䴸,䴸,fū,phu
䴜,䴜,wāi,quay
䴞,䴞,dí,địch
䴟,䴟,huán,hoàn
䴠,䴠,yǎo,áo
䴡,䴡,lì,lệ
䴢,䴢,mí,mi
䴣,䴣,hū,phu
䴤,䴤,shēng,sanh
䴌,䴌,méng,mòng
䴍,䴍,yīng,oanh
䴐,䴐,bǎo,bảo
䴑,䴑,dié,điệp
䴔,䴔,jiāo,giao
䴕,䴕,liè,liệt
䴘,䴘,tī,đề
䴛,䴛,xiāo,tiêu
䶊,䶊,nǜ,nục
䶌,䶌,pào,pháo
䶍,䶍,dì,thế
䶏,䶏,tì,thế
䶑,䶑,tì,thế
䶕,䶕,bà,bãi
䶗,䶗,kè,ca
䶙,䶙,jù,cự
䵸,䵸,wèi,vĩ
䵺,䵺,tǐng,đĩnh
䵾,䵾,fú,phù
䵿,䵿,tiè,thiếp
䶃,䶃,hán,hàm
䶄,䶄,píng,bình
䶈,䶈,bó,bác
䶉,䶉,liú,lưu
䵧,䵧,zài,tái
䵨,䵨,máng,mang
䵩,䵩,lí,lê
䵪,䵪,gùn,côn
䵬,䵬,tà,đạp
䵯,䵯,tuǎn,thoản
䵶,䵶,qú,cù
䵷,䵷,wā,oa
䵑,䵑,nì,nật
䵒,䵒,nì,nật
䵔,䵔,dǒng,đổng
䵕,䵕,jù,cứ
䵚,䵚,tǎo,thổ
䵠,䵠,dí,đích
䵢,䵢,mèi,muội
䵥,䵥,yù,uất
世,世,shì,thế
丗,丗,shì,thế
丙,丙,bǐng,bính
东,东,dōng,đông
両,両,liǎng,lạng
丣,丣,yǒu,dậu
两,两,liǎng,lạng
並,并,bìng,tịnh
丆,丆,hǎn,đan
丈,丈,zhàng,trượng
丌,丌,jī,cơ
与,与,yǔ,dữ
丏,丏,miǎn,miễn
丐,丐,gài,cái
丑,丑,chǒu,sửu
专,专,zhuān,chuyên
䶰,䶰,jiāo,tiêu
䶱,䶱,tóng,đồng
䶴,䶴,chuā,sái
一,一,yī,nhất
丂,丂,kǎo,khảo
七,七,qī,thất
丄,丄,shàng,thượng
丅,丅,xià,hạ
䶛,䶛,là,lạt
䶞,䶞,qí,kì
䶟,䶟,xiàn,hãm
䶠,䶠,jiǎn,giam
䶢,䶢,jiān,giam
䶧,䶧,yǎo,rao
䶬,䶬,jiān,kiên
䶯,䶯,jiè,giới
乊,乊,yī,phù
之,之,zhī,chi
乌,乌,wū,ô
乏,乏,fá,phạp
乐,乐,lè,lạc
乑,乑,yín,chúng
乒,乒,pīng,binh
乓,乓,pāng,bàng
丽,丽,lì,lệ
乀,乀,fú,phật
乂,乂,yì,nghệ
乄,乄,wǔ,câu
久,久,jiǔ,cửu
乆,乆,jiǔ,cửu
乇,乇,tuō,thác
么,么,me,yêu
串,串,chuàn,xuyến
丳,丳,chǎn,sạn
临,临,lín,lâm
丵,丵,zhuó,trác
丶,丶,zhǔ,chủ
丷,丷,bā,bát
丸,丸,wán,hoàn
丼,丼,jǐng,đảm
丧,丧,sàng,tang
丨,丨,gǔn,cổn
丩,丩,jiū,cưu
个,个,gè,cá
丮,丮,jǐ,kịch
丯,丯,jiè,phong
丰,丰,fēng,phong
丱,丱,guàn,quán
乹,乹,gān,càn
乺,乺,suǒ,tỏa
乼,乼,cui,chú
亀,亀,guī,quy
亁,亁,gān,can
亂,乱,luàn,loạn
亄,亄,yì,ý
亅,亅,jué,quyết
乪,乪,náng,kịch
乫,乫,jiā,gia
乬,乬,jù,cự
乭,乭,shí,thạch
买,买,mǎi,mãi
乱,乱,luàn,loạn
乴,乴,xué,tích
乷,乷,shā,sa
也,也,yě,dã
习,习,xí,tập
乡,乡,xiāng,hương
乢,乢,gài,cái
乤,乤,xià,hạ
乥,乥,hù,phù
乧,乧,dǒu,đẩu
乩,乩,jī,kê
乔,乔,qiáo,kiều
乕,乕,hǔ,hổ
乖,乖,guāi,quai
乗,乗,chéng,thừa
乙,乙,yǐ,ất
乚,乚,yǐn,ất
乛,乛,ya,hoạnh
乜,乜,miē,khiết
亮,亮,liàng,lượng
亯,亯,xiǎng,hanh
亰,亰,jīng,kinh
亱,亱,yè,dạ
亳,亳,bó,bạc
亵,亵,xiè,tiết
亶,亶,dǎn,đản
亷,亷,lián,liêm
亥,亥,hài,hợi
亦,亦,yì,diệc
产,产,chǎn,sản
亩,亩,mǔ,mẫu
亪,亪,ye,biến
享,享,xiǎng,hưởng
京,京,jīng,kinh
亭,亭,tíng,đình
井,井,jǐng,tỉnh
亖,亖,sì,tứ
亚,亚,yà,á
亜,亜,yà,á
亝,亝,qí,tề
亞,亚,yà,á
亠,亠,tóu,đầu
交,交,jiāo,giao
了,了,le,liễu
亇,亇,ma,đinh
亊,亊,shì,sự
事,事,shì,sự
云,云,yún,vân
互,互,hù,hỗ
亓,亓,qí,kì
五,五,wǔ,ngũ
他,他,tā,tha
仗,仗,zhàng,trượng
付,付,fù,phó
仙,仙,xiān,tiên
仚,仚,xiān,khiên
仛,仛,tuō,thác
仝,仝,tóng,đồng
仞,仞,rèn,nhận
仍,仍,réng,nhưng
从,从,cóng,tòng
仏,仏,fó,phật
仐,仐,sǎn,thao
仑,仑,lún,lân
仒,仒,bīng,băng
仓,仓,cāng,thương
仕,仕,shì,sĩ
仂,仂,lè,lặc
仄,仄,zè,trắc
仇,仇,chóu,cừu
仈,仈,bā,bát
仉,仉,zhǎng,kẻ
今,今,jīn,kim
介,介,jiè,giới
仌,仌,bīng,băng
人,人,rén,nhân
亻,亻,rén,nhân
亼,亼,jí,tập
亽,亽,jí,tập
亾,亾,wáng,vong
亿,亿,yì,ức
什,什,shén,thập
仁,仁,rén,nhân
伐,伐,fá,phạt
休,休,xiū,hưu
伕,伕,fū,phu
伙,伙,huǒ,hỏa
会,会,huì,hội
伝,伝,yún,truyền
伟,伟,wěi,vĩ
伡,伡,chē,xa
伄,伄,diào,điếu
伇,伇,yì,dịch
伈,伈,xǐn,tẩm
伉,伉,kàng,kháng
伊,伊,yī,y
伋,伋,jí,cấp
伍,伍,wǔ,ngũ
伏,伏,fú,phục
仲,仲,zhòng,trọng
仳,仳,pǐ,tỷ
仵,仵,wǔ,ngỗ
件,件,jiàn,kiện
仼,仼,wáng,hoàng
伀,伀,zhōng,chung
企,企,qǐ,xí
伃,伃,yú,dư
仟,仟,qiān,thiên
仡,仡,gē,ngật
代,代,dài,đại
以,以,yǐ,dĩ
仨,仨,sā,ta
仫,仫,mù,mu
们,们,men,môn
仮,仮,fǎn,giả
佋,佋,zhāo,thiệu
佌,佌,cǐ,thử
位,位,wèi,vị
佐,佐,zuǒ,tá
佑,佑,yòu,hữu
体,体,tǐ,thể
何,何,hé,hà
佘,佘,shé,xà
伾,伾,pī,phi
佀,佀,sì,tự
佃,佃,diàn,điền
但,但,dàn,đãn
佇,伫,zhù,trữ
佈,布,bù,bố
佉,佉,qū,khư
佊,佊,bǐ,bè
伱,伱,nǐ,nễ
伲,伲,ní / nǐ,ni
伴,伴,bàn,bạn
伵,伵,xù,tớ
伸,伸,shēn,thân
伻,伻,bēng,bình
似,似,sì,tự
伽,伽,jiā,già
伢,伢,yá,nha
伦,伦,lún,lân
伧,伧,cāng,thương
伩,伩,xìn,nho
伫,伫,zhù,trữ
伮,伮,nǔ,nó
伯,伯,bó,bá
估,估,gū,cổ
併,并,bìng,tính
佶,佶,jí,cát
佷,佷,hěn,hận
佸,佸,huó,quát
佹,佹,guǐ,quỷ
佺,佺,quán,thuyên
佼,佼,jiǎo,giảo
佽,佽,cì,thứ
佫,佫,hè,hạc
佬,佬,lǎo,lão
佭,佭,xiáng,giáng
佮,佮,gé,cáp
佯,佯,yáng,dương
佰,佰,bǎi,bách
佳,佳,jiā,giai
佴,佴,nài,nhị
佡,佡,xiān,khiên
佢,佢,qú,cừ
佣,佣,yōng,dong
佤,佤,wǎ,ngoã
佥,佥,qiān,tiêm
佧,佧,kǎ,kha
佩,佩,pèi,bội
佪,佪,huí,hồi
余,余,yú,dư
佚,佚,yì,dật
佛,佛,fú,phật
作,作,zuò,tác
佝,佝,gōu,câu
佞,佞,nìng,nịnh
佟,佟,tóng,đông
你,你,nǐ,nể
侮,侮,wǔ,vũ
侱,侱,chěng,rình
侵,侵,qīn,xâm
侷,局,jú,cục
侹,侹,tǐng,đĩnh
侻,侻,tuì,thoát
侼,侼,bó,bụt
侽,侽,nán,nam
侘,侘,chà,sá
侚,侚,xùn,tuẫn
供,供,gōng,cung
侜,侜,zhōu,chu
価,価,sì,giá
侧,侧,cè,trắc
侨,侨,qiáo,kiều
侪,侪,chái,sài
侈,侈,chǐ,xỉ
侉,侉,kuǎ,khoa
侊,侊,guāng,quang
侌,侌,yīn,âm
侍,侍,shì,thị
侏,侏,zhū,chu
侐,侐,xù,tuất
侑,侑,yòu,hựu
佾,佾,yì,dật
侀,侀,xíng,hinh
侁,侁,shēn,thân
侂,侂,tuō,thác
侃,侃,kǎn,khản
侄,侄,zhí,chất
侅,侅,gāi,hời
侇,侇,yí,di
俫,俫,lái,lai
俬,私,sī,tư
俭,俭,jiǎn,kiệm
修,修,xiū,tu
俯,俯,fǔ,phủ
俱,俱,jù,câu
俲,俲,xiào,hiệu
俳,俳,pái,bài
保,保,bǎo,bảo
俞,俞,yú,du
俟,俟,qí,sĩ
俠,侠,xiá,hiệp
信,信,xìn,tín
俥,伡,chē,xa
俩,俩,liǎ,lưỡng
俪,俪,lì,lệ
俍,俍,liáng,lương
俎,俎,zǔ,trở
俏,俏,qiào,tiếu
俓,俓,jìng,kính
俔,伣,qiàn,khiếm
俗,俗,sú,tục
俘,俘,fú,phu
俜,俜,pīng,binh
便,便,biàn,tiện
俁,俣,yǔ,vũ
係,系,xì,hệ
促,促,cù,xúc
俄,俄,é,nga
俅,俅,qiú,cầu
俉,俉,wǔ,ngộ
俊,俊,jùn,tuấn
借,借,jiè,tá
倢,倢,jié,tiệp
倣,倣,fǎng,phỏng
値,値,zhí,trị
倥,倥,kǒng,không
倦,倦,juàn,quyện
倨,倨,jù,cứ
倪,倪,ní,nghê
倒,倒,dào,đảo
倓,倓,tán,đàm
倔,倔,jué,quật
倖,幸,xìng,hãnh
倚,倚,yǐ,ỷ
倜,倜,tì,thích
倝,倝,gàn,cán
倞,倞,jìng,kính
倃,倃,jiù,cữu
倆,俩,liǎ,lưỡng
倈,俫,lái,lười
個,个,gè,cá
倌,倌,guān,quan
倍,倍,bèi,bội
倏,倏,shū,thúc
倐,倐,shū,thúc
俴,俴,jiàn,kiến
俵,俵,biào,biểu
俷,俷,fèi,phị
俸,俸,fèng,bổng
俻,俻,bèi,bị
俾,俾,bǐ / bì,tỉ
倀,伥,chāng,trành
倂,倂,bìng,tính
偓,偓,wò,ốc
偕,偕,xié,giai
偘,偘,kǎn,khản
做,做,zuò,tố
停,停,tíng,đình
偝,偝,bèi,bội
偟,偟,huáng,hoàng
偡,偡,zhàn,tạm
偈,偈,jì,kệ
偉,伟,wěi,vĩ
偋,偋,bìng,bình
偌,偌,ruò,nhạ
偎,偎,wēi,ôi
偏,偏,piān,thiên
偐,偐,yàn,nhạn
偑,㐽,fēng,phong
倹,倹,jiǎn,kiệm
债,债,zhài,sái
倻,倻,yē,gia
值,值,zhí,trị
倽,倽,shà,xá
倾,倾,qīng,khuynh
偁,偁,chēng,xưng
偅,偅,zhòng,chổng
倫,伦,lún,luân
倮,倮,luǒ,khỏa
倲,㑈,dōng,đông
倳,倳,zì,chí
倵,倵,wǔ,vũ
倶,倶,jù,câu
倷,倷,nǎi,nãi
倸,倸,cǎi,thải
傑,杰,jié,kiệt
傒,傒,xī,hề
傓,傓,shàn,phiến
傔,傔,qiàn,khiểm
傕,傕,jué,quyết
傖,伧,cāng,sanh
備,备,bèi,bị
傚,傚,xiào,hiệu
偽,伪,wěi,nguỵ
偾,偾,fèn,phẫn
偿,偿,cháng,thường
傀,傀,kuǐ,khôi
傈,傈,lì,lật
傌,㐷,mà,má
傎,傎,diān,điên
傏,傏,táng,đường
偰,偰,xiè,tiết
側,侧,cè,trắc
偵,侦,zhēn,trinh
偶,偶,ǒu,ngẫu
偷,偷,tōu,thâu
偸,偸,tōu,thâu
偹,偹,bèi,bị
偺,偺,zá,ta
偢,偢,chǒu,thiễu
健,健,jiàn,kiện
偨,偨,cī,thày
偩,偩,fù,phụ
偪,偪,bī,bức
偫,偫,zhì,trĩ
偭,偭,miǎn,mạn
偯,偯,yǐ,ỷ
僅,仅,jǐn,cận
僇,僇,lù,lục
僉,佥,qiān,thiêm
僊,僊,xiān,tiên
僌,僌,yíng,tái
働,働,dòng,động
像,像,xiàng,tượng
僔,僔,zǔn,tổn
傻,傻,shǎ,xọa
傼,傼,hàn,hán
傽,傽,zhāng,chương
傾,倾,qīng,khuynh
傿,傿,yàn,yến
僂,偻,lóu,lũ
僃,僃,bèi,bị
僄,僄,piào,xỉu
傮,傮,zāo,tao
傯,偬,zǒng,tổng
傱,傱,sǒng,tuồng
傲,傲,ào,ngạo
傴,伛,yǔ,ủ
債,债,zhài,trái
傷,伤,shāng,thương
傺,傺,chì,sế
傜,傜,yáo,dao
傞,傞,suō,thoa
傢,家,jiā,gia
傣,傣,dǎi,thái
傤,傤,zài,tái
傦,傦,gǔ,cốt
储,储,chǔ,trữ
傭,佣,yōng,dong
僿,僿,sài,tái
儀,仪,yí,nghi
儁,俊,jùn,tuấn
儃,儃,chán,thản
億,亿,yì,ức
儅,儅,dàng,đang
儆,儆,jǐng,cảnh
儇,儇,xuān,huyên
僳,僳,sù,túc
僴,僴,xiàn,giản
僵,僵,jiāng,cương
僶,僶,mǐn,mẫn
價,价,jià,giá
僻,僻,pì,tích
僽,僽,zhòu,sậu
僾,僾,ài,ái
僨,偾,fèn,phẫn
僩,僩,xiàn,giản
僬,僬,jiāo,tiêu
僭,僭,jiàn,tiếm
僮,僮,tóng,đồng
僯,僯,lìn,lân
僰,僰,bó,bặc
僱,雇,gù,cố
僕,仆,pú,bộc
僖,僖,xī,hy
僚,僚,liáo,liêu
僞,伪,wěi,ngụy
僣,僣,tiě,thiết
僤,𫢸,dàn,dạn
僦,僦,jiù,tựu
僧,僧,sēng,tăng
儵,儵,shū,thúc
儷,俪,lì,lệ
儸,㑩,luó,la
儹,儹,zǎn,toản
儺,傩,nuó,na
儻,傥,tǎng,thảng
儼,俨,yǎn,nghiễm
儽,儽,léi,luy
儡,儡,lěi,lỗi
儤,儤,bào,bạo
儩,儩,sì,tứ
優,优,yōu,ưu
儭,儭,chèn,sấn
儱,儱,lǒng,lũng
儲,储,chǔ,trữ
儳,儳,chán,sàm
儓,儓,tái,đài
儔,俦,chóu,trù
儕,侪,chái,sài
儗,儗,nǐ,nghĩ
儛,儛,wǔ,vũ
儜,儜,níng,ninh
儞,儞,nǐ,nễ
償,偿,cháng,thường
儉,俭,jiǎn,kiệm
儊,儊,chù,sứ
儋,儋,dān,đam
儌,儌,jiǎo,kiêu
儍,儍,shǎ,xoạ
儎,傤,zài,tái
儐,傧,bīn,tấn
儒,儒,rú,nho
兦,兦,wáng,mang
全,全,quán,toàn
兪,兪,yú,du
八,八,bā,bát
公,公,gōng,công
六,六,liù,lục
兮,兮,xī,hề
兲,兲,tiān,thiên
兕,兕,sì,hủy
兗,兖,yǎn,duyện
党,党,dǎng,đảng
兜,兜,dōu,đâu
兞,兞,máo,hào
兟,兟,shēn,sân
兠,兠,dōu,đâu
入,入,rù,nhập
兆,兆,zhào,triệu
兇,凶,xiōng,hung
光,光,guāng,quang
克,克,kè,khắc
兎,兎,tù,thỏ
児,児,ér,nhi
兑,兑,duì,đoài
兔,兔,tù,thỏ
儾,儾,nàng,nang
儿,儿,ér,nhân
兀,兀,wù,ngột
允,允,yǔn,duẫn
兂,兂,zān,trâm
元,元,yuán,nguyên
兄,兄,xiōng,huynh
充,充,chōng,sung
冖,冖,mì,mịch
冗,冗,rǒng,nhũng
冘,冘,yín,đem
写,写,xiě,tả
冚,冚,kǎn,khấm
军,军,jūn,quân
冞,冞,mí,my
冡,冡,méng,trũng
册,册,cè,sách
再,再,zài,tái
冏,冏,jiǒng,quýnh
冐,冐,mào,mạo
冑,胄,zhòu,trụ
冓,冓,gòu,cấu
冔,冔,xǔ,hu
冕,冕,miǎn,miện
冃,冃,mào,mạo
冄,冄,rǎn,nhiễm
内,内,nèi,nội
円,円,yuán,viên
冇,冇,mǎo,mão
冉,冉,rǎn,nhiễm
冊,册,cè,sách
冋,冋,jiōng,quynh
关,关,guān,quan
兵,兵,bīng,binh
具,具,jù,cụ
典,典,diǎn,điển
兼,兼,jiān,kiêm
兽,兽,shòu,tú
冀,冀,jì,kí
冂,冂,jiōng,quynh
凈,净,jìng,tịnh
凉,凉,liáng,lương
凊,凊,qìng,sảnh
凋,凋,diāo,điêu
凌,凌,líng,lăng
减,减,jiǎn,giảm
凑,凑,còu,thấu
凓,凓,lì,lật
冶,冶,yě,dã
冺,冺,mǐn,mẫn
冻,冻,dòng,đống
冼,冼,xiǎn,tiển
凂,凂,měi,mỗi
凄,凄,qī,thê
凅,凅,gù,cố
凇,凇,sōng,tùng
冬,冬,dōng,đông
冯,冯,féng,phùng
冰,冰,bīng,băng
冱,冱,hù,hộ
冲,冲,chōng,xung
决,决,jué,quyết
冴,冴,hù,hộ
况,况,kuàng,huống
冢,冢,zhǒng,trủng
冣,冣,jù,tối
冤,冤,yuān,oan
冥,冥,míng,minh
冦,冦,kòu,khấu
冩,冩,xiě,tả
冪,幂,mì,mịch
冫,冫,bīng,băng
凹,凹,āo,ao
凼,凼,dàng,đãng
凾,凾,hán,hàm
凿,凿,záo,tạc
刀,刀,dāo,đao
刁,刁,diāo,điêu
刂,刂,dāo,đao
刄,刄,rèn,lạng
凰,凰,huáng,hoàng
凱,凯,kǎi,khải
凳,凳,dèng,đắng
凴,凴,píng,bằng
凵,凵,qiǎn,khảm
凶,凶,xiōng,hung
凷,凷,kuài,khối
凸,凸,tū,đột
凢,凢,fán,phàm
凥,凥,jū,cư
処,処,chǔ,xứ
凧,凧,zhēng,kì
凨,凨,fēng,phong
凫,凫,fú,phù
凮,凮,fēng,phong
凯,凯,kǎi,khải
凘,凘,sī,tư
凙,凙,duó,đạc
凚,凚,jìn,khấm
凛,凛,lǐn,lẫm
凜,凛,lǐn,lẫm
凝,凝,níng,ngưng
凟,凟,dú,độc
凡,凡,fán,phàm
别,别,bié,tất
刬,刬,chàn,sản
刭,刭,jǐng,cảnh
刮,刮,guā,quát
到,到,dào,đáo
刱,刱,chuàng,sáng
刲,刲,kuī,khuê
刳,刳,kū,khô
删,删,shān,san
刡,刡,mǐn,mẫn
判,判,pàn,phán
刦,刦,jié,kiếp
刧,刧,jié,kiếp
刨,刨,páo,bào
利,利,lì,lợi
刪,删,shān,san
刖,刖,yuè,ngoạt
列,列,liè,liệt
刘,刘,liú,lưu
则,则,zé,trắc
创,创,chuàng,sáng
刜,刜,fú,phất
初,初,chū,sơ
刟,刟,diāo,xẻo
刅,刅,chuāng,sang
刈,刈,yì,ngải
刌,刌,cǔn,thổn
刎,刎,wěn,vẫn
刑,刑,xíng,hình
划,划,huà,hoa
刓,刓,wán,ngoan
刔,刔,jué,quyết
剕,剕,fèi,phí
剗,刬,chǎn,sản
剙,剙,chuàng,sáng
剛,刚,gāng,cương
剜,剜,wān,oan
剟,剟,duō,xuyết
剠,剠,qíng,lược
剡,剡,shàn,diệm
剌,剌,là,lạt
前,前,qián,tiền
剎,刹,shā,sát
剏,剏,chuàng,sáng
剐,剐,guǎ,quả
剑,剑,jiàn,kiếm
剒,剒,cuò,thố
剔,剔,tī,dịch
剁,剁,duò,đoá
剃,剃,tì,thế
剄,刭,jǐng,hĩnh
剅,剅,lóu,lâu
則,则,zé,tắc
剉,剉,cuò,tỏa
削,削,xuē,tước
剋,克,kēi / kè,khắc
刴,刴,duò,đóa
刵,刵,èr,nhĩ
制,制,zhì,chế
券,券,quàn,khoán
刻,刻,kè,khắc
刼,刼,jié,kiếp
刾,刾,cì,thích
剀,剀,kǎi,khải
劐,劐,huō,hoát
劒,劒,jiàn,kiếm
劔,劔,jiàn,kiếm
劕,劕,zhì,chặt
劖,劖,chán,thiền
劘,劘,mó,mi
劙,劙,lí,ly
力,力,lì,lực
劇,剧,jù,kịch
劈,劈,pī,phách
劉,刘,liú,lưu
劊,刽,guì,quái
劌,刿,guì,quế
劍,剑,jiàn,kiếm
劎,劎,jiàn,kiếm
劏,㓥,tāng,thang
剰,剰,shèng,thặng
剱,剱,jiàn,kiếm
剳,剳,dá,tráp
剹,剹,lù,lục
剺,剺,lí,ly
剿,剿,jiǎo,tiễu
劄,劄,zhá,chép
劆,劆,lián,liêm
剣,剣,jiàn,kiếm
剤,剤,jì,tễ
剥,剥,bō,bóc
剦,剦,yān,yểm
剧,剧,jù,cưa
剩,剩,shèng,thặng
剮,剐,guǎ,quả
副,副,fù,phó
勌,勌,juàn,quyện
勍,勍,qíng,kình
勐,勐,měng,mãnh
勔,勔,miǎn,miễn
動,动,dòng,động
勗,勗,xù,úc
勘,勘,kān,khám
務,务,wù,vụ
劼,劼,jié,cật
势,势,shì,thế
勃,勃,bó,bột
勄,勄,mǐn,mẫn
勅,勅,chì,sắc
勇,勇,yǒng,dũng
勈,勈,yǒng,dũng
勉,勉,miǎn,miễn
劬,劬,qú,cù
劭,劭,shào,thiệu
劮,劮,yì,dật
励,励,lì,lệ
労,労,láo,lao
劵,劵,juàn,quyển
効,効,xiào,hiệu
劻,劻,kuāng,khuông
功,功,gōng,công
加,加,jiā,gia
劢,劢,mài,mại
劣,劣,liè,liệt
劦,劦,xié,hiệp
助,助,zhù,trợ
努,努,nǔ,nỗ
劫,劫,jié,kiếp
匄,匄,gài,cái
包,包,bāo,bao
匆,匆,cōng,thông
匈,匈,xiōng,hung
匉,匉,pēng,phanh
匊,匊,jū,cúc
匋,匋,táo,đào
匐,匐,fú,bặc
勷,勷,ráng,nhương
勸,劝,quàn,khuyến
勹,勹,bāo,bao
勻,匀,yún,quân
勾,勾,gōu,câu
勿,勿,wù,vật
匂,匂,xiōng,hung
匃,匃,gài,cái
勧,勧,quàn,cần
勩,勚,yì,duệ
勯,勯,dān,đan
勰,勰,xié,hiệp
勱,劢,mài,mại
勲,勲,xūn,huân
勳,勋,xūn,huân
勵,励,lì,lệ
勛,勋,xūn,huân
勞,劳,láo,lao
募,募,mù,mộ
勠,勠,lù,lục
勢,势,shì,thế
勣,𪟝,jī,tích
勤,勤,qín,cần
勥,勥,jiàng,cưỡng
匼,匼,kē,hộp
匽,匽,yǎn,yển
匾,匾,biǎn,biển
匿,匿,nì,nặc
十,十,shí,thập
卂,卂,xùn,tín
千,千,qiān,thiên
卅,卅,sà,tạp
匲,匲,lián,liêm
匳,匳,lián,liêm
匴,匴,suǎn,toán
匵,匵,dú,độc
匶,匶,jiù,cữu
匸,匸,xì,hệ
匹,匹,pǐ,thất
医,医,yī,y
匠,匠,jiàng,tượng
匧,匧,qiè,kiếp
匪,匪,fěi,phỉ
匬,匬,yǔ,tủ
匭,匦,guǐ,quỹ
匮,匮,kuì,quỹ
匯,汇,huì,hối
匰,匰,dān,đan
匑,匑,gōng,cung
匔,匔,gōng,cung
匕,匕,bǐ,chủy
北,北,běi,bắc
匙,匙,shi,thi
匚,匚,fāng,phương
匞,匞,jiàng,tượng
匟,匟,kàng,kháng
卤,卤,lǔ,lỗ
卦,卦,guà,quái
卧,卧,wò,ngọa
卨,卨,xiè,tiết
卩,卩,jié,tiết
卬,卬,áng,ngang
卭,卭,qióng,ngang
卮,卮,zhī,chi
博,博,bó,bác
卛,卛,shuài,tuất
卜,卜,bo / bǔ,bốc
卝,卝,kuàng,quán
卞,卞,biàn,biện
卟,卟,bǔ,kê
卡,卡,kǎ,tạp
卣,卣,yǒu,dữu
华,华,huá,hoa
卐,卐,wàn,vạn
卑,卑,bēi,ti
卓,卓,zhuó,trác
单,单,dān,đan
卖,卖,mài,mại
南,南,nán,nam
単,単,dān,đan
卆,卆,zú,tốt
升,升,shēng,thăng
午,午,wǔ,ngọ
卉,卉,huì,hủy
半,半,bàn,bán
卋,卋,shì,thế
卌,卌,xì,tấp
卍,卍,wàn,vạn
厗,厗,tí,đề
厙,厍,shè,xá
厚,厚,hòu,hậu
厛,厛,tīng,sảnh
厜,厜,zuī,tuy
厞,厞,fèi,phi
原,原,yuán,nguyên
厠,厕,cè,xí
厅,厅,tīng,thính
历,历,lì,lịch
厉,厉,lì,lệ
厌,厌,yàn,yếm
厍,厍,shè,xá
厎,厎,dǐ,chỉ
厐,厐,páng,bàng
厖,厖,máng,mang
卺,卺,jǐn,cẩn
卻,却,què,khước
卼,卼,wù,ngột
卽,即,jí,tức
卿,卿,qīng,khanh
厀,厀,xī,tất
厂,厂,chǎng,hán
厃,厃,wěi,nghĩ
卯,卯,mǎo,mão
印,印,yìn,ấn
危,危,wēi,nguy
即,即,jí,tức
却,却,què,khước
卵,卵,luǎn,noãn
卸,卸,xiè,tá
卹,恤,xù,tuất
双,双,shuāng,song
収,収,shōu,thâu
叐,叐,bá,bạt
叒,叒,ruò,nhược
叓,叓,shì,thị
叔,叔,shū,thúc
叕,叕,zhuó,chuyết
取,取,qǔ,thủ
厾,厾,dū,đâu
叁,叁,sān,tam
叄,叁,cān,tam
叅,叅,cān,xam
叆,叆,ài,ái
叉,叉,chā,xoa
及,及,jí,cập
友,友,yǒu,hữu
厯,厯,lì,lịch
厰,厰,chǎng,xưởng
厳,厳,yán,nghiêm
厴,厣,yǎn,áp
厶,厶,sī,khư
厷,厷,gōng,quăng
厹,厹,róu,cầu
厺,厺,qù,khứ
厣,厣,yǎn,yểm
厤,历,lì,lịch
厥,厥,jué,quyết
厦,厦,shà,hạ
厩,厩,jiù,cứu
厪,厪,jǐn,cận
厫,厫,áo,ngao
厮,厮,sī,tư
号,号,hào,hiệu
叹,叹,tàn,thán
叺,叺,chǐ,xích
叻,叻,lè,sựt
叼,叼,diāo,điêu
叾,叾,liǎo,đốc
吀,吀,miē,xiên
吁,吁,xū,hu
只,只,zhǐ,chỉ
叫,叫,jiào,khiếu
叮,叮,dīng,đinh
史,史,shǐ,sử
右,右,yòu,hữu
叴,叴,qiú,cầu
叵,叵,pǒ,phả
叶,叶,yè,hiệp
叡,叡,ruì,duệ
叢,丛,cóng,tùng
口,口,kǒu,khẩu
古,古,gǔ,cổ
另,另,lìng,lánh
叧,叧,guǎ,oa
叨,叨,dāo,thao
叩,叩,kòu,khấu
受,受,shòu,thụ
变,变,biàn,biến
叙,叙,xù,tự
叚,叚,xiá / jiǎ,giả
叛,叛,pàn,bạn
叝,叝,jí,cấp
叟,叟,sǒu,tẩu
叠,叠,dié,điệp
吢,吢,qìn,sấm
吣,吣,qìn,tăm
吥,吥,bù,bất
吧,吧,ba,và
吨,吨,dūn,đồn
含,含,hán,hàm
听,听,tīng,thính
吮,吮,shǔn,duyện
吘,吘,ǒu,ngỏ
吚,吚,yī,y
君,君,jūn,quân
吝,吝,lìn,lận
吞,吞,tūn,thôn
吟,吟,yín,ngâm
吠,吠,fèi,phệ
吡,吡,bǐ,bỉ
后,后,hòu,hậu
吏,吏,lì,lại
吐,吐,tǔ,thổ
向,向,xiàng,hướng
吒,咤,zhā,cha
吓,吓,xià,hách
吔,吔,yě,dã
吖,吖,ā,nha
各,各,gè,các
吅,吅,xuān,tụng
吆,吆,yāo,yêu
吉,吉,jí,cát
吊,吊,diào,điếu
吋,吋,cùn,thốn
同,同,tóng,đồng
名,名,míng,danh
呜,呜,wū,ô
呝,呝,è,ách
呞,呞,shī,te
呟,呟,juǎn,quyển
呠,呠,pěn,bỏm
呡,呡,wěn,răn
呣,呣,ḿ,mô
呤,呤,lìng,gầm
呍,呍,hōng,ngưu
呏,呏,shēng,thăng
呐,呐,nà,nói
呑,呑,tūn,thôn
呕,呕,ǒu,ẩu
呖,呖,lì,lịch
呗,呗,bei,bại
呙,呙,guō,oa
吼,吼,hǒu,hống
吽,吽,hōng,hồng
呆,呆,dāi,ngốc
呇,呇,mèn / qǐ,khải
呈,呈,chéng,trình
呉,呉,wú,ngô
告,告,gào,cáo
呋,呋,fū,phu
启,启,qǐ,khải
吰,吰,hóng,hoành
吲,吲,yǐn,dặn
吳,吴,wú,ngô
吴,吴,wú,ngô
吵,吵,chǎo,sảo
吷,吷,xuè,huyết
吻,吻,wěn,vẫn
咉,咉,yāng,ương
咊,咊,hé,hoà
咍,咍,hāi,hay
咑,咑,dā,đát
咒,咒,zhòu,chú
咔,咔,kā,ca
咕,咕,gū,cô
咖,咖,kā,già
呺,呺,xiāo,hiêu
呻,呻,shēn,thân
命,命,mìng,mệnh
呿,呿,qù,khứa
咁,咁,hán,căm
咂,咂,zā,táp
咅,咅,pǒu,phủ
咇,咇,bì,tất
呰,呰,zǐ,tử
呱,呱,gū,oa
呲,呲,cī,thử
味,味,wèi,vị
呵,呵,hē,ha
呶,呶,náo,nao
呷,呷,xiā / xiá,hạp
呹,呹,yì,dật
呥,呥,rán,nhẻm
呧,呧,dǐ,để
周,周,zhōu,chu
呪,呪,zhòu,chú
呬,呬,xì,hi
呭,呭,yì,thé
呮,呮,qì,kì
呯,呯,píng,bình
咿,咿,yī,y
哀,哀,āi,ai
品,品,pǐn,phẩm
哂,哂,shěn,sẩn
哃,哃,tóng,đùng
哉,哉,zāi,tai
哋,哋,diè,địa
哌,哌,pài,phái
咱,咱,zán,cha
咲,咲,xiào,tiếu
咵,咵,kuǎ,khoa
咸,咸,xián,hàm
咹,咹,è,ăn
咺,咺,xuǎn,tuyển
咼,呙,guō,oà
咾,咾,lǎo,láo
咤,咤,zhà,trá
咦,咦,yí,di
咧,咧,liě,lác
咨,咨,zī,tư
咩,咩,miē,mị
咫,咫,zhǐ,chỉ
咭,咭,jī,gắt
咮,咮,zhòu,chau
咗,咗,zuo,trở
咘,咘,bù,bú
咚,咚,dōng,giọng
咜,咜,ta,tha
咠,咠,qì,nghiện
咡,咡,èr,nhị
咢,咢,è,ngạc
咣,咣,guāng,quàng
哴,哴,liàng,lượng
哵,哵,bā,bát
哶,哶,miē,mã
哼,哼,hēng,hanh
哽,哽,gěng,ngạnh
唄,呗,bei,bái
唅,唅,hán,hầm
唆,唆,suō,toa
哪,哪,nǎ,ná
哫,哫,zú,túc
哬,哬,hé,hà
哮,哮,xiào,hao
哰,哰,láo,rao
哱,哱,bō,buột
哲,哲,zhé,triết
哳,哳,zhā,chít
哟,哟,yō,ôi
哢,哢,lòng,trộng
哣,哣,pǒu,nhạu
哤,哤,máng,mang
哥,哥,gē,ca
哦,哦,ó,nga
哧,哧,chī,xích
哩,哩,lī,lý
响,响,xiǎng,hưởng
哎,哎,āi,ai
哏,哏,gén,gắn
哒,哒,dā,đạt
哔,哔,bì,tất
哗,哗,huā,oa
哜,哜,jì,tế
哞,哞,mōu,mâu
唩,唩,wō,uẩy
唪,唪,fěng,phủng
唫,唫,jìn,câm
唬,唬,hǔ,hổ
唭,唭,qì,cười
售,售,shòu,thụ
唰,唰,shuā,soa
唱,唱,chàng,xướng
唞,唞,dǒu,thẩu
唟,唟,qù,khứ
唡,唡,liǎng,lượng
唢,唢,suǒ,tỏa
唣,唣,zào,tạo
唤,唤,huàn,hoán
唧,唧,jī,tức
唨,唨,zǔ,trở
唔,唔,wú,ngô
唕,唕,zào,tạo
唗,唗,dōu,đâu
唘,唘,qǐ,khải
唙,唙,dí,địch
唚,唚,qìn,sấm
唛,唛,mài,mác
唝,唝,hǒng,cống
唇,唇,chún,thần
唊,唊,jiá,giáp
唋,唋,tū,dứ
唎,唎,lì,lời
唐,唐,táng,đường
唑,唑,zuò,doạ
唒,唒,qiú,dẫu
唓,唓,chē,xa
啓,启,qǐ,khải
啔,啔,qǐ,khải
啕,啕,táo,đào
啖,啖,dàn,đạm
啗,啗,dàn,đạm
啙,啙,zǐ,chỉ
啛,啛,cuì,xê
啝,啝,hé,ngoạ
啇,啇,dì,đích
啉,啉,lín,lăm
啊,啊,a,à
啌,啌,xiāng,hòng
啍,啍,tūn,thôn
啎,啎,wǔ,ngỗ
問,问,wèn,vấn
啒,啒,gǔ,quắt
唼,唼,shà,thép
唿,唿,hū,hót
啀,啀,ái,nhai
啁,啁,zhāo,chù
啂,啂,nǒu,nhổ
啃,啃,kěn,khẳng
啅,啅,zhuó,chạc
商,商,shāng,thương
唲,唲,ér,nhè
唳,唳,lì,lệ
唵,唵,ǎn,úm
唶,唶,zé,tuếch
唷,唷,yō,dóc
唸,念,niàn,nếm
唹,唹,yū,ớ
唻,唻,lài,lải
喀,喀,kā,khách
喆,喆,zhé,triết
喇,喇,lǎ,lạt
喈,喈,jiē,dê
喉,喉,hóu,hầu
喊,喊,hǎn,hảm
喌,喌,zhōu,châu
喍,喍,chái,rầy
啷,啷,lāng,lắng
啸,啸,xiào,khiếu
啺,啺,táng,dể
啻,啻,chì,thí
啼,啼,tí,đề
啽,啽,án,ngàm
啾,啾,jiū,thu
啿,啿,dàn,thầm
啩,啩,guà,quấy
啪,啪,pā,ba
啫,啫,zhě,gia
啰,啰,luō,lạp
啱,啱,yán,nhàm
啴,啴,chǎn,than
啵,啵,bo / bō,ba
啶,啶,dìng,đính
啟,启,qǐ,khởi
啢,唡,liǎng,lượng
啣,啣,xián,hàm
啤,啤,pí,bia
啥,啥,shá,xá
啦,啦,la,lạp
啧,啧,zé,trách
啨,啨,yīng,xênh
喵,喵,miāo,mếu
営,営,yíng,doanh
喹,喹,kuí,khuê
喻,喻,yù,dụ
喽,喽,lóu,lưu
喿,喿,zào,táo
嗀,嗀,hù,hác
嗁,嗁,tí,đề
喩,喩,yù,dụ
喬,乔,qiáo,kiều
喯,喯,pèn,buông
喰,喰,cān,xan
喱,喱,lí,ly
喲,哟,yō,ôi
喳,喳,zhā,tra
喴,喴,wēi,uy
喠,喠,zhǒng,gióng
喡,喡,wéi,vầy
喣,喣,xù,hú
喤,喤,huáng,hoàng
喥,喥,duó,dạc
喦,喦,niè,nham
喧,喧,xuān,huyên
喨,喨,liàng,lượng
喎,㖞,wāi,oa
喏,喏,nuò,nhạ
喓,喓,yāo,eo
喘,喘,chuǎn,suyễn
喙,喙,huì,uế
喚,唤,huàn,hoán
喞,喞,jī,tức
喟,喟,kuì,vị
嗦,嗦,suō,sách
嗨,嗨,hāi,hải
嗩,唢,suǒ,tỏa
嗪,嗪,qín,tuần
嗬,嗬,hē,hà
嗮,嗮,sài,sái
嗯,嗯,ǹg / en,ân
嗱,嗱,ná,nã
嗚,呜,wū,ô
嗜,嗜,shì,thị
嗝,嗝,gé,cách
嗟,嗟,jiē,ta
嗡,嗡,wēng,óng
嗣,嗣,sì,tự
嗤,嗤,chī,xuy
嗥,嗥,háo,hào
嗐,嗐,hài,hại
嗑,嗑,kē,hạp
嗒,嗒,dā,tháp
嗓,嗓,sǎng,tảng
嗕,嗕,rù,nhóc
嗖,嗖,sōu,sưu
嗗,嗗,wā,cút
嗙,嗙,pǎng,bàng
嗅,嗅,xiù,khứu
嗆,呛,qiāng,sang
嗇,啬,sè,sắc
嗈,嗈,yōng,ung
嗊,唝,hǒng,cống
嗌,嗌,ài,ách
嗍,嗍,suō,thoa
嗏,嗏,chā,chà
嘔,呕,ǒu,ẩu
嘗,尝,cháng,thường
嘘,嘘,xū,hư
嘚,嘚,dē,đức
嘛,嘛,ma,ma
嘜,唛,mà,mác
嘞,嘞,lei,lặc
嘟,嘟,dū,đô
嘈,嘈,cáo,tào
嘉,嘉,jiā,gia
嘌,嘌,piào,phiêu
嘎,嘎,gā,ca
嘏,嘏,gǔ,hỗ
嘐,嘐,xiāo,hao
嘒,嘒,huì,uế
嘓,啯,guō,quắc
嗽,嗽,sòu,thấu
嗾,嗾,sǒu,thốc
嗿,嗿,tǎn,thám
嘀,嘀,dí,đê
嘁,嘁,qī,thích
嘂,嘂,jiào,khiếu
嘅,嘅,kǎi,khái
嘇,嘇,shān,thấm
嗳,嗳,ǎi,ái
嗵,嗵,tōng,thông
嗶,哔,bì,tất
嗷,嗷,áo,ngao
嗸,嗸,áo,ngao
嗹,嗹,lián,liến
嗻,嗻,zhē,chạ
嗼,嗼,mò,mạc
噂,噂,zǔn,ton
噅,噅,huī,vay
噆,噆,zǎn,tẩm
噇,噇,chuáng,sàng
噉,噉,dàn,đạm
噋,噋,tūn,xôn
噌,噌,cēng,tăng
噎,噎,yē,ế
嘶,嘶,sī,tê
嘷,嘷,háo,hào
嘸,呒,fǔ / wǔ,phủ
嘺,嘺,qiáo,ghẹo
嘻,嘻,xī,hi
嘽,啴,chǎn,xiển
嘿,嘿,hēi,hắc
噁,恶,ě,ạc
嘩,哗,huā,hoa
嘫,嘫,rán,nhoẻn
嘭,嘭,pēng,bành
嘮,唠,láo,lao
嘯,啸,xiào,khiếu
嘰,叽,jī,kỉ
嘲,嘲,cháo,trào
嘴,嘴,zuǐ,chủy
嘠,嘠,gā,dát
嘡,嘡,tāng,thang
嘢,嘢,yě,dã
嘣,嘣,bēng,băng
嘤,嘤,yīng,anh
嘦,嘦,jiào,khiếu
嘧,嘧,mì,mật
嘨,嘨,xiào,khiếu
噻,噻,sāi,tai
嚀,咛,níng,ninh
嚂,嚂,làn,giạm
嚃,嚃,tā,tháp
嚄,嚄,huō,quác
嚆,嚆,hāo,hao
嚇,吓,xià,hách
嚈,嚈,yè,ướm
噩,噩,è,ngạc
噭,噭,jiào,khiếu
噯,嗳,āi,áy
噱,噱,xué,cược
噳,噳,yǔ,ngu
噴,喷,pēn,phún
噷,噷,hm,hăm
噹,当,dāng,đang
噘,噘,juē,quyết
噚,㖊,xún,tầm
噛,噛,niè,giảo
噜,噜,lū,rủa
噞,噞,yǎn,thèm
噠,哒,dā / dá,đặt
噡,噡,zhān,thèm
器,器,qì,khí
噏,噏,xī,hấp
噐,噐,qì,khí
噑,噑,háo,hào
噒,噒,lián,rên
噓,嘘,xū,hờ
噔,噔,dēng,đằng
噕,噕,huī,huy
噗,噗,pū,phốc
嚲,亸,duǒ,đả
嚳,喾,kù,khốc
嚴,严,yán,nghiêm
嚵,嚵,chán,sàm
嚷,嚷,rǎng,nhượng
嚼,嚼,jué,tước
嚿,嚿,huò,cữu
囀,啭,zhuàn,chuyển
嚢,嚢,náng,nang
嚤,嚤,mó,ma
嚧,𠰷,lú,lơ
嚫,嚫,chèn,sấn
嚬,嚬,pín,tần
嚭,嚭,pǐ,phỉ
嚯,嚯,huò,oác
嚱,嚱,xì,hi
嚙,啮,niè,nhai
嚚,嚚,yín,ngân
嚛,嚛,hù,nháo
嚜,嚜,me,mút
嚞,嚞,zhé,triết
嚟,嚟,lí,lê
嚠,嚠,liú,lưu
嚡,嚡,hai,hài
嚉,嚉,duō,dối
嚋,嚋,chóu,trù
嚌,哜,jì,tế
嚎,嚎,háo,hào
嚐,尝,cháng,thường
嚓,嚓,cā,xát
嚔,嚔,tì,đế
嚗,嚗,bó,bác
囦,囦,yuān,uyên
囧,囧,jiǒng,quýnh
囪,囱,cōng,song
囫,囫,hú,hốt
囬,囬,huí,hồi
园,园,yuán,vườn
囮,囮,é,ngoa
囯,囯,guó,quốc
囙,囙,yīn,nhân
囚,囚,qiú,tù
四,四,sì,tứ
囟,囟,xìn,tín
因,因,yīn,nhân
団,団,tuán,đoàn
囤,囤,dùn,độn
囥,囥,kàng,kháng
囑,嘱,zhǔ,chúc
囒,囒,lán,rợn
囓,囓,niè,khiết
囔,囔,nāng,nang
囕,囕,lǎn,trộm
囖,囖,lo,lạp
囗,囗,wéi,vi
囘,囘,huí,hồi
囁,嗫,niè,chiếp
囄,囄,lí,le
囅,冁,chǎn,xiên
囈,呓,yì,nghệ
囉,啰,luō,la
囊,囊,náng,nang
囌,苏,sū,tô
囍,囍,xǐ,hỉ
圕,圕,tú,thoan
圖,图,tú,đồ
團,团,tuán,đoàn
圙,圙,lüè,lược
圛,圛,yì,dịch
圝,圝,luán,loan
圞,圞,luán,loan
圢,圢,tǐng,đinh
圈,圈,quān,khuyên
圉,圉,yǔ,ngữ
圊,圊,qīng,thanh
國,国,guó,quốc
圌,圌,chuí,thùy
圐,圐,kū,cô
園,园,yuán,viên
圓,圆,yuán,viên
固,固,gù,cố
囻,囻,guó,quốc
囿,囿,yòu,hữu
圀,圀,guó,quốc
圂,圂,hùn,hỗn
圄,圄,yǔ,ngữ
圅,圅,hán,hàm
圇,囵,lún,luân
困,困,kùn,khốn
囲,囲,tōng,vy
図,図,tú,đồ
囵,囵,lún,lân
囶,囶,guó,quốc
囷,囷,qūn,khuân
囸,囸,rì,dật
囹,囹,líng,linh
坤,坤,kūn,khôn
坧,坧,zhī,gạch
坨,坨,tuó,đà
坩,坩,gān,kham
坪,坪,píng,bình
坫,坫,diàn,điếm
坭,坭,ní,nơi
坯,坯,pī,bôi
坑,坑,kēng,ganh
坒,坒,bì,bệ
坕,坕,jīng,kinh
坚,坚,jiān,kiên
坛,坛,tán,đàn
坝,坝,bà,bá
坡,坡,pō,pha
坣,坣,táng,đường
场,场,chǎng,tường
圻,圻,qí,kỳ
坊,坊,fāng,phường
坋,坋,bèn / fèn,phân
坌,坌,bèn,bộn
坍,坍,tān,than
坎,坎,kǎn,khảm
坐,坐,zuò,tọa
圣,圣,shèng,thánh
圥,圥,lù,lục
在,在,zài,tại
圪,圪,gē,khất
圫,圫,tuō,áo
地,地,de / dì,địa
圱,圱,qiān,thiên
圳,圳,zhèn,quyến
垜,垜,duǒ,đoá
垝,垝,guǐ,quỷ
垞,垞,chá,xá
垟,垟,yáng,dương
垡,垡,fá,phạt
垣,垣,yuán,viên
垤,垤,dié,điệt
垧,垧,shǎng,thưởng
垌,垌,dòng,đồng
垔,垔,yīn,nhân
垕,垕,hòu,hậu
垖,垖,duī,đôi
垗,垗,zhào,triệu
垙,垙,guāng,quang
垚,垚,yáo,nghiêu
垛,垛,duǒ,đóa
坿,坿,fù,phụ
垂,垂,chuí,thùy
垄,垄,lǒng,lũng
垅,垅,lǒng,lũng
垆,垆,lú,lò
垇,垇,ào,ao
垉,垉,páo,bàu
型,型,xíng,hình
坰,坰,jiōng,quynh
坱,坱,yǎng,dưỡng
坲,坲,fó,phật
坳,坳,ào,ao
坴,坴,lù,lục
坷,坷,kě,khả
坺,坺,bá,bạt
坼,坼,chè,sách
埘,埘,shí,thì
埙,埙,xūn,huyên
埚,埚,guō,oa
埛,埛,jiōng,quynh
埜,埜,yě,dã
埞,埞,dī,đính
域,域,yù,vực
埠,埠,bù,phụ
埇,埇,yǒng,thõng
埈,埈,jùn,thoạ
埋,埋,mái,mai
埌,埌,làng,lãng
城,城,chéng,thành
埏,埏,shān,duyên
埒,埒,liè,liệt
埔,埔,bù,bộ
垹,垹,bāng,bựng
垺,垺,fú,phu
垻,坝,bà,bá
垾,垾,hàn,hạn
埀,埀,chuí,thùy
埁,埁,qín,gậm
埃,埃,āi,ai
埆,埆,què,xác
垩,垩,è,ác
垫,垫,diàn,điện
垭,垭,yā,á
垮,垮,kuǎ,khoai
垯,垯,da,đáp
垱,垱,dàng,đương
垲,垲,kǎi,khải
垵,垵,ān,ang
堅,坚,jiān,kiên
堆,堆,duī,đôi
堇,堇,jǐn,cận
堉,堉,yù,dục
堊,垩,è,ác
堋,堋,péng,bằng
堌,堌,gù,cố
堍,堍,tù,miễn
埸,埸,yì,dịch
基,基,jī,cơ
埼,埼,qí,kỳ
埽,埽,sào,tảo
堀,堀,kū,quật
堂,堂,táng,đường
堃,堃,kūn,khôn
堄,堄,nì,nghê
埭,埭,dài,đại
埮,埮,tàn,vịm
埯,埯,ǎn,am
埲,埲,běng,bồng
埳,埳,kǎn,khảm
埴,埴,zhí,thực
埵,埵,duǒ,đoả
執,执,zhí,chấp
埡,垭,yā,á
埣,埣,suì,giót
埤,埤,pí,bì
埦,埦,wǎn,oản
埧,埧,jù,cụ
埩,埩,zhēng,chĩnh
埫,埫,tǎng / chǒng,trủng
埬,埬,dōng,đống
堿,堿,jiǎn,kiềm
塀,塀,píng,bình
塂,塂,xiàng,hàng
塃,塃,huāng,hoang
塄,塄,léng,lăng
塅,塅,duàn,đoạn
塆,塆,wān,loan
塈,塈,jì,ký
報,报,bào,báo
堲,堲,jí,tức
堳,堳,méi,thi
堵,堵,dǔ,đổ
堶,堶,tuó,đà
堷,堷,yìn,om
堺,堺,jiè,giới
堽,堽,gāng,cương
堦,堦,jiē,giai
堧,堧,ruán,nhuyên
堨,堨,è,yết
堪,堪,kān,kham
堭,堭,huáng,hoàng
堮,堮,è,ngạc
堯,尧,yáo,nghiêu
堰,堰,yàn,yển
堎,堎,lèng,lăng
堕,堕,duò,đoạ
堘,堘,chéng,thăng
堙,堙,yīn,nhân
堝,埚,guō,qua
堞,堞,dié,điệp
堠,堠,hòu,hậu
堡,堡,bǎo,bảo
塳,塳,péng,vùng
塵,尘,chén,trần
塹,堑,qiàn,tiệm
塼,塼,zhuān,chuyên
塽,塽,shuǎng,sảng
塾,塾,shú,thục
塿,𪣻,lǒu,lũ
墀,墀,chí,trì
塠,塠,duī,đôi
塢,坞,wù,ổ
塤,埙,xūn,ven
塥,塥,gé,cách
塨,塨,gōng,cung
塩,塩,yán,diêm
塱,塱,lǎng,lãng
塲,塲,cháng,tràng
塓,塓,mì,mịch
塔,塔,tǎ,tháp
塕,塕,wěng,ổng
塘,塘,táng,đường
塙,塙,què,xác
塚,冢,zhǒng,trủng
塝,塝,bàng,bàng
塟,塟,zàng,táng
塊,块,kuài,khối
塋,茔,yíng,doanh
塌,塌,tā,tháp
塍,塍,chéng,thăng
塏,垲,kǎi,khải
塐,塐,sù,tố
塑,塑,sù,tố
塒,埘,shí,thì
墫,墫,zūn,chôn
墬,墬,dì,địa
墰,坛,tán,đàm
墵,墵,tán,đàm
墶,垯,da,đáp
墺,墺,ào,áo
墻,墙,qiáng,tường
墼,墼,jī,kích
墝,墝,qiāo,khao
增,增,zēng,tăng
墟,墟,xū,khư
墠,𫮃,shàn,thiện
墡,墡,shàn,thiện
墦,墦,fán,phiền
墨,墨,mò,mặc
墩,墩,dūn,đôn
墍,墍,xì,kí
墐,墐,jìn,cận
墓,墓,mù,mộ
墖,墖,tǎ,tháp
増,増,zēng,tăng
墘,墘,qián,kiền
墙,墙,qiáng,tường
墚,墚,liáng,lương
墁,墁,màn,mạn
境,境,jìng,cảnh
墄,墄,cè,trắc
墅,墅,shù,thự
墆,墆,zhì,đai
墈,墈,kàn,khám
墉,墉,yōng,dong
墊,垫,diàn,điếm
壪,塆,wān,loan
士,士,shì,sĩ
壭,壭,san,thị
壮,壮,zhuàng,táng
壯,壮,zhuàng,tráng
声,声,shēng,thanh
壱,壱,yī,nhất
売,売,mài,mại
壜,坛,tán,đàm
壝,壝,wěi,duy
壞,坏,huài,hoại
壟,垄,lǒng,lũng
壠,垅,lǒng,lũng
壢,坜,lì,gạch
壤,壤,rǎng,nhưỡng
壩,坝,bà,bá
壎,埙,xūn,huân
壐,壐,xǐ,tỉ
壑,壑,hè,hác
壒,壒,ài,ái
壓,压,yā,áp
壔,壔,dǎo,đảo
壕,壕,háo,hào
壖,壖,ruán,nhuyên
墾,垦,kěn,khẩn
壁,壁,bì,bích
壄,壄,yě,dã
壆,壆,xué,bác
壇,坛,tán,đàn
壊,壊,huài,hoại
壋,垱,dàng,đương
壌,壌,rǎng,dạng
夗,夗,yuàn,uyển
夘,夘,mǎo,mão
夙,夙,sù,túc
多,多,duō,đa
夛,夛,duō,đa
夜,夜,yè,dạ
夣,夣,mèng,mộng
夥,伙,huǒ,khỏa
夊,夊,suī,tuy
夋,夋,qūn,xuân
夌,夌,líng,lăng
复,复,fù,hạ
夓,夓,xià,hạ
夔,夔,kuí,quỳ
夕,夕,xī,tịch
外,外,wài,ngoại
壽,寿,shòu,thọ
壿,壿,zūn,chung
夀,夀,shòu,thọ
夂,夂,zhǐ,tri
夅,夅,jiàng,hàng
夆,夆,féng,phùng
备,备,bèi,bị
変,変,biàn,biến
壳,壳,ké,xác
壴,壴,zhù,trú
壶,壶,hú,hồ
壷,壷,hú,hồ
壸,壸,kǔn,khổn
壹,壹,yī,nhất
壺,壶,hú,hồ
壻,壻,xù,tế
奖,奖,jiǎng,tưởng
套,套,tào,sáo
奘,奘,zàng,trang
奚,奚,xī,hề
奛,奛,huǎng,kháng
奜,奜,fěi,phỉ
奝,奝,diāo,điêu
奠,奠,diàn,điện
奋,奋,fèn,phẫn
奌,奌,diǎn,điểm
奎,奎,kuí,khuê
奏,奏,zòu,tấu
奐,奂,huàn,hoán
奓,奓,zhā,xỉ
奔,奔,bēn,bôn
奕,奕,yì,dịch
夹,夹,jiā,giáp
夺,夺,duó,thoát
夻,夻,huà,ngô
夾,夹,jiā,giáp
奁,奁,lián,liêm
奂,奂,huàn,hoán
奅,奅,pào,pháo
奈,奈,nài,nại
天,天,tiān,thiên
太,太,tài,thái
夬,夬,guài,quái
央,央,yāng,ương
夯,夯,hāng,bổn
失,失,shī,thất
夲,夲,tāo,bổn
头,头,tóu,đầu
妒,妒,dù,đố
妓,妓,jì,kĩ
妖,妖,yāo,yêu
妗,妗,jìn,cấm
妘,妘,yún,vân
妙,妙,miào,diệu
妝,妆,zhuāng,trang
妞,妞,niū,nữu
妃,妃,fēi,phi
妄,妄,wàng,vọng
妅,妅,hóng,hồng
妇,妇,fù,phụ
妉,妉,dān,đam
妊,妊,rèn,nhâm
妎,妎,hài,hợi
妏,妏,wèn,vấn
奮,奋,fèn,phấn
奰,奰,bì,bị
奴,奴,nú,nô
奸,奸,jiān,gian
她,她,tā,tha
奼,姹,chà,xá
妁,妁,shuò,chước
如,如,rú,như
奡,奡,ào,ngạo
奢,奢,shē,xa
奧,奥,ào,áo
奨,奨,jiǎng,tưởng
奩,奁,lián,liêm
奪,夺,duó,đoạt
奬,奖,jiǎng,tưởng
奭,奭,shì,thích
姝,姝,shū,xu
姞,姞,jí,cật
姢,姢,juān,quyên
姣,姣,jiāo,giảo
姦,奸,jiān,gian
姧,姧,jiān,gian
姫,姫,jī,cơ
姬,姬,jī,cơ
姉,姉,zǐ,chị
姑,姑,gū,cô
姓,姓,xìng,tính
姗,姗,shān,san
姘,姘,pīn,phanh
姙,姙,rèn,nhâm
姚,姚,yáo,diêu
姜,姜,jiāng,khương
妹,妹,mèi,muội
妺,妺,mò,muội
妾,妾,qiè,thiếp
姁,姁,xǔ,hủ
姂,姂,fá,bợm
姅,姅,bàn,nửa
姆,姆,mǔ,mỗ
姈,姈,líng,lanh
妣,妣,bǐ,tỉ
妤,妤,yú,dư
妩,妩,wǔ,vũ
妬,妬,dù,đố
妭,妭,bá,bạt
妳,妳,nǎi,nhĩ
妵,妵,tǒu,thẩu
妸,妸,ē,ả
娟,娟,juān,quyên
娠,娠,shēn,thần
娥,娥,é,nga
娬,娬,wǔ,vũ
娭,娭,āi,ai
娯,娯,yú,ngu
娲,娲,wā,oa
娴,娴,xián,nhàn
娌,娌,lǐ,lý
娑,娑,suō,sa
娒,娒,méi,mỗ
娖,娖,chuò,thố
娘,娘,niáng,nương
娚,娚,nán,nam
娛,娱,yú,ngu
娜,娜,nà,na
娀,娀,sōng,tung
威,威,wēi,uy
娂,娂,hóng,hồng
娃,娃,wá,oa
娄,娄,lóu,lưu
娅,娅,yà,á
娈,娈,luán,luyến
娉,娉,pīng,phinh
姮,姮,héng,hằng
姱,姱,kuā,khoa
姶,姶,è,ấp
姸,姸,yán,nghiên
姹,姹,chà,xá
姻,姻,yīn,nhân
姽,姽,guǐ,quỷ
姿,姿,zī,tư
婴,婴,yīng,anh
婵,婵,chán,thiền
婶,婶,shěn,thẩm
婷,婷,tíng,đình
婹,婹,yǎo,yêu
婺,婺,wù,vụ
婼,婼,ruò,xúc
婽,婽,jiǎ,giả
婤,婤,zhōu,chu
婥,婥,chuò,sước
婦,妇,fù,phụ
婧,婧,jìng,tinh
婨,婨,lún,lân
婪,婪,lán,lam
婬,婬,yín,dâm
婮,婮,jū,cư
婍,婍,qǐ,gả
婐,婐,wǒ,oả
婕,婕,jié,tiệp
婗,婗,ní,nghê
婚,婚,hūn,hôn
婞,婞,xìng,hạnh
婢,婢,bì,tì
婣,婣,yīn,nhân
娶,娶,qǔ,thú
娸,娸,qī,kỳ
娼,娼,chāng,xướng
娿,娿,ē,a
婀,婀,ē,a
婆,婆,pó,bà
婉,婉,wǎn,uyển
婊,婊,biǎo,biểu
媸,媸,chī,xuy
媺,媺,měi,mỹ
媻,媻,pán,bàn
媼,媪,ǎo,ảo
媾,媾,gòu,cấu
媿,媿,kuì,quý
嫁,嫁,jià,giá
嫄,嫄,yuán,nguyên
媪,媪,ǎo,áo
媬,媬,bǎo,bảo
媮,媮,tōu,thâu
媯,妫,guī,quy
媰,㛀,chú,trâu
媲,媲,pì,bễ
媳,媳,xí,tức
媵,媵,yìng,dắng
媖,媖,yīng,anh
媚,媚,mèi,mị
媞,媞,shì,thị
媟,媟,xiè,tiết
媠,媠,tuǒ,noạ
媢,媢,mào,mạo
媧,娲,wā,oa
媩,媩,hú,hồ
婿,婿,xù,tế
媄,媄,měi,mẹ
媅,媅,dān,đam
媍,媍,fù,phụ
媎,媎,jiě,chửa
媏,媏,duān,đoan
媔,媔,mián,miên
媕,媕,ān,an
嫲,嫲,ma,ma
嫵,妩,wǔ,vũ
嫺,娴,xián,nhàn
嫻,娴,xián,nhàn
嫽,嫽,liáo,liêu
嫿,婳,huà,hoạ
嬀,妫,guī,quy
嬃,媭,xū,tu
嫣,嫣,yān,yên
嫦,嫦,cháng,thường
嫪,嫪,lào,liệu
嫫,嫫,mó,mô
嫭,嫭,hù,hộ
嫮,嫮,hù,hộ
嫰,嫰,nèn,non
嫱,嫱,qiáng,tường
嫘,嫘,léi,luy
嫙,嫙,xuán,tuyền
嫚,嫚,mān,mạn
嫛,嫛,yī,y
嫜,嫜,zhāng,chương
嫟,嫟,nì,nật
嫠,嫠,lí,ly
嫡,嫡,dí,đích
嫈,嫈,yīng,oanh
嫉,嫉,jí,tật
嫋,袅,niǎo,niệu
嫌,嫌,xián,hiềm
嫏,嫏,láng,lang
嫒,嫒,ài,ái
嫔,嫔,pín,tần
嫕,嫕,yì,ế
孄,孄,lǎn,lãn
孅,孅,xiān,tiêm
孌,娈,luán,luyến
孏,孏,lǎn,lãn
孑,孑,jié,kiết
孓,孓,jué,quyết
孔,孔,kǒng,khổng
孕,孕,yùn,dựng
嬬,嬬,rú,nhu
嬰,婴,yīng,anh
嬴,嬴,yíng,doanh
嬶,嬶,bí,bị
嬾,嬾,lǎn,lãn
嬿,嬿,yàn,yến
孀,孀,shuāng,sương
孃,娘,niáng,nương
嬖,嬖,bì,bế
嬗,嬗,shàn,thiện
嬙,嫱,qiáng,tường
嬝,嬝,niǎo,niệu
嬡,嫒,ài,ái
嬢,嬢,niáng,nương
嬤,嬷,mā,ma
嬪,嫔,pín,tần
嬅,嬅,huà,thoại
嬉,嬉,xī,hi
嬋,婵,chán,thiền
嬌,娇,jiāo,kiều
嬍,嬍,měi,mĩ
嬎,嬎,fàn,phiến
嬓,嬓,jiào,khiếu
嬔,嬔,fù,phiến
宀,宀,mián,miên
宁,宁,níng,trữ
宂,宂,rǒng,nhũng
宄,宄,guǐ,quĩ
宅,宅,zhái,trạch
宇,宇,yǔ,vũ
安,安,ān,an
宊,宊,tū,gia
孳,孳,zī,tư
孵,孵,fū,phu
學,学,xué,học
孻,𡥧,nái,nai
孼,孼,niè,nghiệt
孽,孽,niè,nghiệt
孾,孾,yīng,anh
孿,孪,luán,loan
学,学,xué,hạc
孨,孨,zhuǎn,chuyển
孩,孩,hái,hài
孪,孪,luán,loan
孬,孬,nāo,nạo
孭,孭,miē,mị
孰,孰,shú,thục
孱,孱,chán,sàn
孖,孖,mā,tư
字,字,zì,tự
存,存,cún,tồn
孚,孚,fú,phu
孜,孜,zī,tư
孝,孝,xiào,hiếu
孢,孢,bāo,bào
孤,孤,gū,cô
宮,宫,gōng,cung
宰,宰,zǎi,tể
宴,宴,yàn,yến
宵,宵,xiāo,tiêu
宸,宸,chén,thần
宼,宼,kòu,khấu
宽,宽,kuān,hoan
寀,采,cǎi,thái
室,室,shì,thất
宥,宥,yòu,hựu
宦,宦,huàn,hoạn
宧,宧,yí,di
宨,宨,tiǎo,điệu
宪,宪,xiàn,hiến
宫,宫,gōng,cung
宬,宬,chéng,thành
宜,宜,yí,nghi
宝,宝,bǎo,bảo
实,实,shí,thực
実,実,shí,thực
宠,宠,chǒng,trủng
审,审,shěn,thẩm
客,客,kè,khách
宣,宣,xuān,tuyên
宋,宋,sòng,tống
完,完,wán,hoàn
宍,宍,ròu,nhục
宏,宏,hóng,hoành
宕,宕,dàng,đãng
宗,宗,zōng,tông
官,官,guān,quan
宙,宙,zhòu,trụ
寥,寥,liáo,liêu
寨,寨,zhài,trại
審,审,shěn,thẩm
寪,寪,wěi,vĩ
寫,写,xiě,tả
寬,宽,kuān,khoan
寮,寮,liáo,liêu
寯,寯,jùn,tuấn
寛,寛,kuān,khoan
寝,寝,qǐn,tẩm
寞,寞,mò,mịch
察,察,chá,sát
寠,寠,jù,lũ
寡,寡,guǎ,quả
寢,寝,qǐn,tẩm
寤,寤,wù,ngụ
寐,寐,mèi,mị
寑,寑,qǐn,tẩm
寒,寒,hán,hàn
寓,寓,yù,ngụ
寕,寕,níng,ninh
寖,寖,jìn,tẩm
寘,寘,zhì,trí
寚,寚,bǎo,bảo
寁,寁,zǎn,toản
寂,寂,jì,tịch
寃,寃,yuān,oan
寅,寅,yín,dần
密,密,mì,mật
寇,寇,kòu,khấu
富,富,fù,phú
寎,寎,bìng,kính
尕,尕,gǎ,giả
尖,尖,jiān,tiêm
尗,尗,shū,thúc
尘,尘,chén,trần
尙,尙,shàng,thượng
尚,尚,shàng,chuộng
尝,尝,cháng,thường
尞,尞,liào,liêu
尊,尊,zūn,tôn
尋,寻,xún,tầm
尌,尌,shù,thụ
導,导,dǎo,đạo
小,小,xiǎo,tiểu
尒,尒,ěr,nhĩ
尓,尓,ěr,nhĩ
尔,尔,ěr,nể
寿,寿,shòu,thọ
尀,尀,pǒ,phả
封,封,fēng,phong
専,専,zhuān,chuyên
尃,尃,fū,phu
尅,尅,kè,khắc
将,将,jiāng,chương
專,专,zhuān,chuyên
寰,寰,huán,hoàn
寳,寳,bǎo,bảo
寵,宠,chǒng,sủng
寶,宝,bǎo,bảo
寸,寸,cùn,thốn
对,对,duì,đối
寺,寺,sì,tự
対,対,duì,đối
屄,屄,bī,bi
屆,届,jiè,giới
屇,屇,tián,điền
屉,屉,tì,thế
届,届,jiè,giới
屋,屋,wū,ốc
屌,屌,diǎo,điểu
屍,尸,shī,thi
尺,尺,chǐ,xích
尽,尽,jǐn,tận
尾,尾,wěi,vĩ
尿,尿,niào,niệu
局,局,jú,cục
屁,屁,pì,thí
层,层,céng,tằng
屃,屃,xì,ế
尫,尫,wāng,uông
尬,尬,gà,giới
尰,尰,zhǒng,thũng
就,就,jiù,tựu
尲,尲,gān,dam
尴,尴,gān,giam
尶,尶,gān,giam
尷,尴,gān,giam
尟,尟,xiǎn,tiển
尠,尠,xiǎn,tiển
尢,尢,wāng,uông
尣,尣,wāng,uông
尤,尤,yóu,vưu
尥,尥,liào,liệu
尩,尩,wāng,uông
尪,尪,wāng,uông
屹,屹,yì,ngật
屺,屺,qǐ,dĩ
屼,屼,wù,ngột
岀,岀,chū,xuất
岅,岅,bǎn,phản
岈,岈,yá,ha
岊,岊,jié,tiết
岌,岌,jí,ngập
屨,屦,jù,lũ
屩,屩,juē,cược
屪,屪,liáo,liêu
屫,屫,jué,cước
屭,屭,xì,hí
屮,屮,chè,triệt
屰,屰,nì,dịch
屴,屴,lì,lực
屜,屉,tì,thế
屝,屝,fèi,phỉ
属,属,shǔ,thục
屟,屟,xiè,tiết
屢,屡,lǚ,lũ
履,履,lǚ,lý
屦,屦,jù,cứ
屧,屧,xiè,tiệp
屏,屏,píng,bình
屐,屐,jī,kịch
屑,屑,xiè,tiết
屓,屃,xiè,ế
展,展,zhǎn,triển
屖,屖,xī,tê
屘,屘,mǎn,mí
屙,屙,ē,a
峄,峄,yì,dịch
峇,峇,bā,khạp
峋,峋,xún,tuân
峒,峒,dòng,đồng
峙,峙,zhì,trĩ
峚,峚,mì,mật
峝,峝,tóng,đỗng
峞,峞,wéi,quỵ
岬,岬,jiǎ,giáp
岭,岭,lǐng,linh
岳,岳,yuè,nhạc
岹,岹,tiáo,thiều
岽,岽,dōng,đông
峁,峁,mǎo,mão
峂,峂,tóng,đồng
峃,峃,xué,hạc
岜,岜,bā,ba
岝,岝,zuò,trách
岞,岞,zuò,trách
岡,冈,gāng,cương
岢,岢,kě,khả
岨,岨,qū,thư
岩,岩,yán,nham
岫,岫,xiù,tụ
岍,岍,qiān,khiên
岐,岐,qí,kì
岑,岑,cén,sầm
岒,岒,qián,kiềm
岔,岔,chà,xóa
岙,岙,ào,áo
岚,岚,lán,lam
岛,岛,dǎo,đảo
崋,崋,huà,hoa
崌,崌,jū,cư
崍,崃,lái,lai
崎,崎,qí,khi
崐,崐,kūn,côn
崑,昆,kūn,côn
崒,崒,zú,chót
崓,崓,gù,cố
崀,崀,làng,lãng
崁,崁,kàn,khám
崃,崃,lái,lai
崄,崄,xiǎn,hiểm
崆,崆,kōng,không
崇,崇,chóng,sùng
崈,崈,chóng,sùng
崊,崊,lín,lờm
峭,峭,qiào,tiễu
峯,峰,fēng,phong
峰,峰,fēng,phong
峱,峱,náo,nạo
峴,岘,xiàn,hiện
島,岛,dǎo,đảo
峻,峻,jùn,tuấn
峿,峿,wú,ngô
峠,峠,qiǎ,ca
峤,峤,jiào,khiêu
峦,峦,luán,loan
峧,峧,jiāo,giao
峨,峨,é,nga
峩,峩,é,nga
峪,峪,yù,dục
峫,峫,xié,gia
嵆,嵆,jī,kê
嵇,嵇,jī,kê
嵊,嵊,shèng,thặng
嵋,嵋,méi,mi
嵌,嵌,qiàn,khảm
嵏,嵏,zōng,tông
嵐,岚,lán,lam
嵒,嵒,yán,nham
崳,崳,yú,du
崴,崴,wǎi,uy
崶,崶,fēng,phong
崽,崽,zǎi,tể
崾,崾,yào / yǎo,yểu
崿,崿,è,ngạc
嵁,嵁,kān,kham
嵂,嵂,lǜ,luật
崢,峥,zhēng,tranh
崤,崤,xiáo,hào
崦,崦,yān,yêm
崧,崧,sōng,tung
崩,崩,bēng,băng
崬,岽,dōng,đông
崮,崮,gù,cố
崱,崱,zè,trắc
崔,崔,cuī,thôi
崗,岗,gǎng,cương
崘,崘,lún,lôn
崚,崚,léng,lăng
崛,崛,jué,quật
崞,崞,guō,quách
崟,崟,yín,dần
崠,崠,dōng,đống
嶖,嶖,yān,yêm
嶗,崂,láo,lao
嶙,嶙,lín,lân
嶝,嶝,dèng,đặng
嶞,嶞,duò,đoạ
嶟,嶟,zūn,tôn
嶡,嶡,guì,quyết
嶢,峣,yáo,nghèo
嶅,嶅,áo,ngao
嶇,岖,qū,khu
嶋,嶋,dǎo,đảo
嶌,嶌,dǎo,đảo
嶍,嶍,xí,tập
嶒,嶒,céng,tằng
嶓,嶓,bō,ba
嶔,嵚,qīn,khâm
嵬,嵬,wéi,ngôi
嵯,嵯,cuó,tha
嵲,嵲,niè,nghiệt
嵺,嵺,liáo,lũ
嵼,嵼,chǎn,sản
嵾,㟥,cēn,sâm
嶁,嵝,lǒu,lũ
嶂,嶂,zhàng,chướng
嵓,嵓,yán,nham
嵖,嵖,chá,tra
嵗,岁,suì,tuế
嵙,嵙,kē,khoa
嵜,嵜,qí,khi
嵦,嵦,kǎi,khải
嵩,嵩,sōng,tung
嵫,嵫,zī,tư
巓,巓,diān,điên
巔,巅,diān,điên
巖,岩,yán,nham
巗,巗,yán,nham
巘,𪩘,yǎn,nghiễn
巛,巛,chuān,xuyên
巜,巜,kuài,quái
川,川,chuān,xuyên
巅,巅,diān,điên
巆,巆,róng,vanh
巇,巇,xī,hi
巉,巉,chán,sàm
巌,巌,yán,nham
巍,巍,wēi,nguy
巎,巎,náo,nao
巒,峦,luán,loan
嶲,嶲,xī,tây
嶴,嶴,ào,áo
嶸,嵘,róng,vanh
嶺,岭,lǐng,lĩnh
嶼,屿,yǔ,tự
嶽,岳,yuè,nhạc
巂,巂,guī,huề
巃,巃,lóng,lung
嶧,峄,yì,dịch
嶨,峃,xué,hạc
嶩,嶩,náo,nao
嶪,嶪,yè,nghiệp
嶫,嶫,yè,nghiệp
嶭,嶭,niè,nghiệt
嶮,崄,xiǎn,hiểm
嶰,嶰,xiè,giải
帀,帀,zā,táp
市,市,shì,thị
布,布,bù,bố
帄,帄,dīng,đinh
帊,帊,pà,phạ
帋,帋,zhǐ,chỉ
帐,帐,zhàng,trướng
帒,帒,dài,đẫy
巴,巴,bā,ba
巵,巵,zhī,chi
巷,巷,xiàng,hạng
巹,卺,jǐn,cẩn
巻,巻,juàn,quyển
巼,巼,bā,ba
巾,巾,jīn,cân
巿,巿,fú,phất
巩,巩,gǒng,củng
巪,巪,jù,cự
巫,巫,wū,vu
巭,巭,pu,cung
巯,巯,qiú,cầu
巰,巯,qiú,cầu
已,已,yǐ,dĩ
巳,巳,sì,tị
州,州,zhōu,châu
巟,巟,huāng,hoang
巠,巠,jīng,kinh
巡,巡,xún,tuần
巢,巢,cháo,sào
巣,巣,cháo,sào
工,工,gōng,công
巧,巧,qiǎo,xảo
帺,帺,qí,kì
帿,帿,hóu,hầu
幂,幂,mì,mịch
幃,帏,wéi,vi
幄,幄,wò,ác
幇,幇,bāng,bang
幈,幈,píng,bình
幋,幋,pán,bàn
帯,帯,dài,đới
帰,帰,guī,quy
帲,帲,píng,bình
帳,帐,zhàng,trướng
帵,帵,wān,oan
帷,帷,wéi,duy
常,常,cháng,thường
帹,帹,shà,thiếp
帡,帡,píng,bình
帢,帢,qià,kháp
帣,帣,juǎn,quyến
帧,帧,zhēn,chứng
帨,帨,shuì,thuế
師,师,shī,sư
帬,帬,qún,quần
席,席,xí,tịch
帓,帓,mò,mạt
帔,帔,pèi,bí
帖,帖,tiē,thiếp
帗,帗,bō,phạt
帘,帘,lián,liêm
帚,帚,zhǒu,trửu
帛,帛,bó,bạch
帟,帟,yì,diệc
幺,幺,yāo,yêu
幼,幼,yòu,ấu
幽,幽,yōu,u
庀,庀,pǐ,phỉ
庁,庁,tīng,sảnh
庅,庅,mó,ma
庆,庆,qìng,khánh
庇,庇,bì,tí
幪,幪,méng,mông
幫,帮,bāng,bang
幮,幮,chú,trù
幰,幰,xiǎn,hiển
干,干,gàn,can
幵,幵,jiān,kiên
并,并,bìng,tinh
幸,幸,xìng,hạnh
幚,幚,bāng,bang
幞,幞,fú,phốc
幟,帜,zhì,xí
幠,幠,hū,hu
幦,幦,mì,mịch
幧,幧,qiāo,thiêu
幨,幨,chān,xiêm
幩,幩,fén,phần
幌,幌,huǎng,hoảng
幍,幍,tāo,thao
幎,幎,mì,mịch
幏,幏,jià,giá
幑,幑,huī,huy
幗,帼,guó,quắc
幘,帻,zé,trách
幙,幙,mù,mạc
庿,庿,miào,miếu
廀,廀,sōu,sưu
廄,厩,jiù,cứu
廆,廆,wěi,hối
廉,廉,lián,liêm
廊,廊,láng,lang
廋,廋,sōu,sưu
廎,庼,qǐng,khoảnh
庶,庶,shù,thứ
康,康,kāng,khang
庸,庸,yōng,dong
庹,庹,tuǒ,thoả
庻,庻,shù,thú
庼,庼,qǐng,khoảnh
庽,庽,yù,ngụ
庾,庾,yǔ,dữu
庚,庚,gēng,canh
府,府,fǔ,phủ
庞,庞,páng,bàng
庠,庠,xiáng,tường
庤,庤,zhì,chí
庥,庥,xiū,hưu
庬,庬,máng,mang
庵,庵,ān,am
庈,庈,qín,cầm
床,床,chuáng,sàng
庑,庑,wǔ,vũ
应,应,yīng,ưng
底,底,dǐ,để
庖,庖,páo,bào
店,店,diàn,điếm
庙,庙,miào,miếu
廼,廼,nǎi,nãi
廽,廽,huí,hồi
开,开,kāi,khai
异,异,yì,di
弄,弄,nòng,lộng
弆,弆,jǔ,khí
弇,弇,yǎn,yểm
弈,弈,yì,dịch
廰,廰,tīng,thính
廱,廱,yōng,ung
廴,廴,yǐn,dẫn
廵,廵,xún,tuần
廷,廷,tíng,đình
廸,廸,dí,địch
廹,廹,pǎi,bách
廻,廻,huí,hồi
廟,庙,miào,miếu
廠,厂,chǎng,xưởng
廢,废,fèi,phế
廥,廥,kuài,quái
廧,廧,qiáng,tường
廩,廪,lǐn,lẫm
廪,廪,lǐn,lẫm
廬,庐,lú,lư
廏,廏,jiù,cứu
廐,廐,jiù,cứu
廒,廒,áo,ngao
廔,廔,lóu,lưu
廕,荫,yìn,ấm
廙,廙,yì,dị
廝,厮,sī,tư
廞,𫷷,xīn,hân
弯,弯,wān,loan
弰,弰,shāo,sao
弱,弱,ruò,nhược
弳,弪,jìng,kính
弴,弴,diāo,điêu
弶,弶,jiàng,cương
強,强,qiáng,càng
弸,弸,péng,bằng
弤,弤,dǐ,để
弥,弥,mí,di
弦,弦,xián,huyền
弨,弨,chāo,siêu
弪,弪,jìng,kính
弫,弫,zhěn,chẩn
弭,弭,mǐ,nhị
弮,弮,quān,khuyên
弖,弖,hù,cung
弗,弗,fú,phất
弘,弘,hóng,hoằng
弛,弛,chí,thỉ
弝,弝,bà,bá
张,张,zhāng,chương
弢,弢,tāo,thao
弣,弣,fǔ,phủ
弋,弋,yì,dặc
弌,弌,yī,nhất
弍,弍,èr,nhị
弎,弎,sān,tam
式,式,shì,thức
弑,弑,shì,thí
弒,弑,shì,thí
弓,弓,gōng,cung
彥,彦,yàn,ngạn
彧,彧,yù,úc
彪,彪,biāo,bưu
彫,雕,diāo,điêu
彯,彯,piāo,phiêu
彰,彰,zhāng,chương
影,影,yǐng,ảnh
彲,彨,chī,si
彗,彗,huì,tuệ
彘,彘,zhì,trệ
彛,彛,yí,di
彞,彞,yí,di
彟,彟,yuē,hoạch
彠,彟,yuē,hoạch
形,形,xíng,hình
彤,彤,tóng,đồng
彌,弥,mí,di
彍,彍,guō,khoắc
彎,弯,wān,loan
彑,彑,jì,kệ
当,当,dāng,đang
彔,录,lù,lục
录,录,lù,lục
彖,彖,tuàn,thoán
强,强,qiáng,cường
弻,弻,bì,bật
弼,弼,bì,bặt
弾,弾,dàn,đạn
彀,彀,gòu,cấu
彃,彃,bì,tất
彄,𫸩,kōu,khu
彆,别,biè,biệt
徜,徜,cháng,thảng
徤,徤,jiàn,kiện
徧,徧,biàn,biến
徨,徨,huáng,hoàng
循,循,xún,tuần
徭,徭,yáo,dao
微,微,wēi,vi
徳,徳,dé,đức
律,律,lǜ,luật
徑,径,jìng,kính
徒,徒,tú,đồ
従,従,cóng,tòng
徕,徕,lái,lai
得,得,dé,đắc
徘,徘,pái,bồi
徙,徙,xǐ,tỉ
往,往,wǎng,vãng
征,征,zhēng,chinh
徃,徃,wǎng,vãng
径,径,jìng,kính
待,待,dài,đãi
很,很,hěn,ngận
徉,徉,yáng,dương
徊,徊,huái,hồi
彳,彳,chì,sách
彴,彴,zhuó,chước
彸,彸,zhōng,chung
役,役,yì,dịch
彻,彻,chè,triệt
彼,彼,bǐ,bỉ
彽,彽,dī,đê
彾,彾,líng,lĩnh
忤,忤,wǔ,ngỗ
忩,忩,cōng,thông
忪,忪,sōng,chung
快,快,kuài,khoái
忭,忭,biàn,biện
忮,忮,zhì,kĩ
忱,忱,chén,thầm
忲,忲,tài,thái
忕,忕,shì,thệ
志,志,zhì,chí
忘,忘,wàng,vong
忙,忙,máng,mang
応,応,yīng,ưng
忞,忞,mín,mân
忠,忠,zhōng,trung
忡,忡,chōng,sung
忇,忇,lè,sực
忋,忋,gǎi,cải
忍,忍,rěn,nhẫn
忏,忏,chàn,thin
忐,忐,tǎn,thảm
忑,忑,tè,thắc
忒,忒,tè,thắc
忓,忓,gān,can
德,德,dé,đức
徹,彻,chè,triệt
徽,徽,huī,huy
忂,忂,qú,cù
心,心,xīn,tâm
忄,忄,xin,tâm
必,必,bì,tất
忆,忆,yì,hắt
怗,怗,tiē,thiếp
怙,怙,hù,hỗ
怚,怚,jù,thư
怜,怜,lián,lanh
怞,怞,chóu,du
怠,怠,dài,đãi
怡,怡,yí,di
急,急,jí,cấp
怍,怍,zuò,tạc
怏,怏,yàng,ưởng
怐,怐,jù,khấu
怑,怑,bàn,bẳn
怒,怒,nù,nộ
怓,怓,náo,nao
怔,怔,zhēng,chinh
怕,怕,pà,phạ
忿,忿,fèn,phẫn
怀,怀,huái,hoài
态,态,tài,thái
怂,怂,sǒng,tủng
怃,怃,wǔ,vũ
怄,怄,òu,âu
怆,怆,chuàng,sáng
怊,怊,chāo,siêu
忴,忴,qián,linh
念,念,niàn,niệm
忷,忷,xiōng,hung
忸,忸,niǔ,nữu
忺,忺,xiān,hiêm
忻,忻,xīn,hãn
忼,忼,kāng,khảng
忽,忽,hū,hốt
恓,恓,xī,tây
恔,恔,jiǎo,hiệu
恕,恕,shù,thứ
恙,恙,yàng,dạng
恚,恚,huì,khuể
恛,恛,huí,hồi
恜,恜,chì,thức
恝,恝,jiá,kiết
恅,恅,lǎo,làu
恇,恇,kuāng,khuông
恉,恉,zhǐ,chỉ
恋,恋,liàn,luyến
恌,恌,tiāo,khiêu
恍,恍,huǎng,hoảng
恏,恏,hào,háo
恑,恑,guǐ,nguây
怶,怶,bì,bí
怹,怹,tān,than
怺,怺,yǒng,vắng
怿,怿,yì,dịch
恁,恁,nèn,nhẫm
恂,恂,xún,tuân
恃,恃,shì,thị
恄,恄,xì,ghét
性,性,xìng,tính
怨,怨,yuàn,oán
怪,怪,guài,quái
怭,怭,bì,tất
怯,怯,qiè,khiếp
怱,怱,cōng,thông
怲,怲,bǐng,biếng
怳,怳,huǎng,hoảng
悈,悈,jiè,giới
悊,悊,zhé,triết
悋,悋,lìn,lẫn
悌,悌,tì,đễ
悍,悍,hàn,hãn
悐,悐,tì,thích
悑,悑,bù,bỏ
悒,悒,yì,ấp
恹,恹,yān,yêm
恺,恺,kǎi,khải
恻,恻,cè,trắc
恿,恿,yǒng,dũng
悀,悀,yǒng,dũng
悃,悃,kǔn,khổn
悆,悆,yù,dự
悇,悇,tú,dơ
恩,恩,ēn,ân
恪,恪,kè,khác
恫,恫,dòng,đỗng
恬,恬,tián,điềm
恭,恭,gōng,cung
息,息,xī,tức
恰,恰,qià,kháp
恶,恶,è,ác
恟,恟,xiōng,hung
恠,恠,guài,quái
恡,恡,lìn,lận
恢,恢,huī,khôi
恤,恤,xù,tuất
恥,耻,chǐ,sỉ
恧,恧,nǜ,nục
恨,恨,hèn,hận
悻,悻,xìng,hãnh
悼,悼,dào,điệu
悽,凄,qī,thê
悾,悾,kōng,không
惀,惀,lún,luẩn
惄,惄,nì,nịch
情,情,qíng,tình
惆,惆,chóu,trù
悯,悯,mǐn,mẫn
悰,悰,cóng,tông
悱,悱,fěi,phỉ
悲,悲,bēi,bi
悳,悳,dé,đức
悵,怅,chàng,trướng
悷,悷,lì,lệ
悸,悸,jì,quý
悢,悢,liàng,lượng
患,患,huàn,hoạn
悤,悤,cōng,thông
悧,悧,lì,rượi
您,您,nín,nâm
悪,悪,è,ác
悫,悫,què,xác
悮,悮,wù,ngộ
悕,悕,xī,hy
悖,悖,bèi,bội
悗,悗,mán,mến
悚,悚,sǒng,tủng
悜,悜,chěng,chường
悞,悮,wù,ngộ
悟,悟,wù,ngộ
悠,悠,yōu,du
惭,惭,cán,sàm
惯,惯,guàn,quán
惰,惰,duò,nọa
惱,恼,nǎo,não
惲,恽,yùn,uẩn
想,想,xiǎng,tưởng
惶,惶,huáng,hoàng
惷,惷,chǔn,xuẩn
惠,惠,huì,huệ
惢,惢,suǒ,nhị
惥,惥,yǒng,dũng
惦,惦,diàn,điếm
惧,惧,jù,cự
惨,惨,cǎn,thảm
惪,惪,dé,đức
惫,惫,bèi,bị
惓,惓,quán,quyền
惔,惔,tán,đàm
惘,惘,wǎng,võng
惙,惙,chuò,chuyết
惚,惚,hū,hốt
惛,惛,hūn,hôn
惝,惝,chǎng,sượng
惟,惟,wéi,duy
惈,惈,guǒ,quả
惊,惊,jīng,kinh
惌,惌,yuān,uyên
惍,惍,jīn,căm
惎,惎,jì,kị
惏,惏,lán,lầm
惑,惑,huò,hoặc
惒,惒,hé,hoà
愫,愫,sù,tố
愭,愭,qí,kì
愮,愮,yáo,dao
愯,愯,sǒng,tủng
愳,愳,jù,cụ
愴,怆,chuàng,sảng
愷,恺,kǎi,khải
愼,愼,shèn,thận
愛,爱,ài,ái
感,感,gǎn,cảm
愠,愠,yùn,uấn
愢,愢,sāi,tai
愣,愣,lèng,lăng
愤,愤,fèn,phẫn
愧,愧,kuì,quý
愨,悫,què,xác
意,意,yì,ý
愐,愐,miǎn,giợn
愑,愑,yǒng,dũng
愓,愓,dàng,đãng
愕,愕,è,ngạc
愖,愖,chén,thầm
愙,愙,kè,khác
愚,愚,yú,ngu
惸,惸,qióng,quỳnh
惹,惹,rě,nhạ
惺,惺,xīng,tinh
惻,恻,cè,trắc
惼,惼,biǎn,bẽn
愁,愁,chóu,sầu
愍,愍,mǐn,mẫn
愎,愎,bì,phức
慥,慥,zào,tháo
慧,慧,huì,tuệ
慨,慨,kǎi,khái
慪,怄,òu,âu
慫,怂,sǒng,túng
慬,慬,qín,cỡn
慱,慱,tuán,đoàn
慷,慷,kāng,khảng
慕,慕,mù,mộ
慘,惨,cǎn,thảm
慙,慙,cán,tàm
慛,慛,cuī,thôi
慜,慜,mǐn,mẫn
慝,慝,tè,thắc
慞,慞,zhāng,chương
慢,慢,màn,mạn
慇,慇,yīn,ân
慈,慈,cí,từ
慉,慉,xù,súc
態,态,tài,thái
慌,慌,huāng,hoảng
慍,愠,yùn,uấn
慎,慎,shèn,thận
慓,慓,piāo,phiếu
愽,愽,bó,bác
愿,愿,yuàn,nguyện
慁,慁,hùn,hỗn
慂,慂,yǒng,dũng
慃,慃,yǎng,õng
慄,栗,lì,lật
慅,慅,sāo,tao
慆,慆,tāo,thao
憫,悯,mǐn,mẫn
憬,憬,jǐng,cảnh
憭,憭,liǎo,trêu
憯,憯,cǎn,thảm
憰,憰,jué,quyết
憲,宪,xiàn,hiến
憶,忆,yì,ức
憷,憷,chù,sở
憖,慭,yìn,ngận
憗,憗,yìn,ngận
憙,憙,xǐ,hí
憚,惮,dàn,dạn
憛,憛,tán,đạn
憝,憝,duì,đỗi
憩,憩,qì,khế
憪,憪,xián,hàn
憇,憇,qì,khế
憊,惫,bèi,bại
憋,憋,biē,biệt
憍,憍,jiāo,kiêu
憎,憎,zēng,tăng
憑,凭,píng,bằng
憒,愦,kuì,hội
憔,憔,qiáo,tiều
慺,㥪,lóu,lưu
慼,戚,qī,thích
慽,慽,qī,thích
慾,欲,yù,dục
慿,慿,píng,bằng
憀,憀,liáo,liêu
憂,忧,yōu,ưu
憃,憃,chōng,xuẩn
懢,懢,lán,nhàm
懣,懑,mèn,muộn
懤,㤽,chóu,trù
懧,懧,nuò,nạnh
懨,恹,yān,yêm
懫,懫,zhì,chí
懮,懮,yǒu,ưu
懰,懰,liú,lưu
懒,懒,lǎn,lãn
懓,懓,ài,áy
懔,懔,lǐn,lẫm
懕,懕,yān,yêm
懜,懜,měng,môm
懞,蒙,méng,mong
懟,怼,duì,đỗi
懠,懠,qí,tê
懅,懅,jù,cứ
懆,懆,cǎo,thảo
懈,懈,xiè,giải
懋,懋,mào,mậu
懌,怿,yì,dịch
懍,懔,lǐn,lẫm
懐,懐,huái,hoài
懑,懑,mèn,muộn
憸,憸,xiān,tiêm
憹,憹,náo,não
憺,憺,dàn,đảm
憾,憾,hàn,hám
懁,懁,xuān,huyên
懂,懂,dǒng,đổng
懃,懃,qín,cần
懄,懄,qín,cần
戒,戒,jiè,giới
戕,戕,qiāng,tường
或,或,huò,hoặc
戚,戚,qī,thích
戞,戞,jiá,kiết
戟,戟,jǐ,kích
戡,戡,kān,kham
戢,戢,jí,tập
戈,戈,gē,qua
戉,戉,yuè,việt
戊,戊,wù,mậu
戌,戌,xū,tuất
戍,戍,shù,thú
戎,戎,róng,nhung
成,成,chéng,thành
我,我,wǒ,ngã
懾,慑,shè,nhiếp
懿,懿,yì,ý
戀,恋,liàn,luyến
戁,戁,nǎn,nản
戄,戄,jué,quặc
戅,戅,gàng,tráng
戆,戆,gàng,táng
戇,戆,zhuàng,tráng
懱,懱,miè,miệt
懲,惩,chéng,trừng
懵,懵,měng,mộng
懷,怀,huái,hoài
懸,悬,xuán,huyền
懺,忏,chàn,sám
懼,惧,jù,cụ
懽,懽,huān,hoàn
扈,扈,hù,hỗ
扉,扉,fēi,phi
扊,扊,yǎn,diễm
手,手,shǒu,thủ
扌,扌,shou,thủ
才,才,cái,tài
扎,扎,zhā,trát
扐,扐,lè,lặc
戹,戹,è,ách
戺,戺,shì,sĩ
戼,戼,mǎo,mão
戽,戽,hù,hố
扂,扂,diàn,điệm
扃,扃,jiōng,quynh
扄,扄,shǎng,tưởng
扆,扆,yǐ,ỷ
戯,戯,hū,hí
戰,战,zhàn,chiến
戱,戯,xì,hí
戴,戴,dài,đái
戵,戵,qú,cù
戶,户,hù,hộ
户,户,hù,hộ
戸,戸,hù,hộ
戣,戣,kuí,quỳ
戤,戤,gài,ngái
戥,戥,děng,đẳng
戧,戗,qiāng,thương
戩,戬,jiǎn,tiển
截,截,jié,tiệt
戭,戭,yǎn,diễn
戮,戮,lù,lục
扽,扽,dèn,đùn
承,承,chéng,thừa
技,技,jì,kĩ
抄,抄,chāo,sao
抇,抇,hú,nhặt
抈,抈,yuè,ngoắt
抌,抌,dǎn,thẩm
抏,抏,wán,ngoạn
扬,扬,yáng,dương
扭,扭,niǔ,nữu
扲,扲,qián,cầm
扶,扶,fú,phù
批,批,pī,phê
扺,扺,zhǐ,chỉ
扻,扻,zhì,tiết
扼,扼,è,ách
扡,扡,tuō,tha
扣,扣,kòu,khấu
扤,扤,wù,ngột
扦,扦,qiān,xiên
执,执,zhí,chấp
扨,扨,rèn,nhấn
扪,扪,mén,môn
扫,扫,sǎo,tố
打,打,dǎ,đả
扔,扔,rēng,nẫy
払,払,fǎn,chàng
扗,扗,zài,nhổ
扙,扙,zhàng,rượn
扜,扜,yū,vo
扞,扞,hàn,hãn
扠,扠,chā,xoa
抺,抺,mèi,vầy
抻,抻,chēn,chẩn
押,押,yā,áp
抽,抽,chōu,trừu
抾,抾,qū,khứa
抿,抿,mǐn,mân
拁,拁,jiā,giơ
拃,拃,zhǎ,tra
抯,抯,zhā,vả
抰,抰,yāng,dưỡng
抱,抱,bào,bão
抳,抳,nǐ,nai
抴,抴,yè,duệ
抷,抷,pī,phơ
抸,抸,jiā,bẹp
抹,抹,mǒ,mạt
抝,抝,ǎo,ảo
択,択,zé,trạch
抡,抡,lūn,lân
抢,抢,qiǎng,thưởng
护,护,hù,hộ
抩,抩,nán,nhóm
抪,抪,bù,bó
抮,抮,zhěn,chẩn
抑,抑,yì,ức
抒,抒,shū,trữ
抔,抔,póu,bồi
投,投,tóu,đầu
抖,抖,dǒu,đẩu
抗,抗,kàng,kháng
抛,抛,pāo,phao
抜,抜,bá,bạt
挄,挄,kuò,quăng
挅,挅,duǒ,xoá
挆,挆,duǒ,đỏa
指,指,zhǐ,chỉ
按,按,àn,án
挍,挍,jiào,gieo
挎,挎,kuà,khoá
挏,挏,dòng,rùng
拳,拳,quán,quyền
拴,拴,shuān,thuyên
拵,拵,cún,dồn
拶,拶,zā,tạt
拽,拽,zhuài,dìa
拿,拿,ná,nã
持,持,chí,trì
挃,挃,zhì,chọi
拠,拠,jù,cứ
拢,拢,lǒng,lũng
拤,拤,qiá,ca
拥,拥,yōng,dùng
拪,拪,qiān,tay
拫,拫,hén,gắn
拯,拯,zhěng,chửng
拰,拰,nǐn,nhúm
拆,拆,chāi,sách
拇,拇,mǔ,mẫu
拋,抛,pāo,phao
拎,拎,līn,linh
拏,拏,ná,noa
拕,拕,tuō,tha
拜,拜,bài,bái
拝,拝,bài,bái
挿,挿,chā,thọc
捁,捁,jiǎo,kéo
捂,捂,wǔ,ngộ
捄,捄,jiù,cứu
捅,捅,tǒng,thòng
捆,捆,kǔn,khổn
捇,捇,huò,xách
捈,捈,tú,giơ
挱,挲,sā,sa
挲,挲,sā,sa
挴,挴,měi,mói
挶,挶,jū,cư
挷,挷,péng,văng
挸,挸,jiǎn,kén
挺,挺,tǐng,đĩnh
挽,挽,wǎn,vãn
挞,挞,tà,thát
挠,挠,náo,nhéo
挡,挡,dǎng,đảng
挢,挢,jiǎo,kiểu
挥,挥,huī,huy
挬,挬,bó,vọt
挭,挭,gěng,gánh
挰,挰,chéng,dềnh
挒,挒,liè,trét
挓,挓,zhā,trát
挕,挕,dié,nhẹ
挖,挖,wā,oạt
挗,挗,jué,dí
挚,挚,zhì,chí
挛,挛,luán,loan
挜,挜,yà,á
掅,掅,qìng,thanh
授,授,shòu,thụ
掌,掌,zhǎng,chưởng
掍,掍,hùn,cổn
掏,掏,tāo,đào
掐,掐,qiā,kháp
掑,掑,qí,cài
排,排,pái,bài
捯,捯,dáo,đố
捴,捴,zǒng,tổng
捵,捵,chēn,điến
捶,捶,chuí,chúy
捼,捼,ruó,noa
捿,捿,qī,thê
掃,扫,sǎo,tảo
掄,抡,lūn,luân
捠,捠,bāng,banh
换,换,huàn,hoán
捣,捣,dǎo,đảo
捤,捤,wěi,vãi
捦,捦,qín,cầm
捨,舍,shě,xả
捫,扪,mén,môn
捭,捭,bǎi,bãi
捉,捉,zhuō,tróc
捋,捋,lǚ,loát
捏,捏,niē,niết
捓,捓,yé,gia
捗,捗,bù,duệ
捘,捘,zùn,thoa
捛,捛,lǚ,trã
捞,捞,lāo,lau
揅,揅,yán,nghiên
揇,揇,nǎn,nam
揌,揌,sāi,tai
揍,揍,zòu,tấu
揎,揎,xuān,tuyên
描,描,miáo,miêu
揑,揑,niē,niết
揔,揔,zǒng,tổng
掼,掼,guàn,quán
掽,掽,pèng,bánh
掾,掾,yuàn,duyện
掿,掿,nuò,nhắc
揁,揁,zhēng,rinh
揂,揂,jiū,dùa
揃,揃,jiǎn,tiên
揄,揄,yú,du
控,控,kòng,khống
掫,掫,zhōu,tưu
掬,掬,jū,cúc
掯,掯,kèn,khẳng
掰,掰,bāi,bẻ
掱,掱,pá,vát
掳,掳,lǔ,lỗ
掴,掴,guāi,quặc
掔,掔,qiān,kiên
掖,掖,yē,dịch
掗,挜,yà,á
掘,掘,jué,quật
掙,挣,zhēng,tránh
掞,掞,yàn,thiểm
掤,掤,bīng,băng
接,接,jiē,tiếp
揺,揺,yáo,dao
揻,揻,wēi,uy
揽,揽,lǎn,lãm
揾,揾,wèn,ùn
揿,揿,qìn,khấm
搂,搂,lǒu,lâu
搅,搅,jiǎo,giảo
搇,搇,qìn,khấm
揯,搄,gèn,canh
揰,揰,chòng,súng
揳,揳,xiē,khế
揵,揵,qián,kiền
揶,揶,yé,gia
揷,揷,chā,sáp
揸,揸,zhā,tra
揹,揹,bēi,bội
揢,揢,ké,khách
揥,揥,tì,thế
揦,揦,lá,lạt
揪,揪,jiū,thu
揫,揫,jiū,thu
揬,揬,tú,dụt
揭,揭,jiē,yết
揮,挥,huī,huy
揗,揗,xún,tuần
揘,揘,yóng,hoành
揚,扬,yáng,dương
換,换,huàn,hoán
揜,揜,yǎn,yểm
揝,揝,zǎn,toản
揞,揞,ǎn,ẵm
握,握,wò,ác
搳,搳,huá,hoa
搴,搴,qiān,khiên
搵,揾,wèn,ùn
搷,搷,tián,chẩn
携,携,xié,huề
搽,搽,chá,trà
搾,搾,zhà,trá
搿,搿,gé,cách
搧,搧,shān,thiên
搨,搨,tà,tháp
搪,搪,táng,đường
搫,搫,pán,bàn
搮,搮,lì,lắt
搯,搯,tāo,đào
搰,搰,hú,hột
搲,搲,wā,oa
搛,搛,jiān,gom
搝,搝,qiǔ,xỏ
搞,搞,gǎo,cào
搠,搠,shuò,sóc
搡,搡,sǎng,táng
搢,搢,jìn,tấn
搣,搣,miè,diệt
搤,搤,è,ách
搈,搈,róng,dong
搋,搋,chuāi,soai
搌,搌,zhǎn,triển
搎,搎,sūn,dun
搐,搐,chù,súc
搕,搕,kē,khạp
搘,搘,zhī,chi
搙,搙,nù,nục
摰,摰,niè,nghiệt
摱,摱,màn,mần
摲,摲,chàn,sảm
摴,摴,chū,sư
摵,摵,shè,tố
摷,摷,jiǎo,tiễu
摸,摸,mō,mò
摻,掺,càn,sam
摠,摠,zǒng,tổng
摡,摡,gài,cái
摦,摦,huà,thoại
摩,摩,mó,ma
摪,摪,jiāng,rướn
摭,摭,zhí,trích
摮,摮,áo,ngao
摯,挚,zhì,chí
摔,摔,shuāi,suất
摕,摕,dì,đế
摘,摘,zhāi,trích
摙,摙,liǎn,lèn
摛,摛,chī,si
摜,掼,guàn,quán
摝,摝,lù,lục
摞,摞,luò,loa
摀,摀,wǔ,ô
摁,摁,èn,ấn
摊,摊,tān,than
摋,摋,sà,sát
摎,摎,jiū,cưu
摏,摏,chōng,thung
摒,摒,bìng,bính
摓,摓,féng,bồng
撬,撬,qiào,khiêu
撮,撮,cuō,toát
撱,撱,wěi,vĩ
撳,揿,qìn,khấm
撴,撴,dūn,đun
撵,撵,niǎn,liễn
撸,撸,lū,lỗ
撹,撹,jiǎo,giảo
撝,㧑,huī,vày
撞,撞,zhuàng,chàng
撡,撡,cāo,thao
撢,撢,dǎn,đùm
撤,撤,chè,triệt
撥,拨,bō,bát
撦,撦,chě,xả
撧,撧,juē,tuyệt
撋,撋,ruán,nhuyên
撌,撌,guì,quấy
撎,撎,yì,nhắt
撑,撑,chēng,xênh
撔,撔,hòng,ngảnh
撖,撖,hàn,hạm
撘,撘,dā,đáp
撙,撙,zǔn,tỗn
摼,摼,kēng,ken
撂,撂,liào,lược
撃,撃,jī,kích
撄,撄,yīng,anh
撆,撆,piē,biết
撇,撇,piē,phiết
撉,撉,dūn,đôn
撊,撊,xiàn,giản
擥,擥,lǎn,lãm
擧,擧,jǔ,cử
擨,擨,yé,gia
擩,擩,rǔ,nhũ
擪,擪,yè,áp
擫,擫,yè,áp
擬,拟,nǐ,nghĩ
擰,拧,níng,ninh
擕,擕,xié,huề
擖,擖,kā,ca
擛,擛,yè,dẹp
擜,擜,è,ngột
擡,擡,tái,đài
擢,擢,zhuó,trạc
擣,捣,dǎo,đảo
擤,擤,xǐng,xỉ
擇,择,zé,trạch
擉,擉,chuò,thọc
擊,击,jī,kích
擋,挡,dǎng,đảng
擎,擎,qíng,kình
擐,擐,huàn,hoàn
擒,擒,qín,cầm
擓,㧟,kuǎi,khối
撻,挞,tà,thát
撼,撼,hàn,hám
撽,撽,qiào,khiếu
撾,挝,wō,qua
撿,捡,jiǎn,kiểm
擀,擀,gǎn,cán
擃,擃,nǎng,nống
擄,掳,lǔ,lỗ
攧,攧,diān,điên
攩,攩,dǎng,đảng
攪,搅,jiǎo,giảo
攫,攫,jué,quặc
攬,揽,lǎn,lãm
支,支,zhī,chi
攰,攰,guì,hội
攲,攲,qī,khi
攐,攐,qiān,khiên
攑,攑,qiān,gỡ
攓,攓,qiān,kiển
攛,撺,cuān,thoán
攜,携,xié,huề
攞,攞,luó,rà
攟,攟,jùn,quấn
攥,攥,zuàn,toản
攂,攂,lèi,lôi
攃,攃,cā,thát
攅,攅,zǎn,toàn
攆,撵,niǎn,niện
攈,攈,jùn,quấn
攉,攉,huō,hoắc
攋,攋,là,lại
攏,拢,lǒng,long
擲,掷,zhì,trịch
擵,擵,mó,ma
擷,撷,xié,hiệt
擸,擸,liè,xợp
擻,擞,sǒu,tẩu
擼,撸,lǔ,trỏ
擽,㧰,lüè,lịch
擾,扰,rǎo,nhiễu
敘,叙,xù,tự
教,教,jiào,giáo
敚,敚,duó,thoát
敜,敜,niè,niếp
敝,敝,bì,tệ
敞,敞,chǎng,sưởng
敩,敩,xiào,hiệu
敪,敪,duō,xuyết
敌,敌,dí,địch
敍,敍,xù,tự
敏,敏,mǐn,mẫn
救,救,jiù,cứu
敓,敚,duó,thoát
敔,敔,yǔ,ngữ
敕,敕,chì,sắc
敗,败,bài,bại
攽,攽,bān,ban
敁,敁,diān,điêm
敂,敂,kòu,khấu
敃,敃,mǐn,mẫn
故,故,gù,cố
敇,敇,cè,sách
效,效,xiào,hiệu
敉,敉,mǐ,mị
攴,攴,pū,phộc
攵,攵,pū,phộc
攷,攷,kǎo,khảo
攸,攸,yōu,du
改,改,gǎi,cải
攺,攺,yǐ,cải
攻,攻,gōng,công
攼,攼,gān,can
斐,斐,fěi,phỉ
斑,斑,bān,ban
斒,斒,bān,ban
斕,斓,lán,lan
斚,斚,jiǎ,giả
斛,斛,hú,hộc
斝,斝,jiǎ,giả
斞,斞,yǔ,dữu
斄,斄,lí,lai
斅,斅,xiào,hiệu
斆,敩,xiào,hiệu
斈,斈,xué,học
斉,斉,qí,tề
斋,斋,zhāi,trai
斌,斌,bīn,bân
斎,斎,zhāi,trai
敵,敌,dí,địch
敷,敷,fū,phu
敹,敹,liáo,liêu
敺,敺,qū,khu
敽,敽,jiǎo,kiểu
敾,敾,shàn,thiện
敿,敿,jiǎo,kiểu
斃,毙,bì,tễ
敫,敫,jiǎo,kiểu
敬,敬,jìng,kính
敭,敭,yáng,dương
敯,敯,mǐn,mẫn
数,数,shù,tố
敱,敱,ái,ngai
敲,敲,qiāo,xao
整,整,zhěng,chỉnh
族,族,zú,tộc
旐,旐,zhào,triệu
旒,旒,liú,lưu
旓,旓,shāo,sao
旖,旖,yǐ,y
旙,旙,fān,phiên
旝,旝,kuài,quái
旟,旟,yú,dư
旅,旅,lǚ,lữ
旆,旆,pèi,bái
旈,旈,liú,lưu
旉,旉,fū,phu
旊,旊,fǎng,phưởng
旋,旋,xuán,toàn
旌,旌,jīng,tinh
旎,旎,nǐ,nỉ
斲,斲,zhuó,trác
斴,斴,lín,lân
斵,斵,zhuó,trác
斸,斸,zhǔ,trọc
方,方,fāng,phương
斾,斾,pèi,bái
斿,斿,yóu,du
旃,旃,zhān,chiên
斟,斟,zhēn,châm
斨,斨,qiāng,thương
斫,斫,zhuó,chước
斬,斩,zhǎn,trảm
断,断,duàn,đoạn
斮,斮,cuò,trác
斯,斯,sī,tư
新,新,xīn,tân
旾,旾,chūn,xuân
昀,昀,yún,quân
昂,昂,áng,ngang
昃,昃,zè,trắc
昄,昄,bǎn,bản
昇,升,shēng,thăng
昉,昉,fǎng,phưởng
昊,昊,hào,hạo
旵,旵,chǎn,thảm
时,时,shí,thì
旸,旸,yáng,dương
旹,旹,shí,thì
旺,旺,wàng,vượng
旻,旻,mín,mân
旼,旼,mín,mân
旽,旽,tūn,thôn
旨,旨,zhǐ,chỉ
早,早,zǎo,tảo
旪,旪,xié,hiệp
旮,旮,gā,ca
旯,旯,lá,lạp
旱,旱,hàn,hạn
旳,旳,dì,đích
旴,旴,xū,hù
无,无,wú,vô
旡,旡,jì,ký
既,既,jì,ký
旣,既,jì,ký
旤,旤,huò,họa
日,日,rì,nhật
旦,旦,dàn,đán
旧,旧,jiù,cữu
是,是,shì,thị
昰,昰,shì,hạ
昱,昱,yù,dục
昳,昳,dié,điệt
昴,昴,mǎo,mão
昵,昵,nì,nật
昶,昶,chǎng,sưởng
昺,昺,bǐng,bỉnh
昣,昣,zhěn,chẩn
春,春,chūn,xuân
昦,昦,hào,hạo
昧,昧,mèi,muội
昨,昨,zuó,tạc
昪,昪,biàn,biện
昬,昬,hūn,hôn
昭,昭,zhāo,chiêu
昚,昚,shèn,thận
昛,昛,jù,cữ
昜,昜,yáng,dương
昝,昝,zǎn,tảm
昞,昞,bǐng,bỉnh
星,星,xīng,tinh
映,映,yìng,ánh
昡,昡,xuàn,huyễn
昌,昌,chāng,xương
明,明,míng,minh
昏,昏,hūn,hôn
昑,昑,qǐn,ẩm
昒,昒,hū,hốt
昔,昔,xī,tích
昕,昕,xīn,hân
昙,昙,tán,đàm
晩,晩,wǎn,vãn
晪,晪,tiǎn,lang
晫,晫,zhuó,trác
晬,晬,zuì,tối
普,普,pǔ,phổ
景,景,jǐng,cảnh
晰,晰,xī,tích
晶,晶,jīng,tinh
晜,晜,kūn,côn
晝,昼,zhòu,trú
晞,晞,xī,hi
晡,晡,bū,bô
晢,晢,zhé,triết
晥,晥,wǎn,cán
晧,晧,hào,hạo
晨,晨,chén,thần
晏,晏,yàn,yến
晒,晒,shài,sái
晓,晓,xiǎo,hẻo
晖,晖,huī,huy
晗,晗,hán,hàm
晙,晙,jùn,tuấn
晚,晚,wǎn,vãn
晛,𬀪,xiàn,hiện
昻,昻,áng,ngang
晁,晁,cháo,triều
晃,晃,huǎng,quáng
晄,晄,huǎng,hoáng
晅,晅,xuǎn,huyên
晉,晋,jìn,tấn
晋,晋,jìn,tấn
晌,晌,shǎng,thưởng
暠,暠,gǎo,cảo
暢,畅,chàng,sướng
暦,暦,lì,lịch
暧,暧,ài,ái
暨,暨,jì,kỵ
暪,暪,mèn,mãn
暫,暂,zàn,tạm
暭,暭,hào,hạo
暐,𬀩,wěi,vĩ
暑,暑,shǔ,thử
暔,暔,nán,nam
暖,暖,nuǎn,noãn
暗,暗,àn,ám
暘,旸,yáng,dương
暜,暜,pǔ,phổ
暞,暞,jiǎo,kiểu
暄,暄,xuān,huyên
暆,暆,yí,di
暇,暇,xiá,hạ
暉,晖,huī,huy
暋,暋,mǐn,mẫn
暌,暌,kuí,khuê
暎,暎,yìng,ánh
暏,暏,shǔ,thụ
晷,晷,guǐ,quỹ
晸,晸,zhěng,chỉnh
智,智,zhì,trí
晻,晻,àn,ám
晼,晼,wǎn,uyển
晾,晾,liàng,lượng
暁,暁,xiǎo,hẻo
暂,暂,zàn,tạm
曣,曣,yàn,yến
曥,𣆐,lú,trưa
曦,曦,xī,hi
曨,昽,lóng,lông
曬,晒,shài,sái
曰,曰,yuē,viết
曲,曲,qū,khúc
曵,曵,yè,duệ
曑,曑,shēn,sâm
曒,曒,jiǎo,kiểu
曕,曕,yàn,diễm
曙,曙,shǔ,thự
曛,曛,xūn,huân
曜,曜,yào,diệu
曝,曝,pù,bộc
曡,曡,dié,điệp
曁,曁,jì,kỵ
曄,晔,yè,diệp
曆,历,lì,lịch
曇,昙,tán,đàm
曈,曈,tóng,đồng
曌,曌,zhào,chiếu
曍,曍,hào,hạo
曏,向,xiǎng,hướng
暮,暮,mù,mộ
暱,暱,nì,nật
暲,暲,zhāng,chương
暵,暵,hàn,hán
暶,暶,xuán,tuyền
暸,暸,liáo,liêu
暻,暻,jǐng,cảnh
暾,暾,tūn,thôn
望,望,wàng,vọng
朞,朞,jī,ki
朠,朠,yīng,anh
朢,朢,wàng,vọng
朣,朣,tóng,đồng
朦,朦,méng,mông
朧,胧,lóng,lông
木,木,mù,mộc
朐,朐,qú,cù
朒,朒,nǜ,nục
朓,朓,tiǎo,thiểu
朔,朔,shuò,sóc
朕,朕,zhèn,trẫm
朖,朖,lǎng,lãng
朗,朗,lǎng,lãng
朙,朙,míng,minh
朁,朁,cǎn,thảm
朅,朅,qiè,khiết
朆,朆,fēn,phân
月,月,yuè,nguyệt
朋,朋,péng,bằng
朌,朌,fén,phần
服,服,fú,phục
朏,朏,fěi,xoét
曷,曷,hé,hạt
書,书,shū,thư
曹,曹,cáo,tào
曺,曺,cáo,tào
曽,曽,cēng,tằng
曾,曾,céng,tằng
替,替,tì,thế
最,最,zuì,tối
杗,杗,máng,mang
杙,杙,yì,dặc
杜,杜,dù,đỗ
杝,杝,lí,di
杞,杞,qǐ,kỷ
条,条,tiáo,điêu
杢,杢,jié,giáng
杣,杣,mián / shān,sơn
杅,杅,yú,vu
杇,杇,wū,ô
杈,杈,chā,xoa
杉,杉,shān,sam
杌,杌,wù,ngột
杏,杏,xìng,hạnh
材,材,cái,tài
村,村,cūn,thôn
机,机,jī,cơ
朽,朽,xiǔ,hủ
朾,朾,chéng,tranh
朿,朿,cì,thứ
杀,杀,shā,sát
杂,杂,zá,tập
权,权,quán,quyền
杄,杄,qiān,then
朩,朩,děng,mục
末,末,mò,mạt
札,札,zhá,trát
朮,术,shù,truật
术,术,shù,thuật
朰,朰,mù,trát
朳,朳,bā,bát
朶,朶,duǒ,đóa
林,林,lín,lâm
枘,枘,ruì,nhuế
枙,枙,ě,nga
枚,枚,méi,mai
枛,枛,zhào,trảu
果,果,guǒ,quả
枟,枟,yùn,đàn
枥,枥,lì,lịch
枊,枊,àng,ngang
枋,枋,fāng,phương
枌,枌,fén,phần
枏,枏,nán,nam
析,析,xī,tích
枑,枑,hù,hộ
枒,枒,yā,nha
枓,枓,dǒu,rẫu
杲,杲,gǎo,cảo
杸,杸,shū,thự
杺,杺,xīn,tăm
松,松,sōng,tùng
极,极,jí,cực
构,构,gòu,khấu
枇,枇,pí,tì
枉,枉,wǎng,uổng
来,来,lái,lai
杧,杧,máng,mang
杨,杨,yáng,dương
杩,杩,mà,mã
杪,杪,miǎo,diểu
杭,杭,háng,hàng
杯,杯,bēi,bôi
杰,杰,jié,kiệt
柤,柤,zhā,tra
查,查,chá,tra
柩,柩,jiù,cữu
柪,柪,āo,ấu
柬,柬,jiǎn,giản
柮,柮,duò,đốt
柯,柯,kē,kha
柰,柰,nài,nại
柏,柏,bǎi / bó,bách
某,某,mǒu,mỗ
柒,柒,qī,thất
柔,柔,róu,nhu
柜,柜,guì,cự
柝,柝,tuò,thác
柟,柟,nán,nam
柣,柣,zhì,trật
柂,柂,yí,di
柃,柃,líng,rành
柄,柄,bǐng,bính
柅,柅,nǐ,nỉ
柆,柆,lā,sập
柈,柈,bàn,bàn
柉,柉,fán,mướp
柊,柊,zhōng,dông
枫,枫,fēng,phong
枮,枮,xiān,sim
枯,枯,kū,khô
枱,枱,tái,đài
枲,枲,xǐ,tỉ
枳,枳,zhǐ,chỉ
架,架,jià,giá
枾,枾,shì,thị
栩,栩,xǔ,hủ
栭,栭,ér,nhi
栰,栰,fá,phạt
栱,栱,gǒng,củng
栲,栲,kǎo,khảo
栳,栳,lǎo,lão
栴,栴,zhān,chiên
栵,栵,liè,lệ
栒,栒,xún,tuần
栔,栔,qì,khế
栘,栘,yí,đa
栛,栛,lì,lệ
栝,栝,guā,quát
栞,栞,kān,san
栟,栟,bēn,kiên
栨,栨,cì,thứ
柿,柿,shì,thị
栃,栃,lì,lệ
栄,栄,róng,vinh
栅,栅,zhà,sách
栍,栍,shēng,sanh
栎,栎,lì,lịch
栐,栐,yǒng,vành
树,树,shù,thụ
柲,柲,bì,biết
柳,柳,liǔ,liễu
柵,栅,shān,sách
柶,柶,sì,tứ
柷,柷,zhù,chúc
柸,柸,pēi,phôi
査,查,zhā,tra
柾,柾,jiù,cữu
桡,桡,ráo,nao
档,档,dàng,đảng
桤,桤,qī,khi
桥,桥,qiáo,kiều
桦,桦,huà,hoa
桨,桨,jiǎng,tưởng
桫,桫,suō,sa
桬,桬,shā,sa
桓,桓,huán,hoàn
桔,桔,jié,kết
桕,桕,jiù,cữu
桚,桚,zǎn,tạt
桛,桛,kase,kháp
桜,桜,yīng,anh
桝,桝,jié,kiệt
桠,桠,yā,nha
框,框,kuàng / kuāng,khuông
桉,桉,ān,an
桊,桊,juàn,quyến
桋,桋,yí,di
桌,桌,zhuō,trác
桐,桐,tóng,đồng
桑,桑,sāng,tang
桒,桒,sāng,tang
样,样,yàng,dạng
核,核,hé,hạch
根,根,gēn,căn
栻,栻,shì,thức
栾,栾,luán,loan
桀,桀,jié,kiệt
桂,桂,guì,quế
桃,桃,táo,đào
梟,枭,xiāo,kiêu
梠,梠,lǚ,lữ
梡,梡,hún,khoản
梣,梣,chén,rầm
梦,梦,mèng,mộng
梨,梨,lí,lê
梩,梩,lí,lái
梫,梫,qǐn,tẩm
梒,梒,hán,hòm
梓,梓,zǐ,tử
梔,栀,zhī,chi
梖,梖,bèi,vối
梗,梗,gěng,ngạnh
梛,梛,nuó,nứa
梜,𬂩,jiā,giáp
梞,梞,jì,cậy
梁,梁,liáng,lương
梂,梂,qiú,cầu
梃,梃,tǐng,đĩnh
梅,梅,méi,mai
梇,梇,lòng,róng
梊,梊,dì,đế
梌,梌,tú,dừa
梎,梎,āo,âu
桭,桭,zhēn,thần
桯,桯,tīng,thinh
桰,桰,kuò,quát
桵,桵,ruí,nhuy
桹,桹,láng,lang
桺,桺,liǔ,liễu
桼,桼,qī,thất
桿,杆,gǎn,cơn
棚,棚,péng,bằng
棜,棜,yù,ứ
棠,棠,táng,đường
棦,棦,chēng,ranh
棫,棫,yù,vực
棯,棯,rěn,nạm
棰,棰,chuí,truỳ
棳,棳,zhuō,xuyết
棆,棆,lún,suôn
棉,棉,mián,miên
棊,棋,qí,cời
棐,棐,fěi,phỉ
棑,棑,pái,bài
棓,棓,bèi / bàng,vổng
棕,棕,zōng,tông
棙,棙,lì,lệ
梶,梶,wěi,vả
梽,梽,zhì,chí
梾,梾,lái,lai
棁,棁,zhuō,chuyết
棂,棂,líng,ranh
棃,棃,lí,lê
棄,弃,qì,khí
棅,棅,bǐng,bính
梬,梬,yǐng,sến
梮,梮,jū,cọc
梯,梯,tī,thê
械,械,xiè,giới
梲,棁,zhuó,chuyết
梳,梳,shū,sơ
梴,梴,chān,siên
梵,梵,fàn,phạm
椧,椧,mìng,mệnh
椪,椪,pèng,bính
椫,椫,shàn,thiện
椮,椮,sēn,sâm
椲,㭏,wěi,vĩ
椴,椴,duàn,đoạn
椵,椵,jiǎ,giả
椶,椶,zōng,tông
椒,椒,jiāo,tiêu
椓,椓,zhuó,trạc
椗,椗,dìng,đính
椚,椚,mēn,mun
椛,椛,huā,hoa
椟,椟,dú,độc
椤,椤,luó,la
椥,椥,zhī,tre
椆,椆,chóu,chu
椈,椈,jú,cúc
椉,椉,chéng,thừa
椊,椊,zuó,chốt
椋,椋,liáng,lương
椌,椌,qiāng,khoang
椏,桠,yā,nha
椑,椑,bēi,ty
棶,梾,lái,lai
棸,棸,zōu,trâu
棻,棻,fēn,phân
棼,棼,fén,phần
棿,棿,ní,nghê
椀,椀,wǎn,oản
椁,椁,guǒ,quách
椄,椄,jiē,tiếp
楫,楫,jí,tiếp
業,业,yè,nghiệp
楯,楯,dùn / shǔn,thuẫn
楰,楰,yú,du
楱,楱,zòu,táu
楴,楴,tì,ghế
極,极,jí,cực
楸,楸,qiū,thu
楝,楝,liàn,luyện
楞,楞,léng,lăng
楟,楟,tíng,đình
楡,楡,yú,du
楥,楥,xuàn,huyên
楦,楦,xuàn,tuyên
楩,楩,pián,tiện
楪,楪,dié,điệp
楍,楍,běn,bản
楎,楎,huī,hồn
楓,枫,fēng,phong
楔,楔,xiē,tiết
楗,楗,jiàn,kiện
楘,楘,mù,mộc
楙,楙,mào,mậu
楚,楚,chǔ,sở
椸,椸,yí,di
椽,椽,chuán,chuyên
椾,椾,jiān,tiên
楀,楀,yǔ,vũ
楂,楂,zhā,tra
楄,楄,pián,biên
楅,楅,bī,bức
楊,杨,yáng,dương
榩,榩,qián,kiền
榪,杩,mà,mã
榫,榫,sǔn,chuẩn
榭,榭,xiè,tạ
榮,荣,róng,vinh
榰,榰,zhī,chi
榲,榅,wēn,ốt
榴,榴,liú,lựu
榛,榛,zhēn,trăn
榠,榠,míng,minh
榡,榡,sù,tó
榢,榢,jià,giá
榤,榤,jié,kiệt
榥,榥,huàng,hoảng
榧,榧,fěi,phỉ
榨,榨,zhà,trá
榇,榇,chèn,sấn
榊,榊,shén,thần
榌,榌,bī,phi
榎,榎,jiǎ,giả
榑,榑,fú,phù
榕,榕,róng,dong
榖,榖,gǔ,cốc
榘,矩,jǔ,củ
楹,楹,yíng,doanh
楼,楼,lóu,lưu
楽,楽,lè,lạc
榀,榀,pǐn,bẩm
概,概,gài,khái
榄,榄,lǎn,lãm
榅,榅,wēn,uất
榆,榆,yú,du
槱,槱,yǒu,dửu
槲,槲,hú,hộc
槳,桨,jiǎng,tưởng
槵,槵,huàn,hoạn
槶,椢,guì,guốc
槹,槹,gāo,cao
槺,槺,kāng,khang
槻,槻,guī,quy
槞,槞,lóng,trồng
槢,槢,xí,tập
槣,槣,jī,ghế
槤,梿,lián,liên
槥,槥,huì,tuệ
槩,槩,gài,khái
槮,椮,sēn,sâm
槯,槯,cuī,chuôi
槑,槑,méi,mai
槒,槒,xù,súc
槔,槔,gāo,cau
槕,槕,zhuō,trác
槖,槖,tuó,thác
様,様,yàng,dạng
槙,槙,diān,điên
槚,槚,jiǎ,giả
榻,榻,tà,tháp
榼,榼,kē,khạp
榿,桤,qī,khi
槀,槀,gǎo,cảo
槃,槃,pán,bàn
槇,槇,diān,điên
槈,槈,nòu,nọc
構,构,gòu,cấu
樫,㭴,jiān,kiên
樯,樯,qiáng,tường
樱,樱,yīng,anh
樲,樲,èr,nhị
樴,樴,zhí,chức
樵,樵,qiáo,tiều
樶,樶,zuī,chuối
樷,樷,cóng,tùng
樟,樟,zhāng,chương
樠,樠,mán,man
模,模,mó,mô
樣,样,yàng,dạng
樧,榝,shā,sát
樨,樨,xī,tê
権,権,quán,quyền
横,横,héng,hoạnh
樐,樐,lǔ,lỗ
樔,樔,cháo,sào
樖,樖,kē,quả
樘,樘,táng,đường
樚,樚,lù,lục
樛,樛,jiū,cù
樝,樝,zhā,tra
樞,枢,shū,xu
槼,椝,guī,quy
槾,槾,màn,mận
槿,槿,jǐn,cận
樁,桩,zhuāng,thung
樅,枞,cōng,tung
樆,樆,lí,ly
樋,樋,tōng,thông
樎,樎,sù,túc
橷,橷,dōu,dâu
橹,橹,lǔ,lỗ
橺,橺,jian,giàn
橽,橽,tà,thớt
橾,橾,shū,táo
橿,橿,jiāng,cương
檀,檀,tán,đàn
檂,檂,nóng,nòng
橡,橡,xiàng,tượng
橢,椭,tuǒ,thỏa
橦,橦,tóng,đồng
橬,橬,qián,trắm
橯,𣓿,lào,rào
橰,橰,gāo,cao
橱,橱,chú,thụ
橴,橴,zǐ,chỉ
橇,橇,qiāo,khiêu
橉,橉,lìn,săng
橎,橎,fán,phản
橐,橐,tuó,thác
橕,橕,chēng,xanh
橘,橘,jú,quất
橚,橚,sù,túc
橜,橜,jué,quyết
樹,树,shù,thụ
樺,桦,huà,hoa
樻,樻,kuì,quỹ
樽,樽,zūn,tôn
樿,椫,shàn,thiện
橁,橁,chūn,xuân
橃,橃,fá,phạt
橄,橄,gǎn,cảm
檺,檺,gǎo,cào
檻,槛,kǎn,hạm
檼,檼,yìn,ẩn
檾,檾,qǐng,khoảnh
檿,檿,yǎn,yểm
櫆,櫆,kuí,khôi
櫈,櫈,dèng,đắng
櫉,櫉,chú,trù
檨,檨,shē,xa
檩,檩,lǐn,lẫm
檪,檪,lì,lịch
檮,梼,táo,đào
檳,槟,bīn,tân
檴,檴,huò,hoạch
檵,檵,jì,kế
檸,柠,níng,nịnh
檗,檗,bò,bách
檜,桧,guì,cối
檝,檝,jí,tiếp
檞,檞,jiě,giải
檟,槚,jiǎ,giả
檠,檠,qíng,kềnh
檣,樯,qiáng,tường
檥,檥,yǐ,nghĩ
檃,檃,yǐn,ổn
檄,檄,xí,hịch
檇,檇,zuì,tuy
檉,柽,chēng,sanh
檊,檊,gàn,gán
檍,檍,yì,ức
檎,檎,qín,cầm
檑,檑,léi,rui
權,权,quán,quyền
欋,欋,qú,cù
欎,欎,yù,uất
欏,椤,luó,la
欐,欐,lì,lệ
欑,欑,cuán,toàn
欒,栾,luán,loan
欓,𣗋,dǎng,đảng
櫬,榇,chèn,sấn
櫱,蘖,niè,nghiệt
櫸,榉,jǔ,cử
櫺,櫺,líng,linh
櫻,樱,yīng,anh
櫽,櫽,yǐn,ẩn
欂,欂,bó,bạc
欃,欃,chán,sàm
櫝,椟,dú,độc
櫞,橼,yuán,duyên
櫡,櫡,zhuó,trước
櫥,橱,chú,thụ
櫧,槠,zhū,chư
櫨,栌,lú,lô
櫪,枥,lì,lịch
櫫,橥,zhū,trư
櫊,櫊,gé,gác
櫌,櫌,yōu,ưu
櫍,𬃊,zhì,chất
櫓,橹,lǔ,lỗ
櫗,櫗,miè,mít
櫚,榈,lǘ,lư
櫛,栉,zhì,trất
櫜,櫜,gāo,cao
歁,歁,kǎn,khảm
歃,歃,shà,sáp
歈,歈,yú,du
歉,歉,qiàn,khiểm
歊,歊,xiāo,hiêu
歌,歌,gē,ca
歎,叹,tàn,thán
歓,歓,huān,hoan
欶,欶,shuò,sóc
欷,欷,xī,hy
欹,欹,qī,y
欺,欺,qī,khi
欽,钦,qīn,khâm
款,款,kuǎn,khoản
欿,欿,kǎn,khảm
歀,歀,kuǎn,khoản
欢,欢,huān,hoan
欣,欣,xīn,hân
欧,欧,ōu,âu
欨,欨,xū,hu
欮,欮,jué,quyết
欱,欱,hē,húp
欲,欲,yù,dục
欵,欵,kuǎn,khoản
欖,榄,lǎn,lãm
欗,欗,lán,lườn
欙,欙,léi,luy
欛,欛,bà,bá
欝,欝,yù,uất
欞,棂,líng,ranh
欠,欠,qiàn,khiếm
次,次,cì,thứ
歸,归,guī,quy
歺,歺,è,ngạt
歼,歼,jiān,tiêm
歾,歾,mò,một
歿,殁,mò,một
殀,殀,yāo,yểu
殂,殂,cú,tồ
殃,殃,yāng,ương
歮,歮,sè,kiếp
歯,歯,chǐ,xỉ
歰,歰,sè,sáp
歱,歱,zhǒng,chủng
歲,岁,suì,tuế
歳,歳,suì,tuế
歴,歴,lì,lịch
歷,历,lì,lịch
歡,欢,huān,hoan
止,止,zhǐ,chỉ
此,此,cǐ,thử
步,步,bù,bộ
歧,歧,qí,kỳ
歩,歩,bù,bộ
歫,歫,jù,cự
歬,歬,qián,tiền
歔,歔,xū,hư
歕,歕,pēn,phun
歗,歗,xiào,khiếu
歘,歘,chuā,hốt
歚,歚,shàn,thiện
歛,歛,hān,liễm
歜,歜,chù,xúc
歠,歠,chuò,xuyết
殳,殳,shū,thù
殴,殴,ōu,ẩu
段,段,duàn,đoạn
殸,殸,qìng,thanh
殹,殹,yì,ý
殻,壳,qiào,xác
殼,壳,ké,xác
毅,毅,yì,nghị
殣,殣,jìn,cận
殤,殇,shāng,thương
殥,殥,yín,dần
殪,殪,yì,ế
殭,僵,jiāng,cương
殰,㱩,dú,độc
殱,殱,jiān,tiêm
殲,歼,jiān,tiêm
殗,殗,yè,yếp
殙,殙,hūn,hôn
殚,殚,dān,đan
殛,殛,jí,cức
殜,殜,dié,triệp
殞,殒,yǔn,vẫn
殠,殠,chòu,hú
殢,殢,tì,thế
殄,殄,tiǎn,điễn
殆,殆,dài,đãi
殈,殈,xù,hức
殉,殉,xùn,tuẫn
残,残,cán,tàn
殍,殍,piǎo,biễu
殑,殑,qíng,căng
殖,殖,zhí,thực
毿,毵,sān,tam
氄,氄,rǒng,nhũng
氅,氅,chǎng,sưởng
氆,氆,pǔ,phổ
氇,氇,lu,lỗ
氉,氉,sào,táo
氊,氊,zhān,chiên
氌,氇,lǔ,lỗ
毫,毫,háo,hào
毬,毬,qiú,cầu
毮,毮,shā,sao
毷,毷,mào,máo
毹,毹,shū,du
毻,毻,tuò,thoái
毽,毽,jiàn,kiến
毾,毾,tà,tháp
毕,毕,bì,tất
毖,毖,bì,bí
毘,毘,pí,bì
毚,毚,chán,sàm
毟,毟,liě,tiểu
毡,毡,zhān,chiên
毧,毧,róng,nhung
毨,毨,xiǎn,tiển
毆,殴,ōu,ẩu
毈,毈,duàn,đoạn
毉,毉,yī,y
毌,毌,guàn,quán
母,母,mǔ,mẫu
毎,毎,měi,mỗi
毐,毐,ǎi,ải
毓,毓,yù,dục
氫,氢,qīng,khinh
氬,氩,yà,á
氭,氭,dōng,đông
氮,氮,dàn,đạm
氯,氯,lǜ,lục
氰,氰,qíng,tình
氳,氲,yūn,uân
氵,氵,shui,thuỷ
氣,气,qì,khí
氤,氤,yīn,nhân
氥,氥,xī,tây
氦,氦,hài,hợi
氧,氧,yǎng,dưỡng
氨,氨,ān,an
氩,氩,yà,á
氪,氪,kè,khắc
氙,氙,xiān,tiên
氚,氚,chuān,xuyên
氛,氛,fēn,phân
氜,氜,yáng,dương
氝,氝,nèi,nại
氟,氟,fú,phất
氠,氠,shēn,tiên
氡,氡,dōng,đông
氍,氍,qú,cù
氎,氎,dié,điệp
民,民,mín,dân
氓,氓,máng,manh
氕,氕,piē,phân
氖,氖,nǎi,nãi
気,気,qì,khí
氘,氘,dāo,đao
汫,汫,jǐng,giếng
汭,汭,ruì,nhuế
汳,汳,biàn,biện
汴,汴,biàn,biện
汵,汵,gàn,ngấm
汹,汹,xiōng,hung
決,决,jué,quyết
汽,汽,qì,khí
汚,汚,wū,ô
江,江,jiāng,giang
池,池,chí,trì
污,污,wū,ô
汤,汤,tāng,thang
汧,汧,qiān,khiên
汩,汩,gǔ,cốt
汪,汪,wāng,uông
汈,汈,diāo,điêu
汉,汉,hàn,hán
汋,汋,zhuó,chước
汍,汍,wán,hoàn
汎,泛,fàn,phiếm
汏,汏,dà,đại
汓,汓,qiú,tở
汔,汔,qì,khất
氷,氷,bīng,băng
氹,氹,dàng,đãng
氺,氺,shuǐ,thuỷ
氼,氼,nì,nịch
氽,氽,tǔn,thận
氾,泛,fán / fàn,phiếm
氿,氿,jiǔ / guǐ,quỹ
求,求,qiú,cầu
泂,泂,jiǒng,huýnh
泃,泃,jū,cú
泅,泅,qiú,tù
泆,泆,yì,dật
泇,泇,jiā,gia
泌,泌,mì,bí
泍,泍,bēn,bẩn
泐,泐,lè,lặc
沪,沪,hù,hộ
沭,沭,shù,thuật
沰,沰,tuō,thác
沲,沲,tuó,đà
河,河,hé,hà
沺,沺,tián,điền
沿,沿,yán,duyên
況,况,kuàng,huống
沓,沓,dá / tà,đạp
沕,沕,mì,vắt
沣,沣,fēng,phong
沤,沤,òu,âu
沥,沥,lì,lịch
沦,沦,lún,lân
沧,沧,cāng,thương
沨,沨,fēng,phong
汾,汾,fén,phần
汿,汿,xù,dơ
沄,沄,yún,vân
沅,沅,yuán,nguyên
沇,沇,yǎn,duyện
沉,沉,chén,tròm
沍,沍,hù,hộ
沏,沏,qī,thế
洇,洇,yīn,yên
洋,洋,yáng,dương
洎,洎,jì,kịp
洏,洏,ér,nhỉ
洑,洑,fú,phục
洡,洡,lèi,giội
洢,洢,yī,y
洣,洣,mǐ,mễ
泳,泳,yǒng,vịnh
泵,泵,bèng,bơm
泺,泺,luò,lạc
泻,泻,xiè,xá
泼,泼,pō,bát
泾,泾,jīng,kinh
洃,洃,huī,hôi
洅,洅,zài,tưới
泝,溯,sù,tố
波,波,bō,ba
注,注,zhù,chú
泩,泩,shēng,sanh
泪,泪,lèi,lệ
泭,泭,fú,phu
泰,泰,tài,thái
泲,泲,jǐ,tể
泒,泒,gū,cô
泓,泓,hóng,hoằng
法,法,fǎ,pháp
泖,泖,mǎo,mão
泙,泙,píng,bềnh
泚,泚,cǐ,thử
泛,泛,fàn,phiếm
泜,泜,zhī,dề
浙,浙,zhè,chiết
浚,浚,jùn,tuấn
浛,浛,hán,hàm
浜,浜,bāng,banh
浞,浞,zhuó,trác
浠,浠,xī,hơ
浤,浤,hóng,hoành
浧,浧,yǐng,sình
浄,浄,jìng,tịnh
浆,浆,jiāng,chương
测,测,cè,trắc
浏,浏,liú,lưu
浐,浐,chǎn,sản
浕,浕,jìn,tận
浗,浗,qiú,gàu
浘,浘,wěi,vã
洶,汹,xiōng,hung
洷,洷,zhì,xối
洸,洸,guāng,quang
洹,洹,huán,hoàn
洺,洺,míng,minh
洼,洼,wā,oa
派,派,pài,phái
流,流,liú,lưu
津,津,jīn,tân
洧,洧,wěi,vị
洨,洨,xiáo,hào
洫,洫,xù,hức
洭,洭,kuāng,khuông
洱,洱,ěr,nhị
洴,洴,píng,bình
洵,洵,xún,tuân
涣,涣,huàn,hoán
涤,涤,dí,địch
润,润,rùn,nhuần
涧,涧,jiàn,gián
涨,涨,zhǎng,tưởng
涩,涩,sè,kiếp
涪,涪,fú,phù
涫,涫,guàn,quán
涒,涒,tūn,thôn
涔,涔,cén,sầm
涕,涕,tì,thế
涗,涚,shuì,đuối
涘,涘,sì,sĩ
涜,涜,dú,độc
涞,涞,lái,thui
涡,涡,wō,oa
浹,浃,jiā,tiếp
浽,浽,suī,nổi
消,消,xiāo,tiêu
涉,涉,shè,thiệp
涊,涊,niǎn,niễn
涌,涌,yǒng,dũng
涐,涐,é,nga
涑,涑,sù,tốc
浩,浩,hào,hạo
浭,浭,gēng,canh
浮,浮,fú,phù
浯,浯,wú,ngô
浰,浰,liàn,rời
浲,浲,féng,phùng
浴,浴,yù,dục
海,海,hǎi,hải
淜,淜,péng,bằng
淝,淝,féi,phì
淞,淞,sōng,tùng
淠,淠,pì,bái
淡,淡,dàn,đạm
淦,淦,gàn,cam
淨,净,jìng,tịnh
淫,淫,yín,dâm
淎,淎,pěng,vũng
淏,淏,hào,hạo
淑,淑,shū,thục
淖,淖,nào,náo
淘,淘,táo,đào
淙,淙,cóng,tông
淚,泪,lèi,lệ
淛,淛,zhè,chiết
淁,淁,qiè,thiếp
淂,淂,dé,đắc
淄,淄,zī,truy
淅,淅,xī,tích
淆,淆,xiáo,hào
淇,淇,qí,kì
淊,淊,yān,yêm
淌,淌,tǎng,thảng
涬,涬,xìng,hãnh
涮,涮,shuàn,xuyến
涴,涴,wò,ngoạ
涵,涵,hán,hàm
涶,涶,tuō,tha
涷,涷,dōng,đông
涿,涿,zhuō,trác
淀,淀,diàn,điến
渢,沨,fán,phong
渣,渣,zhā,tra
渧,渧,dì,đế
渨,渨,wēi,hoáy
温,温,wēn,ồn
渫,渫,xiè,tiết
測,测,cè,trắc
渮,渮,hé,ca
渑,渑,miǎn,mẫn
渖,渖,shěn,thẩm
渗,渗,shèn,rướm
渙,涣,huàn,hoán
減,减,jiǎn,giảm
渝,渝,yú,du
渟,渟,tíng,đình
渠,渠,qú,cừ
渃,渃,ruò,nước
清,清,qīng,thanh
渇,渇,kě,hạt
渋,渋,sè,kiếp
渌,渌,lù,lục
渍,渍,zì,chí
渎,渎,dú,độc
渐,渐,jiàn,tiệm
淮,淮,huái,hoài
淯,淯,yù,rộc
淰,淰,niǎn,niệm
深,深,shēn,thâm
淵,渊,yuān,uyên
淶,涞,lái,lai
淸,淸,qīng,thanh
淼,淼,miǎo,miểu
湣,湣,mǐn,mẫn
湥,湥,tū,dột
湨,湨,jú,xố
湩,湩,dòng,chúng
湮,湮,yān,yên
湱,湱,huò,hoạch
湳,湳,nǎn,nươm
湻,湻,chún,thuần
湑,湑,xū,tư
湔,湔,jiān,tiên
湖,湖,hú,hồ
湜,湜,shí,thực
湝,湝,jiē,giai
湞,浈,chēng,trinh
湟,湟,huáng,hoàng
湢,湢,bì,bức
湆,湆,qì,ùm
湈,湈,méi,mủ
湉,湉,tián,điềm
湊,凑,còu,thấu
湋,𣲗,wéi,vy
湌,湌,cān,xan
湍,湍,tuān,thoan
湏,湏,huì,muội
港,港,gǎng,cảng
渰,渰,yǎn,yểm
渲,渲,xuàn,tuyển
渶,渶,yīng,anh
游,游,yóu,du
渼,渼,měi,mẻ
渾,浑,hún,hồn
湃,湃,pài,phái
溯,溯,sù,tố
溱,溱,qín,trăn
溳,涢,yún,vờn
溴,溴,xiù,xú
溵,溵,yīn,ân
溷,溷,hùn,hỗn
溻,溻,tā,thạp
溼,湿,shī,thấp
溝,沟,gōu,câu
溟,溟,míng,minh
溠,溠,zhà,trá
溢,溢,yì,dật
溤,溤,mǎ,mã
溥,溥,pǔ,phổ
溦,溦,wēi,vi
溮,浉,shī,sư
溋,溋,yíng,duềnh
溌,溌,pō,bát
溍,溍,jìn,tấn
溎,溎,yàn,quế
溏,溏,táng,đường
溚,溚,dá,tháp
溛,溛,wā,oa
溜,溜,liū,lựu
湼,湼,niè,niết
湽,湽,zī,truy
湾,湾,wān,loan
湿,湿,shī,sáp
満,満,mǎn,mãn
溇,溇,lóu,lưu
溈,沩,wéi,quy
溉,溉,gài,khái
滟,滟,yàn,diễm
满,满,mǎn,mãn
滦,滦,luán,loan
滧,滧,yáo,hiệu
滩,滩,tān,than
滫,滫,xiǔ,tưu
滬,沪,hù,hỗ
滮,滮,biāo,bưu
滕,滕,téng,đằng
滗,滗,bì,bí
滘,滘,jiào,khiếu
滙,汇,huì,hối
滚,滚,gǔn,cổn
滛,滛,yín,dâm
滝,滝,lóng,sông
滞,滞,zhì,tế
滈,滈,hào,hao
滉,滉,huàng,hoảng
滋,滋,zī,tư
滍,滍,zhì,trĩ
滎,荥,xíng,huỳnh
滏,滏,fǔ,phũ
滐,滐,jié,kiệt
滓,滓,zǐ,chỉ
溽,溽,rù,nhục
溾,溾,āi,ai
滀,滀,chù,sốc
滁,滁,chú,trừ
滃,滃,wēng,ổng
滄,沧,cāng,thương
滅,灭,miè,diệt
滆,滆,gé,cách
漩,漩,xuán,tuyền
漪,漪,yī,y
漬,渍,zì,tí
漭,漭,mǎng,mãng
漯,漯,luò,tháp
漰,漰,pēng,băng
漲,涨,zhǎng,trướng
漳,漳,zhāng,chương
漜,漜,yě,dã
漠,漠,mò,mạc
漡,漡,shāng,thang
漢,汉,hàn,hán
漤,漤,lǎn,lãm
漥,漥,wā,oa
漦,漦,chí,ly
漨,漨,féng,vùng
漉,漉,lù,lộc
漊,溇,lóu,sâu
漎,漎,cóng,tùng
漏,漏,lòu,lậu
演,演,yǎn,diễn
漕,漕,cáo,tào
漘,漘,chún,thần
漙,漙,tuán,đoàn
滷,卤,lǔ,lỗ
滸,浒,hǔ,hử
滹,滹,hū,hô
滻,浐,chǎn,sản
滿,满,mǎn,mãn
漁,渔,yú,ngư
漇,漇,xǐ,tỉ
漈,漈,jì,tế
潝,潝,xī,hấp
潞,潞,lù,lộ
潟,潟,xì,tích
潠,潠,xùn,lún
潢,潢,huáng,hoàng
潣,潣,mǐn,mẫn
潬,潬,shàn,than
潮,潮,cháo,triều
潔,洁,jié,khiết
潕,𣲘,wǔ,vũ
潗,潗,jí,bập
潘,潘,pān,phan
潙,沩,wéi,vơi
潚,㴋,sù,tiêu
潛,潜,qián,tiềm
潜,潜,qián,tiềm
潄,潄,shù,súc
潅,潅,guàn,quán
潇,潇,xiāo,tiêu
潋,潋,liàn,liễm
潎,潎,pì,bệ
潏,潏,yù,quất
潐,潐,jiào,tèo
潑,泼,pō,bát
漴,漴,chóng,sòng
漵,溆,xù,tự
漶,漶,huàn,hoán
漷,漷,huǒ,khuếch
漼,漼,cuǐ,dồi
漾,漾,yàng,dạng
漿,浆,jiāng,tương
潀,潀,cóng,tùng
澫,𬇕,wàn,vạn
澰,澰,liàn,liễm
澱,淀,diàn,điến
澴,澴,huán,hoàn
澹,澹,dàn,đạm
澼,澼,pì,phích
澽,澽,jù,cự
澾,㳠,tà,dạt
澔,澔,hào,hạo
澗,涧,jiàn,giản
澛,澛,lǔ,lỗ
澟,澟,lǐn,lẫm
澣,澣,huàn,cán
澦,滪,yù,dự
澧,澧,lǐ,lễ
澨,澨,shì,phệ
澀,涩,sè,sáp
澁,澁,sè,sáp
澂,澂,chéng,trừng
澈,澈,chè,triệt
澉,澉,gǎn,cảm
澍,澍,shù,chú
澐,沄,yún,vân
澒,澒,hòng,hống
潯,浔,xún,tầm
潲,潲,shào,sảo
潵,潵,sǎ,sát
潷,滗,bì,vuốt
潸,潸,shān,san
潼,潼,tóng,đồng
潽,潽,pū,phô
潾,潾,lín,lân
濶,濶,kuò,khoát
濾,滤,lǜ,lự
濿,濿,lì,lệ
瀁,瀁,yàng,dạng
瀂,澛,lǔ,rỏ
瀅,滢,yíng,huỳnh
瀇,㲿,wǎng,uổng
瀉,泻,xiè,tả
濩,濩,huò,hoạch
濬,濬,jùn,tuấn
濮,濮,pú,bộc
濯,濯,zhuó,trạc
濰,潍,wéi,duy
濱,滨,bīn,tân
濲,濲,gǔ,cốc
濳,濳,qián,tiềm
濔,濔,mǐ,nhễ
濘,泞,nìng,nính
濛,蒙,méng,mông
濜,浕,jìn,tấn
濞,濞,bì,tia
濠,濠,háo,hào
濤,涛,tāo,đào
濧,㳔,duì,đuối
濂,濂,lián,liêm
濄,㳡,guō,oa
濇,濇,sè,sáp
濈,濈,jí,xắp
濋,濋,chǔ,sở
濍,濍,sōng,tùng
濑,濑,lài,lại
濓,濓,lián,nhèm
灉,灉,yōng,ung
灊,灊,qián,tiềm
灋,灋,fǎ,pháp
灌,灌,guàn,quán
灎,灎,yàn,diễm
灏,灏,hào,hạo
灒,𪷽,zàn,tán
灔,灔,yàn,diễm
瀱,瀱,jì,kế
瀲,潋,liàn,liễm
瀳,瀳,jiàn,tiến
瀹,瀹,yuè,thược
瀺,瀺,chán,sàm
灃,沣,fēng,phong
灄,滠,shè,nhiếp
灈,灈,qú,cù
瀞,瀞,jìng,tịnh
瀟,潇,xiāo,tiêu
瀡,瀡,suǐ,tủy
瀣,瀣,xiè,dới
瀦,潴,zhū,trư
瀨,濑,lài,lại
瀬,瀬,lài,lại
瀰,弥,mí,di
瀌,瀌,biāo,tiêu
瀍,瀍,chán,triền
瀐,瀐,jiān,tươm
瀑,瀑,pù,bộc
瀒,瀒,sè,kiếp
瀕,濒,bīn,tần
瀚,瀚,hàn,hãn
瀛,瀛,yíng,doanh
災,灾,zāi,tai
灾,灾,zāi,tai
灿,灿,càn,xán
炀,炀,yáng,dương
炁,炁,qì,khí
炅,炅,jiǒng,quý
炆,炆,wén,văn
炐,炐,pàng,phừng
灯,灯,dēng,đăng
灳,灳,huī,linh
灴,灴,hōng,hồng
灵,灵,líng,linh
灶,灶,zào,táo
灸,灸,jiǔ,cứu
灺,灺,xiè,tã
灼,灼,zhuó,chước
灣,湾,wān,loan
灤,滦,luán,loan
灥,灥,xún,tầm
灧,滟,yàn,diễm
灩,滟,yàn,liễm
灪,灪,yù,uất
灬,灬,biāo,hoả
灮,灮,guāng,quang
灕,漓,lí,lầy
灖,灖,mǐ,mị
灘,滩,tān,than
灝,灏,hào,hạo
灞,灞,bà,bá
灟,灟,zhú,luộc
灠,灠,lǎn,lãm
灡,㳕,lán,làn
炼,炼,liàn,luyện
烀,烀,hū,phu
烁,烁,shuò,thước
烂,烂,làn,lạn
烈,烈,liè,liệt
烉,烉,huàn,hoán
烋,烋,xiū,hao
烏,乌,wū,ô
炱,炱,tái,đài
炴,炴,yǎng,dưỡng
炶,炶,shǎn,trèm
炷,炷,zhù,chú
炸,炸,zhà,tạc
点,点,diǎn,điểm
為,为,wèi,vi
炻,炻,shí,thạch
炤,炤,zhào,chiếu
炥,炥,fú,phụt
炧,炧,xiè,đả
炩,炩,lìng,rạnh
炪,炪,zhuō,đốt
炫,炫,xuàn,huyễn
炬,炬,jù,cự
炰,炰,páo,bào
炒,炒,chǎo,sao
炔,炔,quē / guì,quế
炕,炕,kàng,kháng
炗,炗,guāng,quang
炘,炘,xīn,hân
炜,炜,wěi,vĩ
炟,炟,dá,rán
炣,炣,kě,khả
焄,焄,xūn,huân
焅,焅,kù,cục
焆,焆,juān,yết
焊,焊,hàn,hàn
焌,焌,jùn,tuấn
焐,焐,wù,ngộ
焒,焒,lǚ,lửa
焓,焓,hán,hầm
烴,烃,tīng,thinh
烶,烶,tǐng,diễn
烷,烷,wán,hoàn
烸,烸,hǎi,mồi
烹,烹,pēng,phanh
烺,烺,lǎng,lãng
烽,烽,fēng,phong
焃,焃,hè,hách
烣,烣,huī,tro
烤,烤,kǎo,khảo
烧,烧,shāo,tiêu
烬,烬,jìn,tận
热,热,rè,nghiệt
烯,烯,xī,hy
烱,烱,jiǒng,quýnh
烳,烳,pǔ,phổ
烓,烓,wēi,quynh
烔,烔,tóng,đồng
烕,烕,miè,diệt
烖,烖,zāi,tai
烙,烙,lào,lạc
烛,烛,zhú,chúc
烜,烜,xuǎn,huyễn
烟,烟,yān,yên
煊,煊,xuān,huyên
煌,煌,huáng,hoàng
煐,煐,yīng,anh
煑,煑,zhǔ,chử
煒,炜,wěi,vĩ
煕,煕,xī,hi
煗,煗,nuǎn,noãn
煙,烟,yān,yên
焿,焿,gēng,canh
煀,煀,wei,uất
煁,煁,chén,thầm
煃,煃,kuǐ,khuể
煅,煅,duàn,đoán
煆,煆,xiā,hà
煇,煇,huī,huy
煉,炼,liàn,luyện
焮,焮,xìn,hân
焯,焯,chāo,trác
焰,焰,yàn,diễm
焱,焱,yàn,diễm
焵,焵,gàng,giáng
然,然,rán,nhiên
焼,焼,shāo,tiêu
焾,焾,niǎn,nám
焔,焔,yàn,diễm
焕,焕,huàn,hoán
焖,焖,mèn,muộn
焗,焗,jú,cục
焝,焝,hùn,hun
焞,焞,tūn,hửng
焢,焢,hōng,hung
焩,焩,píng,vằng
熓,熓,wǔ,uất
熔,熔,róng,dong
熖,熖,yàn,diễm
熗,炝,qiàng,sang
熘,熘,liū,lựu
熙,熙,xī,hây
熛,熛,biāo,tiêu
熝,熝,lù,lục
煻,煻,táng,đường
煼,煼,chǎo,sao
煽,煽,shān,phiến
熀,熀,huǎng,hoảng
熊,熊,xióng,hùng
熏,熏,xūn,huân
熑,熑,lián,rim
熒,荧,yíng,huỳnh
照,照,zhào,chiếu
煩,烦,fán,phiền
煮,煮,zhǔ,chử
煱,㶽,guā,oa
煲,煲,bāo,bao
煳,煳,hú,hồ
煸,煸,biān,biên
煺,煺,tuì,thoái
煚,煚,jiǒng,quýnh
煜,煜,yù,dục
煝,煝,mèi,my
煞,煞,shā,sát
煠,煠,zhá,sáp
煢,茕,qióng,quỳnh
煥,焕,huàn,hoán
煦,煦,xù,hú
燐,燐,lín,lân
燔,燔,fán,phần
燖,𬊈,xún,tầm
燗,燗,làn,lạn
燘,燘,měi,mỗi
燙,烫,tàng,năng
燚,燚,yì,dịch
燜,焖,mèn,muộn
燁,烨,yè,diệp
燂,燂,tán,tầm
燄,燄,yàn,diễm
燇,燇,jùn,tuấn
燈,灯,dēng,đăng
燊,燊,shēn,sân
燋,燋,jiāo,tiêu
燏,燏,yù,duật
熳,熳,màn,mạn
熴,熴,kūn,côn
熶,熶,cuàn,chói
熷,熷,zēng,tưng
熸,熸,jiān,tiêm
熹,熹,xī,hy
熿,熿,huáng,hoàng
燀,𬊤,chǎn,xiển
熟,熟,shú,thục
熣,熣,suī,thui
熤,熤,yì,tập
熥,熥,tēng,thông
熬,熬,áo,ngao
熰,𬉼,ōu,âu
熱,热,rè,nhiệt
熲,颎,jiǒng,quýnh
爗,爗,yè,diệp
爙,爙,rǎng,nháng
爚,爚,yuè,dược
爛,烂,làn,lạn
爝,爝,jué,tước
爟,爟,guàn,quán
爤,爤,làn,lạn
爥,爥,zhú,chúc
爁,爁,làn,rám
爇,爇,ruò,nhiệt
爉,爉,là,dộp
爊,爊,āo,ngao
爌,爌,kuàng,quáng
爍,烁,shuò,thước
爓,爓,yàn,diễm
爕,爕,xiè,tiếp
燴,烩,huì,quái
燵,燵,dá,đạt
燶,㶶,nóng,nóng
燷,燷,lán,lam
燹,燹,xiǎn,tiển
燺,燺,hè,hộc
燾,焘,dào,đảo
燿,燿,yào,diệu
燡,燡,yì,dịch
燣,燣,lán,lam
燥,燥,zào,táo
燦,灿,càn,xán
燧,燧,suì,toại
燬,毁,huǐ,hủy
燮,燮,xiè,tiếp
燰,燰,wēi,áy
牏,牏,yú,du
牐,牐,zhá,sáp
牒,牒,dié,điệp
牓,牓,bǎng,bảng
牔,牔,bó,bác
牕,牕,chuāng,song
牘,牍,dú,độc
牙,牙,yá,nha
牆,墙,qiáng,tường
片,片,piàn,phiến
版,版,bǎn,bản
牉,牉,pàn,phán
牋,牋,jiān,tiên
牌,牌,pái,bài
牍,牍,dú,độc
牎,牎,chuāng,song
爷,爷,yé,gia
爸,爸,bà,ba
爺,爷,yé,gia
爻,爻,yáo,hào
爼,爼,zǔ,trở
爿,爿,pán,tường
牁,牁,kē,ca
牂,牂,zāng,tang
爨,爨,cuàn,thoán
爩,爩,yù,uất
爪,爪,zhǎo,trảo
爫,爫,zhǎo,trảo
爮,爮,páo,bào
爯,爯,chēng,xưng
爱,爱,ài,ái
爵,爵,jué,tước
犄,犄,jī,cơ
犆,犆,zhí,đặc
犇,犇,bēn,bôn
犉,犉,chún,nhuyên
犊,犊,dú,độc
犋,犋,jù,cụ
犍,犍,jiān,kiền
犎,犎,fēng,phong
牸,牸,zì,tự
特,特,tè,đặc
牻,牻,máng,mang
牼,牼,kēng,khanh
牾,牾,wǔ,ngộ
牿,牿,gù,cố
犀,犀,xī,tê
犁,犁,lí,lê
物,物,wù,vật
牮,牮,jiàn,tiến
牯,牯,gǔ,cổ
牲,牲,shēng,sinh
牳,牳,mǔ,mẫu
牴,牴,dǐ,để
牵,牵,qiān,khiên
牷,牷,quán,toàn
牚,牚,chèng / chēng,sanh
牛,牛,niú,ngưu
牜,牜,niú,ngưu
牠,牠,tā,tha
牡,牡,mǔ,mẫu
牢,牢,láo,lao
牤,牤,māng,mang
牧,牧,mù,mục
狁,狁,yǔn,duẫn
狂,狂,kuáng,cuồng
狃,狃,niǔ,nữu
狆,狆,zhòng,trọng
狉,狉,pī,phi
狍,狍,páo,bào
狎,狎,xiá,hiệp
狐,狐,hú,hồ
犰,犰,qiú,cầu
犲,犲,chái,sài
犵,犵,gē,ngật
犸,犸,mǎ,mã
犹,犹,yóu,do
犺,犺,kàng,kháng
犼,犼,hǒu,hống
狀,状,zhuàng,trạng
犨,犨,chōu,thù
犩,犩,wéi,nguy
犪,犪,kuí,quỳ
犫,犫,chōu,thù
犬,犬,quǎn,khuyển
犭,犭,quǎn,khuyển
犮,犮,bá,bạt
犯,犯,fàn,phạm
犏,犏,piān,biên
犒,犒,kào,khao
犖,荦,luò,lạc
犗,犗,jiè,giới
犟,犟,jiàng,cưỡng
犠,犠,xī,nghé
犢,犊,dú,độc
犧,牺,xī,hy
狽,狈,bèi,bái
猁,猁,lì,lị
猂,猂,hàn,hãn
猃,猃,xiǎn,hiểm
猇,猇,xiāo,khiêu
猈,猈,bài,bãi
猉,猉,qí,cầy
猊,猊,ní,nghê
独,独,dú,độc
狴,狴,bì,bệ
狵,狵,máng,mang
狷,狷,juàn,quyến
狸,狸,lí,li
狺,狺,yín,ngân
狻,狻,suān,toan
狼,狼,láng,lang
狝,狝,xiǎn,tiển
狡,狡,jiǎo,giảo
狢,狢,hé,hạc
狥,狥,xùn,tuẫn
狦,狦,shān,san
狨,狨,róng,nhung
狩,狩,shòu,thú
狫,狫,lǎo,lão
狒,狒,fèi,phí
狓,狓,pí,phi
狔,狔,nǐ,nai
狖,狖,yòu,dứu
狗,狗,gǒu,cẩu
狘,狘,xuè,huyết
狙,狙,jū,thư
狜,狜,kǔ,cổ
猴,猴,hóu,hầu
猵,猵,biān,biên
猷,猷,yóu,du
猸,猸,méi,mi
猺,猺,yáo,dao
猻,狲,sūn,tôn
猾,猾,huá,hoạt
獀,獀,sōu,sưu
猩,猩,xīng,tinh
猪,猪,zhū,trư
猫,猫,māo,miêu
猭,猭,chuān,duyên
献,献,xiàn,hiến
猱,猱,náo,nhu
猲,猲,xiē,hạt
猳,猳,jiā,gia
猝,猝,cù,thốt
猞,猞,shē,xá
猟,猟,liè,liệp
猡,猡,luó,la
猢,猢,hú,hồ
猣,猣,zōng,tông
猥,猥,wěi,ổi
猨,猨,yuán,viên
猋,猋,biāo,tiêu
猓,猓,guǒ,quả
猕,猕,mí,mi
猖,猖,chāng,xương
猘,猘,zhì,chế
猙,狰,zhēng,tranh
猛,猛,měng,mãnh
猜,猜,cāi,sai
獰,狞,níng,nanh
獱,㺍,biān,tân
獲,获,huò,hoạch
獳,獳,nòu,nậu
獴,獴,měng,mông
獷,犷,guǎng,quánh
獸,兽,shòu,thú
獻,献,xiàn,hiến
獢,獢,xiāo,kiêu
獣,獣,shòu,tú
獧,獧,juàn,quyến
獨,独,dú,độc
獪,狯,kuài,quái
獫,猃,xiǎn,hiểm
獮,狝,xiǎn,tiển
獯,獯,xūn,huân
獐,獐,zhāng,chương
獒,獒,áo,ngao
獕,獕,cuī,toả
獘,獘,bì,tệ
獚,獚,huáng,hoàng
獜,獜,lín,lân
獝,獝,xù,húc
獞,獞,tóng,đồng
獁,犸,mà,mã
獄,狱,yù,ngục
獅,狮,shī,sư
獉,獉,zhēn,trăn
獋,獋,háo,hào
獍,獍,jìng,kính
獎,奖,jiǎng,tưởng
獏,獏,mò,mô
玤,玤,bàng,bổng
玥,玥,yuè,nguyệt
玦,玦,jué,quyết
玧,玧,mén,môn
玨,玨,jué,giác
玩,玩,wán,ngoạn
玫,玫,méi,mai
玭,玭,pín,biền
玖,玖,jiǔ,cửu
玗,玗,yú,vu
玚,玚,yáng,đãng
玛,玛,mǎ,mã
玞,玞,fū,phu
玟,玟,wén,mân
玠,玠,jiè,giới
玡,玡,yá,ngà
玈,玈,lú,lô
玊,玊,sù,túc
玍,玍,gǎ,ca
玎,玎,dīng,đinh
玒,玒,hóng,cung
玓,玓,dì,đích
玔,玔,chuàn,xuyến
玕,玕,gān,can
獾,獾,huān,hoan
玀,猡,luó,la
玁,玁,xiǎn,hiểm
玂,玂,qí,kỳ
玃,玃,jué,quặc
玄,玄,xuán,huyền
玅,玅,miào,diệu
玆,玆,zī,tư
珠,珠,zhū,châu
珡,珡,qín,cầm
珢,珢,yín,ngân
珣,珣,xún,tuần
珤,珤,bǎo,bảo
珦,珦,xiàng,hướng
珧,珧,yáo,diêu
珩,珩,héng,hành
珎,珎,zhēn,trân
珐,珐,fà,pháp
珓,珓,jiào,giảo
珔,珔,jiàn,tiến
珖,珖,guāng,quang
珙,珙,gǒng,củng
珚,珚,yān,yên
珞,珞,luò,lạc
珀,珀,pò,phách
珂,珂,kē,kha
珃,珃,rǎn,nhiễm
珅,珅,shēn,thân
珈,珈,jiā,gia
珊,珊,shān,san
珌,珌,bì,tất
珍,珍,zhēn,trân
玮,玮,wěi,vĩ
环,环,huán,hoàn
玶,玶,píng,bình
玹,玹,xuán,huyền
玺,玺,xǐ,tỉ
玻,玻,bō,pha
玼,玼,cǐ,thử
玿,玿,sháo,thiều
琛,琛,chēn,sâm
琜,琜,lái,trai
琠,琠,tiǎn,điển
琤,琤,chēng,tranh
琥,琥,hǔ,hổ
琦,琦,qí,kỳ
琨,琨,kūn,côn
琪,琪,qí,kỳ
琉,琉,liú,lưu
琊,琊,yá,gia
琎,琎,jìn,tuấn
琏,琏,liǎn,liễn
琐,琐,suǒ,tỏa
琕,琕,pín,tần
琖,琖,zhǎn,trản
琚,琚,jū,cư
珽,珽,tǐng,thỉnh
現,现,xiàn,hiện
琀,琀,hán,hàm
琁,琁,xuán,tuyền
球,球,qiú,cầu
琅,琅,láng,lang
琇,琇,xiù,tú
琈,琈,fú,phù
珪,珪,guī,khuê
班,班,bān,ban
珮,珮,pèi,bội
珰,珰,dāng,đang
珱,珱,yīng,anh
珵,珵,chéng,trình
珷,珷,wǔ,vũ
珺,珺,jùn,quận
瑗,瑗,yuàn,viện
瑘,瑘,yá,gia
瑙,瑙,nǎo,não
瑛,瑛,yīng,anh
瑜,瑜,yú,du
瑞,瑞,ruì,thụy
瑟,瑟,sè,sắt
瑠,瑠,liú,lưu
瑃,瑃,chūn,xuân
瑄,瑄,xuān,tuyên
瑇,瑇,dài,đại
瑉,瑉,mín,mân
瑊,瑊,jiān,châm
瑋,玮,wěi,vĩ
瑑,瑑,zhuàn,triện
瑕,瑕,xiá,hà
琳,琳,lín,lâm
琴,琴,qín,cầm
琶,琶,pá,bà
琹,琹,qín,cầm
琺,珐,fà,pháp
琿,珲,hún,hồn
瑀,瑀,yǔ,vũ
瑂,瑂,méi,mi
琫,琫,běng,bổng
琬,琬,wǎn,uyển
琭,琭,lù,lộc
琮,琮,cóng,tông
琯,琯,guǎn,quản
琰,琰,yǎn,diễm
琱,雕,diāo,điêu
琲,琲,bèi,bội
璊,𫞩,mén,môn
璋,璋,zhāng,chương
璎,璎,yīng,anh
璐,璐,lù,lộ
璗,𬍡,dàng,đãng
璘,璘,lín,lân
璚,璚,qióng,quỳnh
璜,璜,huáng,hoàng
璀,璀,cuǐ,thôi
璁,璁,cōng,thông
璂,璂,qí,kì
璅,璅,suǒ,tỏa
璆,璆,qiú,cầu
璇,璇,xuán,tuyền
璈,璈,áo,ngao
璉,琏,liǎn,liễn
瑲,玱,qiāng,thương
瑳,瑳,cuō,tha
瑴,瑴,jué,giác
瑷,瑷,ài,ái
瑻,瑻,kūn,côn
瑽,瑽,cōng,xung
瑾,瑾,jǐn,cẩn
瑿,瑿,yī,ê
瑢,瑢,róng,dung
瑣,琐,suǒ,tỏa
瑤,瑶,yáo,dao
瑨,瑨,jìn,tấn
瑩,莹,yíng,oánh
瑪,玛,mǎ,mã
瑭,瑭,táng,đường
瑯,瑯,láng,lang
瓅,𬍛,lì,lịch
瓈,瓈,lí,lê
瓌,瓌,guī,côi
瓏,珑,lóng,lung
瓒,瓒,zàn,tán
瓔,璎,yīng,anh
瓖,瓖,xiāng,tương
瓘,瓘,guàn,quán
璲,璲,suì,toại
璵,玙,yú,dư
璸,瑸,bīn,tân
璺,璺,wèn,vấn
璽,玺,xǐ,tỉ
璿,璇,xuán,tuyền
瓀,瓀,ruǎn,nhuyên
瓁,瓁,wò,hoạch
璧,璧,bì,bích
璨,璨,càn,xán
璩,璩,qú,cừ
璪,璪,zǎo,tảo
璫,珰,dāng,đang
璬,璬,jiǎo,kiểu
環,环,huán,hoàn
璱,璱,sè,sắt
璞,璞,pú,phác
璟,璟,jǐng,cảnh
璠,璠,fán,phan
璡,琎,jìn,tấn
璢,璢,liú,lưu
璣,玑,jī,ki
璥,璥,jǐng,cảnh
璦,瑷,ài,ái
甎,甎,zhuān,chuyên
甏,甏,bèng,bạng
甑,甑,zèng,tắng
甒,甒,wǔ,vũ
甔,甔,dān,đàm
甖,甖,yīng,anh
甗,甗,yǎn,nghiễn
甘,甘,gān,cam
甀,甀,zhuì,truỵ
甁,甁,píng,bình
甃,甃,zhòu,trứu
甅,甅,lí,ly
甆,甆,cí,từ
甇,甇,yīng,anh
甋,甋,dì,đích
甌,瓯,ōu,âu
瓬,瓬,fǎng,phưởng
瓮,瓮,wèng,úng
瓯,瓯,ōu,âu
瓱,瓱,háo,hào
瓴,瓴,líng,linh
瓶,瓶,píng,bình
瓹,瓹,juān,quyên
瓻,瓻,chī,hi
瓚,瓒,zàn,toản
瓛,𤩽,huán,hoàn
瓜,瓜,guā,qua
瓞,瓞,dié,điệt
瓟,瓟,bó,bạc
瓣,瓣,bàn,biện
瓤,瓤,ráng,nhương
瓧,瓧,xx5,thập
町,町,tǐng / dīng,đinh
画,画,huà,hoạch
甼,甼,tǐng,đĩnh
甽,甽,zhèn,quyến
甾,甾,zāi,tai
甿,甿,méng,manh
畀,畀,bì,tý
畂,畂,liù,điền
甭,甭,béng,bằng
田,田,tián,điền
由,由,yóu,do
甲,甲,jiǎ,giáp
申,申,shēn,thân
电,电,diàn,điện
男,男,nán,nam
甹,甹,pīng,phinh
産,产,chǎn,sản
甥,甥,shēng,sanh
甦,苏,sū,tô
用,用,yòng,dụng
甩,甩,shuǎi,suý
甪,甪,lù,lộ
甫,甫,fǔ,phủ
甬,甬,yǒng,dũng
甙,甙,dài,đại
甚,甚,shèn,thậm
甛,甛,tián,điềm
甜,甜,tián,điềm
甝,甝,hán,hàm
甞,甞,cháng,thường
甡,甡,shēn,sân
產,产,chǎn,sản
畨,畨,pān,phiên
畬,畬,shē / yú,dư
畮,畮,mǔ,mẫu
畯,畯,jùn,tuấn
異,异,yì,dị
畱,畱,liú,lưu
畲,畲,shē,xà
畳,畳,dié,điệp
畟,畟,cè,tắc
畠,畠,tián,điền
畢,毕,bì,tất
畣,畣,dá,đáp
畤,畤,zhì,trĩ
略,略,lüè,lược
畦,畦,qí,huề
畧,畧,lüè,lược
畑,畑,tián,đèn
畒,畒,mǔ,mẫu
畔,畔,pàn,bạn
留,留,liú,lưu
畚,畚,běn,bổn
畛,畛,zhěn,chẩn
畝,亩,mǔ,mẫu
畞,畞,mǔ,mẫu
畄,畄,liú,lưu
畆,畆,mǔ,mẫu
畇,畇,yún,vận
畈,畈,fàn,phiến
畊,畊,gēng,canh
畋,畋,tián,điền
界,界,jiè,giới
畎,畎,quǎn,quyến
疙,疙,gē,ngật
疝,疝,shàn,sán
疠,疠,lì,lệ
疡,疡,yáng,dương
疢,疢,chèn,sấn
疣,疣,yóu,vưu
疤,疤,bā,ba
疥,疥,jiè,giới
疐,疐,zhì,chí
疑,疑,yí,nghi
疒,疒,nè,nạch
疓,疓,nǎi,đinh
疔,疔,dīng,đinh
疕,疕,bǐ,phỉ
疗,疗,liáo,lểu
疘,疘,gāng,giang
疂,疂,dié,điệp
疃,疃,tuǎn,thoản
疄,疄,lìn,lân
疆,疆,jiāng,cương
疇,畴,chóu,trù
疉,疉,dié,điệp
疊,叠,dié,điệp
疎,疎,shū,sơ
畵,画,huà,hoạch
畷,畷,zhuì,chuyết
畸,畸,jī,ki
畹,畹,wǎn,uyển
畺,畺,jiāng,cưng
畽,畽,tǔn,thoản
畾,畾,léi,lôi
畿,畿,jī,kì
痉,痉,jìng,kính
痊,痊,quán,thuyên
痍,痍,yí,di
痎,痎,jiē,giai
痏,痏,wěi,vị
痐,痐,huí,hồi
痑,痑,tān,than
痒,痒,yǎng,dương
疾,疾,jí,tật
疿,疿,fèi,phi
痁,痁,shān,thiêm
痂,痂,jiā,già
痄,痄,zhà,chá
病,病,bìng,bệnh
症,症,zhèng,chứng
痈,痈,yōng,ung
疲,疲,pí,bì
疳,疳,gān,cam
疵,疵,cī,tỳ
疶,疶,xuē,tiết
疹,疹,zhěn,chẩn
疻,疻,zhǐ,chỉ
疼,疼,téng,đông
疽,疽,jū,thư
疧,疧,qí,kỳ
疪,疪,bì,tì
疫,疫,yì,dịch
疬,疬,lì,lịch
疮,疮,chuāng,thương
疯,疯,fēng,phong
疰,疰,zhù,chú
疱,疱,pào,pháo
痺,痺,bì,tý
痻,痻,mín,mân
痼,痼,gù,cố
痾,疴,ē,a
瘀,瘀,yū,ứ
瘂,痖,yǎ,á
瘃,瘃,zhú,chúc
瘅,瘅,dān,đản
痪,痪,huàn,hoán
痮,痮,zhàng,trướng
痯,痯,guǎn,quản
痲,痲,má,ma
痳,痳,lín,lâm
痴,痴,chī,si
痵,痵,jì,quý
痶,痶,tiǎn,đẹn
痠,酸,suān,toan
痡,痡,fū,phô
痢,痢,lì,lị
痣,痣,zhì,chí
痤,痤,cuó,toạ
痦,痦,wù,ngộ
痧,痧,shā,sa
痩,痩,shòu,tú
痔,痔,zhì,trĩ
痗,痗,mèi,mội
痘,痘,dòu,đậu
痙,痉,jìng,kinh
痚,痚,xiāo,hiêu
痛,痛,tòng,thống
痜,痜,tū,thóc
痞,痞,pǐ,bĩ
瘪,瘪,biě,tất
瘫,瘫,tān,than
瘮,瘆,shèn,rướm
瘯,瘯,cù,thốc
瘲,疭,zòng,túng
瘳,瘳,chōu,sưu
瘴,瘴,zhàng,chướng
瘵,瘵,zhài,sái
瘟,瘟,wēn,ôn
瘠,瘠,jí,tích
瘡,疮,chuāng,sang
瘢,瘢,bān,ban
瘤,瘤,liú,lựu
瘧,疟,nüè,ngược
瘨,瘨,diān,điên
瘩,瘩,da,đáp
瘐,瘐,yǔ,dũ
瘓,痪,huàn,hoán
瘗,瘗,yì,ế
瘙,瘙,sào,tố
瘚,瘚,jué,quyết
瘜,瘜,xī,tức
瘝,瘝,guān,quan
瘞,瘗,yì,ế
瘆,瘆,shèn,rướm
瘈,瘈,chì,khế
瘉,瘉,yù,dũ
瘊,瘊,hóu,hầu
瘋,疯,fēng,phong
瘌,瘌,là,lạt
瘍,疡,yáng,dương
瘏,瘏,tú,đồ
癞,癞,lài,lại
癠,癠,jì,tễ
癡,痴,chī,si
癣,癣,xuǎn,tiển
癤,疖,jiē,tiết
癦,癦,me,mạch
癧,疬,lì,lịch
癩,癞,lài,lại
癌,癌,ái,nham
癍,癍,bān,ban
癎,癎,xián,giản
癔,癔,yì,ý
癕,癕,yōng,ung
癗,癗,lěi,lũy
癘,疠,lì,lệ
癙,癙,shǔ,thử
療,疗,liáo,liệu
癃,癃,lóng,lung
癄,癄,qiáo,tiều
癅,癅,liú,lựu
癆,痨,láo,lao
癇,痫,xián,giản
癈,癈,fèi,phế
癊,癊,yìn,ấm
瘶,瘶,sòu,tú
瘸,瘸,qué,qua
瘺,瘘,lòu,lũ
瘻,瘘,lòu,lũ
瘼,瘼,mò,mạc
瘾,瘾,yǐn,dẫn
瘿,瘿,yǐng,ánh
癀,癀,huáng,hoàng
皕,皕,bì,bức
皙,皙,xī,tích
皚,皑,ái,ngai
皞,皞,hào,hạo
皡,皡,hào,hạo
皤,皤,pó,bà
皥,皥,hào,hạo
皦,皦,jiǎo,kiểu
皁,皂,zào,tạo
皂,皂,zào,tạo
皃,皃,mào,mạo
皆,皆,jiē,giai
皇,皇,huáng,hoàng
皈,皈,guī,quy
皒,皒,é,nga
皓,皓,hào,hạo
癶,癶,bō,bát
癸,癸,guǐ,quý
発,発,fā,phát
登,登,dēng,đăng
發,发,fā,phát
白,白,bái,bạch
癿,癿,bié / qié,qua
皀,皀,jí,tấp
癫,癫,diān,điên
癬,癣,xuǎn,tiển
癭,瘿,yǐng,anh
癮,瘾,yǐn,ẩn
癯,癯,qú,cù
癰,痈,yōng,ung
癱,瘫,tān,than
癲,癫,diān,điên
盎,盎,àng,áng
监,监,jiān,giam
盔,盔,kuī,khôi
盖,盖,gài,cái
盗,盗,dào,đạo
盘,盘,pán,bàn
盚,盚,qiú,cầu
盝,盝,lù,lộc
盃,杯,bēi,bôi
盅,盅,zhōng,chung
盇,盇,hé,hạp
盉,盉,hé,hoà
益,益,yì,ích
盋,盋,bō,bát
盌,盌,wǎn,oản
盍,盍,hé,hạp
皸,皲,jūn,quân
皹,皹,jūn,quân
皺,皱,zhòu,trứu
皻,皻,zhā,cha
皼,皼,gǔ,cổ
皽,皽,zhāo,chao
皿,皿,mǐn,mãnh
盂,盂,yú,vu
皪,皪,lì,lịch
皫,皫,piǎo,phiếu
皭,皭,jiào,tước
皮,皮,pí,bì
皰,疱,pào,pháo
皲,皲,jūn,quân
皴,皴,cūn,thuân
皷,皷,gǔ,cổ
眑,眑,yǎo,yểu
眓,眓,huò,mù
眕,眕,zhěn,chẩn
眚,眚,shěng,sảnh
眛,眛,mèi,muội
眜,眜,mò,mắt
眞,真,zhēn,chân
真,真,zhēn,chân
盼,盼,pàn,phán
盾,盾,dùn,thuẫn
省,省,shěng,tỉnh
眂,眂,shì,thị
眄,眄,miàn / miǎn,miện
眅,眅,pān,phàn
眊,眊,mào,mạo
眎,眎,shì,thị
目,目,mù,mục
盯,盯,dīng,đinh
盱,盱,xū,hu
盲,盲,máng,manh
直,直,zhí,trực
盹,盹,dǔn,truân
盺,盺,xīn,nhân
盻,盻,xì,hễ
盟,盟,méng,minh
盤,盘,pán,bàn
盥,盥,guàn,quán
盦,盦,ān,am
盩,盩,zhōu,chu
盪,荡,dàng,đãng
盬,盬,gǔ,cổ
盭,盭,lì,lệ
睆,睆,huàn,hoản
睊,睊,juàn,quyến
睍,𪾢,xiàn,hiển
睎,睎,xī,hy
睏,困,kùn,khốn
睓,睓,tiǎn,điễn
睖,睖,lèng,lăng
睘,睘,qióng,quỳnh
眺,眺,tiào,thiếu
眽,眽,mò,mạch
眾,众,zhòng,chúng
着,着,zhe,khán
睂,睂,méi,mi
睃,睃,suō,tuấn
睄,睄,shào,sảo
睅,睅,hàn,hạn
眱,眱,dì,di
眳,眳,míng,danh
眴,眴,xuàn,huyễn
眵,眵,chī,si
眶,眶,kuàng,khuông
眷,眷,juàn,quyến
眸,眸,móu,mâu
眹,眹,zhèn,trẫm
眠,眠,mián,miên
眡,眡,shì,thị
眢,眢,yuān,oan
眣,眣,dié,chợt
眦,眦,zì,tý
眨,眨,zhǎ,trát
眪,眪,bǐng,rĩnh
眯,眯,mī,mị
瞅,瞅,chǒu,thu
瞇,瞇,mī,mị
瞈,瞈,wěng,ổng
瞌,瞌,kē,khạp
瞍,瞍,sǒu,tẩu
瞎,瞎,xiā,hạt
瞏,瞏,qióng,quỳnh
瞒,瞒,mán,môn
睸,睸,mèi,mí
睺,睺,hóu,hầu
睼,睼,tiàn,thiến
睽,睽,kuí,khuê
睾,睾,gāo,cao
睿,睿,ruì,duệ
瞀,瞀,mào,mậu
瞄,瞄,miáo,miểu
睤,睤,bì,bễ
睥,睥,pì,bễ
睦,睦,mù,mục
睨,睨,nì,nghễ
睪,睪,yì,dịch
睫,睫,jié,tiệp
睬,睬,cǎi,thải
睱,睱,xià,hạ
睙,睙,liè,liệt
睚,睚,yá,nhai
睛,睛,jīng,tình
睞,睐,lài,lãi
睟,睟,suì,túy
睠,睠,juàn,quyến
睡,睡,shuì,thụy
督,督,dū,đốc
矇,蒙,méng,mông
矈,矈,mián,miên
矉,矉,pín,tần
矋,矋,lěi,lệ
矌,矌,kuàng,quạng
矍,矍,jué,quắc
矓,眬,lóng,lung
矔,矔,guàn,quán
瞶,瞆,guì,quý
瞷,瞷,jiàn,gián
瞹,瞹,ài,ái
瞻,瞻,zhān,chiêm
瞼,睑,jiǎn,lim
瞽,瞽,gǔ,cổ
瞾,瞾,zhào,chiếu
矁,矁,chǒu,thiễu
瞥,瞥,piē,miết
瞧,瞧,qiáo,tiều
瞪,瞪,dèng,trừng
瞫,瞫,shěn,thẩm
瞬,瞬,shùn,thuấn
瞯,瞯,xián,gián
瞰,瞰,kàn,khám
瞵,瞵,lín,lân
瞕,瞕,zhàng,trướng
瞖,瞖,yì,ế
瞘,眍,kōu,khu
瞜,䁖,lōu,lâu
瞟,瞟,piǎo,phiếu
瞠,瞠,chēng,sanh
瞢,瞢,méng,măng
瞤,瞤,rún,nhuần
矿,矿,kuàng,kháng
砀,砀,dàng,đãng
码,码,mǎ,mã
砂,砂,shā,sa
砃,砃,dān,đan
砄,砄,jué,quyết
砅,砅,lì,lệ
砆,砆,fū,phu
矰,矰,zēng,tăng
矱,矱,yuē,hoạch
石,石,shí,thạch
矴,矴,dìng,đính
矷,矷,zǐ,chỉ
矸,矸,gān,can
矺,矺,zhé,trách
矽,矽,xì,tịch
知,知,zhī,tri
矦,矦,hóu,hầu
矧,矧,shěn,thẩn
矩,矩,jǔ,củ
矫,矫,jiǎo,kiểu
矬,矬,cuó,toà
短,短,duǎn,đoản
矯,矫,jiǎo,kiểu
矕,矕,mǎn,vãn
矖,矖,xǐ,tỉ
矙,矙,kàn,khám
矚,瞩,zhǔ,chúc
矛,矛,máo,mâu
矜,矜,jīn,căng
矞,矞,yù,duật
矠,矠,zé,tích
砼,砼,tóng,đồng
砾,砾,lì,lịch
砿,砿,kuàng,kháng
础,础,chǔ,sở
硅,硅,guī,khuê
硇,硇,náo,nao
硊,硊,huì / wěi,nghĩ
硌,硌,gè,ngắc
砰,砰,pēng,phanh
砳,砳,lè,lặc
破,破,pò,phá
砵,砵,bō,bát
砷,砷,shēn,thân
砸,砸,zá,tạp
砹,砹,ài,ngải
砺,砺,lì,lệ
砜,砜,fēng,phong
砠,砠,jū,thư
砢,砢,kē,loã
砣,砣,tuó,đà
砥,砥,dǐ,chỉ
砦,砦,zhài,trại
砩,砩,fú,phế
砮,砮,nǔ,nỗ
砈,砈,ě,ngã
砉,砉,huā / huò,hoạch
砌,砌,qì,thế
砍,砍,kǎn,khảm
砑,砑,yà,nhạ
砒,砒,pī,tì
砖,砖,zhuān,chuyên
砗,砗,chē,xa
碍,碍,ài,ngại
碎,碎,suì,toái
碏,碏,què,thước
碑,碑,bēi,bi
碓,碓,duì,đối
碔,碔,wǔ,vũ
碕,埼,qí,kỳ
碗,碗,wǎn,oản
硵,硵,lǔ,lỗ
硼,硼,péng,bằng
硾,硾,zhuì,truỵ
碃,碃,qìng,thanh
碆,碆,bō,ba
碇,碇,dìng,đĩnh
碉,碉,diāo,điêu
碌,碌,lù,lục
硤,硖,xiá,giáp
硧,硧,yǒng,dũng
硨,砗,chē,xa
硪,硪,wò,ngạ
硫,硫,liú,lưu
硬,硬,yìng,ngạnh
硭,硭,máng,mang
确,确,què,xác
硍,硍,yín / xiàn,khẩn
硎,硎,xíng,hình
硐,硐,dòng,động
硒,硒,xī,tây
硕,硕,shuò,thạch
硚,硚,qiáo,kiều
硜,硁,kēng,khanh
硝,硝,xiāo,tiêu
磉,磉,sǎng,tảng
磌,磌,tián,điền
磐,磐,pán,bàn
磓,磓,duī,đôi
磕,磕,kē,khái
磗,磗,zhuān,chuyên
磙,磙,gǔn,cổn
磚,砖,zhuān,chuyên
碶,碶,qì,khế
碸,砜,fēng,phong
確,确,què,xác
碻,碻,què,xác
碼,码,mǎ,mã
碽,䂵,gōng,cung
磁,磁,cí,từ
磈,磈,wěi,uỷ
碪,碪,zhēn,châm
碫,碫,duàn,đoán
碬,碬,xiá,hà
碯,碯,nǎo,não
碱,碱,jiǎn,thiêm
碲,碲,dì,đế
碳,碳,tàn,thán
碴,碴,chá,tra
碘,碘,diǎn,điển
碚,碚,bèi,bội
碜,碜,chěn,tẩm
碞,碞,yán,nham
碟,碟,dié,điệp
碡,碡,zhóu / dú,độc
碥,碥,biǎn,biển
碩,硕,shuò,thạc
礓,礓,jiāng,cương
礙,碍,ài,ngại
礚,礚,kē,khái
礜,礜,yù,dự
礝,礝,ruǎn,nhuyễn
礞,礞,méng,mông
礟,礟,pào,pháo
礡,礡,bó,bạc
磾,䃅,dī,sạn
礀,礀,jiàn,gián
礁,礁,jiāo,tiều
礃,礃,zhǎng,tưởng
礄,硚,qiáo,kiều
礅,礅,dūn,đôn
礆,硷,jiǎn,kiềm
礐,𬒈,què,xác
磪,磪,cuī,thôi
磬,磬,qìng,khánh
磯,矶,jī,ki
磲,磲,qú,cừ
磴,磴,dèng,đặng
磵,磵,jiàn,giản
磹,磹,tán,điệm
磺,磺,huáng,hoàng
磛,磛,chán,sàm
磟,磟,liù,lựu
磠,硵,lǔ,lỗ
磡,磡,kàn,khám
磣,碜,chěn,sẩm
磤,磤,yǐn,ân
磥,磥,lěi,lỗi
磧,碛,qì,thích
祏,祏,shí,thạch
祐,祐,yòu,hữu
祓,祓,fú,phất
祔,祔,fù,phụ
祕,秘,mì,bí
祖,祖,zǔ,tổ
祗,祗,zhī,chi
祘,祘,suàn,toán
祄,祄,xiè,giới
祅,祅,yāo,yêu
祆,祆,xiān,hiên
祈,祈,qí,kì
祉,祉,zhǐ,chỉ
祊,祊,bēng,banh
祍,祍,rèn,nhẫm
祎,祎,yī,y
礻,礻,shì,thị
礼,礼,lǐ,lễ
礽,礽,réng,nhưng
社,社,shè,xã
祀,祀,sì,tự
祁,祁,qí,kì
祂,祂,tā,tha
祃,祃,mà,mạ
礤,礤,cǎ,sát
礧,礧,léi,lôi
礪,砺,lì,lệ
礫,砾,lì,lịch
礮,礮,pào,pháo
礱,砻,lóng,lung
礴,礴,bó,bạc
礶,礶,guàn,quán
禎,祯,zhēn,trinh
福,福,fú,phúc
禑,禑,wú,ngô
禓,禓,yáng,dương
禔,禔,zhī,đề
禕,祎,yī,y
禖,禖,méi,môi
禘,禘,dì,đế
祼,祼,guàn,quán
祿,禄,lù,lộc
禀,禀,bǐng,bẩm
禂,禂,dǎo,đảo
禄,禄,lù,lộc
禅,禅,chán,thiền
禇,禇,zhě,trữ
禊,禊,xì,hễ
祦,祦,wú,ngô
祩,祩,zhù,chú
祫,祫,xiá,hợp
祲,祲,jìn,tẩm
祷,祷,dǎo,thổ
祸,祸,huò,hoạ
祺,祺,qí,kì
祻,祻,gù,cố
祙,祙,mèi,mị
祚,祚,zuò,tộ
祛,祛,qū,khư
祜,祜,hù,hỗ
神,神,shén,thần
祠,祠,cí,từ
祢,祢,mí,nỉ
祥,祥,xiáng,tường
私,私,sī,tư
秃,秃,tū,thóc
秄,秄,zǐ,chỉ
秆,秆,gǎn,cán
秈,籼,xiān,tiên
秊,秊,nián,niên
秋,秋,qiū,thu
秌,秌,qiū,thu
禸,禸,róu,nhựu
禹,禹,yǔ,vũ
禺,禺,yú,ngu
离,离,lí,le
禼,禼,xiè,tiết
禽,禽,qín,cầm
禾,禾,hé,hòa
秀,秀,xiù,tú
禧,禧,xǐ,hi
禨,禨,jī,ky
禩,禩,sì,tự
禮,礼,lǐ,lễ
禰,祢,mí,nỉ
禱,祷,dǎo,đảo
禳,禳,ráng,nhương
禴,禴,yuè,dược
禚,禚,zhuó,chước
禛,禛,zhēn,chân
禜,禜,yǒng,vinh
禠,禠,sī,tư
禡,祃,mà,mã
禢,禢,tà,tháp
禤,禤,xuān,huyên
禥,禥,qí,kì
稆,稆,lǚ,lữ
稇,稇,kǔn,khổn
稈,秆,gǎn,cán
稉,稉,jīng,canh
程,程,chéng,trình
稌,稌,tú,đồ
税,税,shuì,thuế
稏,䅉,yà,á
秫,秫,shú,thuật
秬,秬,jù,cự
秭,秭,zǐ,tỉ
称,称,chēng,xưng
秷,秷,zhì,gié
稀,稀,xī,hi
稂,稂,láng,lang
稃,稃,fū,phù
秝,秝,lì,lịch
秠,秠,pī,phi
秣,秣,mò,mạt
秤,秤,chèng,xứng
秥,秥,nián,chiêm
秦,秦,qín,tần
秧,秧,yāng,ương
秩,秩,zhì,trật
秏,秏,hào,hao
科,科,kē,khoa
秒,秒,miǎo,miểu
秔,秔,jīng,canh
秕,秕,bǐ,bỉ
秖,秖,zhī,kì
秘,秘,mì,bí
秜,秜,ní,ni
穊,穊,jì,cấy
穋,穋,lù,lục
穌,稣,sū,tô
穎,颖,yǐng,dĩnh
穏,穏,wěn,ùn
穐,穐,qiū,thu
穗,穗,suì,tuệ
穜,穜,tóng,đồng
稾,稾,gǎo,cảo
稿,稿,gǎo,cảo
穀,谷,gǔ,cốc
穄,穄,jì,tế
穅,穅,kāng,khang
穇,䅟,cǎn,sam
穈,穈,méi,môn
穉,穉,zhì,trĩ
稨,稨,biǎn,biển
稬,稬,nuò,noạ
稳,稳,wěn,ùn
稷,稷,jì,tắc
稹,稹,zhěn,chẩn
稺,稺,zhì,trĩ
稻,稻,dào,đạo
稼,稼,jià,giá
稑,稑,lù,lục
稖,稖,bàng,bàng
稗,稗,bài,bại
稙,稙,zhī,trị
稚,稚,zhì,trĩ
稛,稛,kǔn,khổn
稞,稞,kē,khoa
稠,稠,chóu,trù
窈,窈,yǎo,yểu
窊,窊,wā,oa
窋,窋,zhú,truật
窌,窌,jiào,giáo
窍,窍,qiào,khíu
窎,窎,diào,điếu
窑,窑,yáo,diêu
窓,窓,chuāng,song
穽,穽,jǐng,tỉnh
穿,穿,chuān,xuyên
窀,窀,zhūn,truân
突,突,tū,đột
窃,窃,qiè,tiết
窄,窄,zhǎi,trách
窅,窅,yǎo,yểu
窆,窆,biǎn,biếm
穫,获,huò,hoạch
穭,穞,lǚ,lúa
穮,穮,biāo,tiêu
穴,穴,xué,huyệt
穵,穵,wā,ấp
究,究,jiū,cứu
穷,穷,qióng,cung
穸,穸,xī,tịch
穟,穟,suì,toại
穠,秾,nóng,nùng
穡,穑,sè,sắc
穢,秽,huì,uế
穣,穣,ráng,dương
穤,穤,nuò,nhu
穧,穧,jì,tế
穨,穨,tuí,đồi
窿,窿,lóng,lung
竁,竁,cuì,xuế
竃,竃,zào,hung
竄,窜,cuàn,thoán
竆,竆,qióng,cung
竇,窦,dòu,đậu
竈,灶,zào,táo
竉,竉,lǒng,lung
窳,窳,yǔ,dũ
窴,窴,tián,điền
窵,窎,diào,điếu
窸,窸,xī,tất
窺,窥,kuī,khuy
窻,窻,chuāng,song
窽,窽,kuǎn,khoản
窾,窾,kuǎn,khoản
窨,窨,yìn,ấm
窩,窝,wō,oa
窪,洼,wā,oa
窬,窬,yú,du
窭,窭,jù,cự
窮,穷,qióng,cùng
窯,窑,yáo,diêu
窰,窰,yáo,diêu
窖,窖,jiào,diếu
窗,窗,chuāng,song
窘,窘,jiǒng,quẫn
窝,窝,wō,oa
窟,窟,kū,quật
窠,窠,kē,khòa
窣,窣,sū,tốt
窦,窦,dòu,đậu
竻,竻,lè,lặc
竽,竽,yú,vu
竾,竾,chí,trì
笀,笀,máng,măng
笃,笃,dǔ,đốc
笄,笄,jī,kê
笆,笆,bā,ba
笇,笇,suàn,toán
竦,竦,sǒng,tủng
竪,竖,shù,thụ
竫,竫,jìng,tĩnh
竭,竭,jié,kiệt
端,端,duān,đoan
競,竞,jìng,cạnh
竸,竸,jìng,cạnh
竹,竹,zhú,trúc
站,站,zhàn,trạm
竚,竚,zhù,trữ
竜,竜,lóng,long
竝,竝,bìng,tịnh
竟,竟,jìng,cánh
章,章,zhāng,chương
竢,竢,sì,sĩ
童,童,tóng,đồng
竊,窃,qiè,thiết
立,立,lì,lập
竍,竍,shí,thập
竏,竏,qiān,thiên
竑,竑,hóng,hoành
竒,竒,qí,kì
竓,竓,háo,hào
竖,竖,shù,thụ
笹,笹,tì,thế
笻,笻,qióng,cung
笾,笾,biān,biên
筀,筀,guì,kế
筁,筁,qū,khúc
筃,筃,yīn,nhân
筅,筅,xiǎn,tiển
筆,笔,bǐ,bút
笭,笭,líng,linh
笮,笮,zé,trách
笯,笯,nú,nò
笰,笰,fú,phất
笲,笲,fán,phiền
笳,笳,jiā,già
笵,笵,fàn,phạm
笸,笸,pǒ,phả
笛,笛,dí,địch
笞,笞,chī,si
笣,笣,bāo,vầu
笤,笤,tiáo,giậu
笥,笥,sì,tứ
笧,笧,cè,sách
笨,笨,bèn,bổn
笫,笫,zǐ,chỉ
笉,笉,qǐn,chẩn
笊,笊,zhào,tráo
笋,笋,sǔn,duẩn
笏,笏,hù,hốt
笐,笐,háng,hàng
笑,笑,xiào,tiếu
笓,笓,bì,tỳ
笔,笔,bǐ,tất
筷,筷,kuài,khoái
筸,筸,gān,cao
筻,筻,gàng,gánh
签,签,qiān,tiêm
箂,箂,lái,lai
箄,箄,bǐ,bài
箅,箅,bì,bế
箆,箆,bì,bề
筢,筢,pá,ba
筦,筦,guǎn,quản
筧,笕,jiǎn,kiển
筯,筯,zhù,trợ
筰,筰,zuó,tạc
筱,筱,xiǎo,tiểu
筳,筳,tíng,đình
筵,筵,yán,diên
筓,筓,jī,kê
答,答,dá,đáp
策,策,cè,sách
筘,筘,kòu,khấu
筚,筚,bì,tất
筜,筜,dāng,đang
筞,筞,cè,sách
筠,筠,yún,quân
筇,筇,qióng,cung
筈,筈,kuò,quát
等,等,děng,đẳng
筊,筊,xiáo,giảo
筌,筌,quán,thuyên
筐,筐,kuāng,khuông
筑,筑,zhù,trúc
筒,筒,tǒng,đồng
箩,箩,luó,la
箪,箪,dān,đan
箫,箫,xiāo,tiêu
箬,箬,ruò,nhược
箮,箮,xuān,huyên
箯,箯,biān,tiên
箲,箲,xiǎn,tiển
箳,箳,píng,bình
箛,箛,gū,cô
箜,箜,kōng,không
箝,箝,qián,kiềm
箠,箠,chuí,chủy
管,管,guǎn,quản
箤,箤,zú,nhốt
箦,箦,zé,trách
箨,箨,tuò,thác
箒,箒,zhǒu,trửu
箓,箓,lù,lục
箔,箔,bó,bạc
箖,箖,lín,lâm
算,算,suàn,toán
箘,箘,jùn,khuân
箙,箙,fú,phục
箚,箚,zhá,tráp
箇,个,gè,cá
箊,箊,yū,ư
箋,笺,jiān,tiên
箍,箍,gū,cô
箎,箎,chí,trì
箏,筝,zhēng,tranh
箐,箐,qìng,thiến
箑,箑,shà,tiệp
篮,篮,lán,lam
篰,篰,bù,bộ
篲,篲,huì,tuệ
篳,筚,bì,tất
篴,篴,dí,địch
篶,篶,yān,yên
篸,𥮾,cǎn,thảm
篹,篹,zhuàn,toán
篛,篛,ruò,nhược
篠,筿,xiǎo,tiểu
篢,𬕂,lǒng,cung
篤,笃,dǔ,đốc
篦,篦,bì,bề
篧,篧,zhuó,trạc
篨,篨,chú,trừ
篪,篪,chí,trì
篌,篌,hóu,hầu
篏,篏,qiàn,khám
篑,篑,kuì,quỹ
篔,筼,yún,vân
篖,篖,táng,đường
篗,篗,yuè,hoạch
篘,篘,chōu,sô
篚,篚,fěi,phỉ
箵,箵,xīng,tỉnh
箾,箾,shuò,sóc
篁,篁,huáng,hoàng
篃,篃,mèi,mị
範,范,fàn,phạm
篆,篆,zhuàn,triện
篇,篇,piān,thiên
篋,箧,qiè,khiếp
簡,简,jiǎn,giản
簣,篑,kuì,quỹ
簥,簥,jiāo,kiểu
簦,簦,dēng,đăng
簧,簧,huáng,hoàng
簨,簨,sǔn,tuẩn
簩,簩,láo,lau
簪,簪,zān,trâm
簖,簖,duàn,đoạn
簗,簗,zhù,lương
簘,簘,xiāo,tiêu
簜,簜,dàng,thang
簝,簝,liáo,liêu
簞,箪,dān,đan
簟,簟,diàn,điệm
簠,簠,fǔ,phủ
簉,簉,zào,sứu
簋,簋,guǐ,quỹ
簌,簌,sù,tốc
簏,簏,lù,lộc
簑,蓑,suō,thoa
簒,簒,cuàn,soán
簓,簓,diāo,điêu
簕,簕,lè,lặc
篺,篺,pí,bài
篼,篼,dōu,đâu
篾,篾,miè,miệt
簀,箦,zé,trách
簁,簁,shāi,si
簃,簃,yí,di
簆,簆,kòu,khấu
簈,簈,píng,bình
籙,箓,lù,lục
籛,篯,jiǎn,tiên
籜,箨,tuò,thác
籝,籝,yíng,doanh
籟,籁,lài,lại
籢,籢,lián,liêm
籣,籣,lán,tràn
籤,签,qiān,thiêm
籌,筹,chóu,trù
籏,籏,qí,kì
籐,籐,téng,đằng
籑,籑,zhuàn,soạn
籒,籒,zhòu,trứu
籓,籓,fān,phiên
籔,䉤,sǒu,tẩu
籘,籘,téng,đằng
簻,簻,zhuā,qua
簽,签,qiān,thiêm
籀,籀,zhòu,trứu
籁,籁,lài,lại
籄,籄,kuì,quỹ
籅,𥫣,yú,dư
籆,籆,yuè,hoạch
籊,籊,tì,địch
簫,箫,xiāo,tiêu
簬,簬,lù,rọ
簮,簮,zān,trâm
簰,簰,pái,bài
簴,簴,jù,cự
簷,簷,yán,diêm
簸,簸,bǒ,bá
簹,筜,dāng,đương
粋,粋,cuì,tuý
粍,粍,zhé,hào
粎,粎,mǐ,mễ
粑,粑,bā,ba
粒,粒,lì,lạp
粔,粔,jù,cự
粕,粕,pò,phách
粗,粗,cū,thô
籽,籽,zǐ,tử
籾,籾,ní,ni
粀,粀,zhàng,thập
粁,粁,qiān,thiên
粄,粄,bǎn,bản
粆,粆,shā,sa
粇,粇,kāng,canh
粉,粉,fěn,phấn
籯,籯,yíng,doanh
籰,籰,yuè,dược
米,米,mǐ,mễ
籴,籴,dí,địch
籸,籸,shēn,sân
籹,籹,nǚ,nhữ
籺,籺,hé,hạt
籼,籼,xiān,tiên
籥,籥,yuè,thược
籧,籧,qú,cừ
籨,籨,lián,liêm
籩,笾,biān,biên
籪,簖,duàn,đoán
籬,篱,lí,li
籭,籭,sī,si
籮,箩,luó,la
糇,糇,hóu,hầu
糈,糈,xǔ,tư
糉,粽,zòng,tống
糊,糊,hú,hồ
糌,糌,zān,ta
糍,糍,cí,từ
糏,糏,xiè,tiết
糐,糐,fū,đoàn
粻,粻,zhāng,trương
粼,粼,lín,lân
粽,粽,zòng,tống
精,精,jīng,tinh
粿,粿,guǒ,quả
糁,糁,sǎn,thẩm
糅,糅,róu,nhữu
糆,糆,miàn,miến
粩,粩,lāo,lỗ
粬,粬,qū,khúc
粮,粮,liáng,lương
粰,粰,fú,phu
粱,粱,liáng,lương
粲,粲,càn,sán
粵,粤,yuè,việt
粺,粺,bài,bại
粘,粘,zhān,niêm
粛,粛,sù,túc
粝,粝,lì,lệ
粞,粞,xī,tê
粟,粟,sù,túc
粡,粡,tóng,đòng
粦,粦,lín,lân
粧,粧,zhuāng,trang
糺,糺,jiū,củ
系,系,xì,hệ
紀,纪,jì,kỉ
紂,纣,zhòu,trụ
紃,𬘓,xún,xuyên
約,约,yuē,ước
紅,红,hóng,hồng
紇,纥,hé,hột
糰,团,tuán,đoàn
糱,糱,niè,nghiệt
糲,粝,lì,lệ
糴,籴,dí,địch
糵,糵,niè,nghiệt
糶,粜,tiào,thiếu
糸,糸,mì,mịch
糹,纟,sī,mịch
糠,糠,kāng,khang
糡,糡,jiàng,cưỡng
糢,糢,mó,mô
糤,糤,sǎn,tản
糧,粮,liáng,lương
糨,糨,jiàng,cưỡng
糬,糬,shǔ,thự
糯,糯,nuò,nhu
糒,糒,bèi,bí
糔,糔,xiǔ,tưu
糕,糕,gāo,cao
糖,糖,táng,đường
糗,糗,qiǔ,khứu
糙,糙,cāo,tháo
糜,糜,mí,mi
糟,糟,zāo,tao
紼,绋,fú,phất
紽,紽,tuó,đà
紿,绐,dài,đãi
絁,絁,shī,thi
終,终,zhōng,chung
絃,弦,xián,huyền
組,组,zǔ,tổ
絅,䌹,jiōng,quýnh
素,素,sù,tố
紥,紥,zā,trát
紮,扎,zā,trát
紱,绂,fú,phất
紲,绁,xiè,tiết
紵,纻,zhù,trữ
紹,绍,shào,thiệu
紺,绀,gàn,cám
紘,纮,hóng,hoành
紙,纸,zhǐ,chỉ
級,级,jí,cấp
紛,纷,fēn,phân
紜,纭,yún,vân
紝,纴,rèn,nhâm
紞,𬘘,dǎn,đãn
紟,紟,jīn,câm
紈,纨,wán,hoàn
紊,紊,wěn,vặn
紋,纹,wén,văn
納,纳,nà,nạp
紑,紑,fóu,phù
紓,纾,shū,thư
紖,纼,zhèn,chẩn
紗,纱,shā,sa
絹,绢,juàn,quyên
絻,絻,miǎn,miện
絿,絿,qiú,cầu
綀,綀,shū,sơ
綁,绑,bǎng,bảng
綂,綂,tǒng,thống
綃,绡,xiāo,tiêu
綅,綅,qīn,xâm
絬,絬,xiè,thượt
絮,絮,xù,nhứ
絰,绖,dié,điệt
統,统,tǒng,thống
絳,绛,jiàng,giáng
絶,绝,jué,tuyệt
絷,絷,zhí,chấp
絸,絸,jiǎn,kén
絝,绔,kù,khố
絢,绚,xuàn,huyến
絣,絣,bēng,băng
給,给,gěi,cấp
絨,绒,róng,nhung
絩,絩,tiào,thêu
絪,𬘡,yīn,nhân
絫,絫,lěi,lũy
経,経,jīng,kinh
絍,絍,rèn,nhâm
絎,绗,háng,hàng
結,结,jié,kết
絓,絓,guà,quái
絕,绝,jué,tuyệt
絚,絚,gēng,căng
絛,绦,tāo,thao
網,网,wǎng,võng
綳,绷,bēng,banh
綷,綷,cuì,túy
綸,纶,lún,luân
綹,绺,liǔ,lữu
綻,绽,zhàn,trán
綽,绰,chuò,xước
綿,绵,mián,miên
綦,綦,qí,kì
綪,𬘬,qiàn,thiến
綫,线,xiàn,tuyến
綬,绶,shòu,thụ
維,维,wéi,duy
綯,绹,táo,đào
綰,绾,wǎn,oản
綱,纲,gāng,cương
綖,𫄧,yán,diên
綗,綗,jiǒng,quýnh
綘,綘,féng,phùng
継,継,jì,kế
続,続,xù,tục
綝,𬘭,chēn,sâm
綠,绿,lǜ,lục
綥,綥,qí,kì
綆,绠,gěng,cảnh
綈,绨,tí,đề
綉,绣,tòu,tú
綌,绤,xì,khích
綍,綍,fú,phất
綎,𬘩,tīng,đinh
綑,捆,kǔn,khổn
經,经,jīng,kinh
緦,缌,sī,ti
編,编,biān,biên
緩,缓,huǎn,hoãn
緪,緪,gēng,căng
緫,緫,cōng,tổng
緯,纬,wěi,vĩ
緰,緰,tóu,đầu
緱,缑,gōu,câu
緗,缃,xiāng,tương
緙,缂,kè,khách
線,线,xiàn,tuyến
緜,緜,mián,miên
緝,缉,jī,tập
緞,缎,duàn,đoạn
緤,緤,xiè,tiết
緥,緥,bǎo,bảo
緍,緍,mín,mân
緎,緎,yù,vực
総,総,zǒng,tổng
緐,緐,fán,phồn
緑,绿,lǜ,lục
緒,绪,xù,tự
緔,绱,shàng,thượng
緖,緖,xù,tự
緁,緁,qiè,tiệp
緄,绲,gǔn,cổn
緅,緅,zōu,tưu
緆,緆,xī,rợ
緇,缁,zī,truy
緉,緉,liǎng,lưỡng
緊,紧,jǐn,khẩn
緋,绯,fēi,phi
縯,𬙂,yǎn,diễn
縰,縰,xǐ,sỉ
縲,缧,léi,luy
縳,䌸,juàn,truyện
縴,纤,qiàn,khiên
縶,絷,zhí,trập
縸,縸,mù,mắc
縺,縺,lián,len
縠,縠,hú,hộc
縡,縡,zài,tể
縢,縢,téng,đằng
縦,縦,zòng,sỉ
縧,绦,tāo,thao
縩,縩,cài,sái
縭,缡,lí,li
縮,缩,suō,súc
縊,缢,yì,ải
縋,缒,zhuì,trúy
縏,縏,pán,bàn
縑,缣,jiān,kiêm
縗,缞,cuī,thôi
縚,縚,tāo,thao
縝,缜,chēn,chẩn
縞,缟,gǎo,cảo
練,练,liàn,luyện
緶,缏,biàn,biền
緹,缇,tí,đề
緺,緺,guā,cô
緼,缊,yùn,uẩn
縅,縅,wēi,uy
縆,縆,gēng,canh
縉,缙,jìn,tấn
繮,缰,jiāng,cương
繯,缳,huán,hoán
繲,繲,xiè,dải
繶,𫄷,yì,giấy
繸,䍁,suì,choại
繻,𦈡,xū,nhu
繼,继,jì,kế
繽,缤,bīn,tân
繠,繠,ruǐ,nhuỵ
繡,绣,xiù,tú
繢,缋,huì,hội
繣,繣,huà,hoạch
繦,繦,qiǎng,cưỡng
繨,繨,da,đáp
繩,绳,shéng,thằng
繫,系,xì,hệ
繍,繍,xiù,tú
繐,繐,suì,huệ
繒,缯,zēng,tăng
繕,缮,shàn,thiện
繖,繖,sǎn,tản
繘,繘,yù,quất
繙,繙,fān,phiên
繞,绕,rào,nhiễu
縻,縻,mí,mi
總,总,zǒng,tổng
績,绩,jī,tích
縿,縿,shān,sam
繄,繄,yī,ê
繈,繈,qiǎng,cưỡng
繊,繊,xiān,tiêm
繋,繋,jì,hệ
约,约,yuē,ước
纪,纪,jì,kỉ
纬,纬,wěi,vĩ
纮,纮,hóng,hoành
纯,纯,chún,thuần
纱,纱,shā,sa
纴,纴,rèn,nhẫm
纶,纶,lún,lân
纖,纤,xiān,tiêm
纘,缵,zuǎn,toản
纙,纙,luò,là
纛,纛,dào,đạo
纜,缆,lǎn,lãm
纟,纟,sī,mịch
红,红,hóng,hồng
纤,纤,xiān,tiêm
續,续,xù,tục
纎,纎,xiān,tiêm
纏,缠,chán,triền
纑,纑,lú,lư
纒,纒,chán,triền
纓,缨,yīng,anh
纔,才,cái,tài
纕,𬙋,rǎng,tương
繿,䍀,lán,lãm
纀,纀,pú,buộc
纁,𫄸,xūn,huân
纂,纂,zuǎn,toản
纆,𬙊,mò,mặc
纇,颣,lèi,lỗi
纈,缬,xié,hiệt
纊,纩,kuàng,khoáng
绲,绲,gǔn,cổn
绵,绵,mián,miên
绶,绶,shòu,thụ
绾,绾,wǎn,oản
绿,绿,lǜ,lục
缂,缂,kè,khách
缄,缄,jiān,giam
缇,缇,tí,đề
绡,绡,xiāo,tiêu
绢,绢,juàn,quyến
绣,绣,xiù,tú
绦,绦,tāo,thao
继,继,jì,kế
绨,绨,tí,đề
绯,绯,fēi,phi
绱,绱,shàng,thượng
经,经,jīng,kinh
绑,绑,bǎng,bảng
绕,绕,rào,yểu
绗,绗,háng,hàng
绛,绛,jiàng,giáng
络,络,luò,lạc
绞,绞,jiǎo,giảo
统,统,tǒng,thống
纸,纸,zhǐ,chỉ
纻,纻,zhù,trữ
纼,纼,zhèn,chẩn
纽,纽,niǔ,nữu
绁,绁,xiè,tiết
练,练,liàn,luyện
细,细,xì,thế
绎,绎,yì,dịch
缽,钵,bō,bát
缾,缾,píng,bình
罂,罂,yīng,anh
罃,䓨,yīng,oanh
罄,罄,qìng,khánh
罅,罅,xià,há
罆,罆,guàn,quán
罇,罇,zūn,tôn
缪,缪,móu,mâu
缭,缭,liáo,liêu
缮,缮,shàn,thiện
缰,缰,jiāng,cương
缳,缳,huán,hoàn
缴,缴,jiǎo,kiểu
缷,缷,xiè,xá
缺,缺,quē,khuyết
缝,缝,fèng,phùng
缟,缟,gǎo,cảo
缠,缠,chán,triền
缢,缢,yì,ế
缣,缣,jiān,kiêm
缥,缥,piāo,phiếu
缨,缨,yīng,anh
缩,缩,suō,túc
缈,缈,miǎo,miểu
缊,缊,yùn,uẩn
缎,缎,duàn,đoạn
缓,缓,huǎn,hoán
缔,缔,dì,đế
缙,缙,jìn,tuấn
缚,缚,fù,bác
缜,缜,zhěn,chẩn
罭,罭,yù,vực
置,置,zhì,trí
罰,罚,fá,phạt
罱,罱,lǎn,lãm
罳,罳,sī,ty
罵,骂,mà,mạ
罶,罶,liǔ,lữu
罸,罸,fá,phạt
罠,罠,mín,mân
罢,罢,bà,bãi
罥,罥,juàn,quyến
罦,罦,fú,phù
罧,罧,shèn,sâm
罩,罩,zhào,tráo
罪,罪,zuì,tội
罫,罫,guà,quải
罒,罒,wǎng,võng
罕,罕,hǎn,hãn
罗,罗,luó,la
罘,罘,fú,phù
罙,罙,shēn,sâm
罛,罛,gū,cô
罝,罝,jū,ta
罟,罟,gǔ,cổ
罈,坛,tán,đàm
罋,罋,wèng,úng
罌,罂,yīng,anh
罍,罍,léi,lôi
罎,坛,tán,đàm
罏,罏,lú,lư
罐,罐,guàn,quán
网,网,wǎng,võng
羚,羚,líng,linh
羜,羜,zhù,trữ
羞,羞,xiū,tu
羟,羟,qiǎng,cưỡng
羡,羡,xiàn,tiện
羢,羢,róng,nhung
羣,群,qún,quần
群,群,qún,quần
羐,羐,yǒu,dũ
羒,羒,fén,phần
羓,羓,bā,ba
羔,羔,gāo,cao
羕,羕,yàng,dạng
羖,羖,gǔ,cổ
羗,羗,qiāng,khương
羙,羙,gāo,cao
羅,罗,luó,la
羆,罴,pí,bi
羇,羇,jī,ki
羈,羁,jī,ky
羊,羊,yáng,dương
羋,芈,mǐ,mị
羌,羌,qiāng,khương
羍,羍,dá,thát
罹,罹,lí,li
罻,罻,wèi,uý
罽,罽,jì,kế
罾,罾,zēng,tăng
罿,罿,chōng,đồng
羀,羀,liǔ,lữu
羂,羂,juàn,quyến
羃,羃,mì,mạc
翕,翕,xī,hấp
翘,翘,qiào,kiều
翚,翚,huī,huy
翡,翡,fěi,phỉ
翣,翣,shà,sáp
翦,翦,jiǎn,tiễn
翫,玩,wán,ngoạn
翬,翚,huī,huy
翃,翃,hóng,hồng
翄,翄,chì,sí
翅,翅,chì,sí
翊,翊,yì,dực
翌,翌,yì,dực
翏,翏,liù,liệu
習,习,xí,tập
翔,翔,xiáng,tường
羲,羲,xī,hy
羴,羴,shān,thiên
羵,羵,fén,phần
羶,膻,shān,thiên
羼,羼,chàn,sạn
羿,羿,yì,nghệ
翀,翀,chōng,xung
翁,翁,wēng,ông
羥,羟,qiǎng,khan
羨,羡,xiàn,tiện
義,义,yì,nghĩa
羭,羭,yú,du
羮,羮,gēng,canh
羯,羯,jié,yết
羰,羰,tāng,thang
羱,羱,yuán,nguyên
耏,耏,nài,nhi
耐,耐,nài,nại
耑,耑,duān,chuyên
耕,耕,gēng,canh
耖,耖,chào,sáo
耘,耘,yún,vân
耝,耝,qù,thư
耠,耠,huō,hoát
考,考,kǎo,khảo
耄,耄,mào,mạo
者,者,zhě,giả
耈,耈,gǒu,cẩu
耊,耊,dié,điệt
耋,耋,dié,điệt
而,而,ér,nhi
耎,耎,ruǎn,nhuyễn
翻,翻,fān,phiên
翼,翼,yì,dực
翽,翙,huì,hối
翾,翾,xuān,huyên
翿,翿,dào,đạo
耀,耀,yào,diệu
老,老,lǎo,lão
耂,耂,lǎo,lão
翮,翮,hé,cách
翯,翯,hè,hạc
翰,翰,hàn,hàn
翱,翱,áo,ngao
翳,翳,yì,ế
翶,翶,áo,cao
翹,翘,qiào,kiều
翺,翺,áo,ngao
聚,聚,jù,tụ
聟,聟,xù,thế
聡,聡,cōng,thông
聦,聦,cōng,thông
聨,聨,lián,loan
聫,聫,lián,liên
聮,聮,lián,liên
聯,联,lián,liên
耾,耾,hóng,hoành
耿,耿,gěng,cảnh
聃,聃,dān,đam
聆,聆,líng,linh
聊,聊,liáo,liêu
聒,聒,guō / guā,quát
联,联,lián,loan
聖,圣,shèng,thánh
耰,耰,yōu,ưu
耲,耲,huái,hoài
耳,耳,ěr,nhĩ
耵,耵,dīng,đinh
耶,耶,yé,da
耷,耷,dā,đạp
耸,耸,sǒng,tủng
耻,耻,chǐ,sỉ
耤,耤,jí,tịch
耦,耦,ǒu,ngẫu
耧,耧,lóu,lưu
耨,耨,nòu,nậu
耩,耩,jiǎng,giảng
耪,耪,pǎng,bảng
耬,耧,lóu,lâu
耮,耢,lào,lạo
肏,肏,cào,sáo
肐,肐,gē,cách
肓,肓,huāng,hoang
肕,肕,rèn,nhận
肘,肘,zhǒu,trửu
肚,肚,dù,đỗ
肜,肜,róng,dung
肠,肠,cháng,tường
肅,肃,sù,túc
肆,肆,sì,tứ
肇,肇,zhào,triệu
肈,肈,zhào,triệu
肊,肊,yì,ức
肋,肋,lèi / lè,lặc
肌,肌,jī,cơ
肎,肎,kěn,khẳng
聻,聻,nǐ,tiệm
聼,聼,tīng,thính
聽,听,tīng,thính
聾,聋,lóng,lung
聿,聿,yù,duật
肀,肀,yù,duật
肃,肃,sù,túc
肄,肄,yì,dị
聰,聪,cōng,thông
聱,聱,áo,ngao
聲,声,shēng,thanh
聳,耸,sǒng,tủng
聴,聴,tīng,thính
聵,聩,kuì,hội
職,职,zhí,chức
聹,聍,níng,ninh
胀,胀,zhàng,trướng
胂,胂,shèn,thăn
胃,胃,wèi,vị
胄,胄,zhòu,trụ
胆,胆,dǎn,đảm
胇,胇,fèi,phế
胈,胈,bá,bạt
胊,胊,qú,cù
肵,肵,qí,kì
肷,肷,qiǎn,hiểm
肸,肸,xī,hật
肹,肹,xī,hật
肺,肺,fèi,phế
肼,肼,jǐng,tỉnh
肽,肽,tài,thái
肾,肾,shèn,thận
肪,肪,fáng,phương
肬,肬,yóu,vưu
肮,肮,āng,khảng
肰,肰,rán,nhiên
肱,肱,gōng,quăng
育,育,yù,dục
肳,肳,wěn,mẫn
肴,肴,yáo,hào
股,股,gǔ,cổ
肢,肢,zhī,chi
肣,肣,hán,cằm
肤,肤,fū,phu
肥,肥,féi,phì
肦,肦,fén,ban
肧,肧,pēi,phôi
肩,肩,jiān,kiên
胴,胴,dòng,đỗng
胶,胶,jiāo,giao
胷,胷,xiōng,hung
胹,胹,ér,nhi
胺,胺,àn,ươn
胻,胻,héng,hành
胼,胼,pián,bẹn
胾,胾,zì,chí
胦,胦,yāng,ương
胨,胨,dòng,đống
胩,胩,kǎ,ca
胫,胫,jìng,hĩnh
胬,胬,nǔ,nỗ
胰,胰,yí,di
胲,胲,hǎi,hợi
胳,胳,gē,cặc
胛,胛,jiǎ,giáp
胜,胜,shèng,thắng
胞,胞,bāo,bào
胠,胠,qū,khư
胡,胡,hú,hồ
胣,胣,chǐ,dạ
胤,胤,yìn,dận
胥,胥,xū,tư
胍,胍,guā,cô
胎,胎,tāi,thai
胏,胏,zǐ,chỉ
胑,胑,zhī,chi
胓,胓,píng,bình
胔,胔,zì,tí
胗,胗,zhēn,chẩn
胚,胚,pēi,phôi
脬,脬,pāo,phao
脯,脯,pú,bô
脰,脰,dòu,đậu
脱,脱,tuō,thoát
脲,脲,niào,niệu
脵,脵,gǔ,ngô
脶,脶,luó,la
脷,脷,lì,lị
脝,脝,hēng,hanh
脡,脡,tǐng,đĩnh
脢,脢,méi,môi
脣,唇,chún,thần
脤,脤,shèn,thận
脥,脥,qiǎn,hiểm
脩,修,xiū,tu
脪,脪,xìn,ấn
脊,脊,jǐ,tích
脎,脎,sà,sát
脒,脒,mǐ,mễ
脔,脔,luán,luyến
脖,脖,bó,bột
脗,脗,wěn,vẫn
脚,脚,jiǎo,cước
脛,胫,jìng,hĩnh
脁,脁,tiǎo,điệu
脂,脂,zhī,chi
脃,脃,cuì,thúy
脅,胁,xié,hiếp
脆,脆,cuì,thúy
脇,脇,xié,hiếp
脈,脉,mài,mạch
脉,脉,mài,mạch
腧,腧,shù,thú
腬,腬,róu,nậu
腭,腭,è,ngạc
腮,腮,sāi,tai
腯,腯,tú,đột
腰,腰,yāo,yêu
腳,脚,jiǎo,cước
腴,腴,yú,du
腚,腚,dìng,đĩnh
腛,腛,wò,óc
腜,腜,méi,môi
腟,腟,chì,thất
腠,腠,còu,thấu
腡,脶,luó,loa
腢,腢,ǒu,ngẫu
腦,脑,nǎo,não
腍,腍,rèn,nhẫm
腎,肾,shèn,thận
腐,腐,fǔ,hủ
腑,腑,fǔ,phủ
腒,腒,jū,cừ
腓,腓,féi,phì
腕,腕,wàn,oản
腖,胨,dòng,đống
脹,胀,zhàng,trướng
脽,脽,shuí,thùy
脾,脾,pí,tì
脿,脿,biǎo / biāo,béo
腁,腁,pián,biền
腄,腄,chuí,chuỷ
腊,腊,là,tịch
腌,腌,yān,yêm
膚,肤,fū,phu
膛,膛,táng,thang
膜,膜,mó,mô
膝,膝,xī,tất
膟,膟,lǜ,suất
膣,膣,zhì,trất
膥,膥,cūn,xuân
膦,膦,lìn,lân
膋,膋,liáo,liêu
膌,膌,jí,tích
膓,膓,cháng,tràng
膔,膔,lù,lục
膕,腘,guó,quắc
膗,膗,chuái,suỳ
膘,膘,biāo,phiêu
膙,膙,jiǎng,cưỡng
膂,膂,lǚ,lữ
膃,腽,wà,ột
膄,膄,shòu,tú
膆,膆,sù,tố
膇,膇,zhuì,truy
膈,膈,gé,cách
膉,膉,yì,ức
膊,膊,bó,bác
腶,腶,duàn,đoán
腷,腷,bì,phức
腺,腺,xiàn,tuyến
腻,腻,nì,nhị
腽,腽,wà,uất
腾,腾,téng,đằng
膀,膀,bǎng,bàng
膁,膁,qiǎn,còm
臕,臕,biāo,phiêu
臖,臖,xìng,khánh
臙,臙,yān,yên
臚,胪,lú,lư
臛,臛,huò,hoắc
臝,臝,luǒ,lỏa
臞,臞,qú,cù
臟,脏,zàng,tạng
臆,臆,yì,ức
臇,臇,juǎn,tuyến
臈,臈,là,lạp
臋,臋,tún,đồn
臌,臌,gǔ,cổ
臍,脐,qí,tề
臐,臐,xūn,huân
臓,臓,zàng,tạng
膺,膺,yīng,ưng
膻,膻,shān,thiên
膽,胆,dǎn,đảm
臀,臀,tún,đồn
臁,臁,lián,liêm
臂,臂,bì,tý
臃,臃,yōng,ung
臄,臄,jué,cược
膨,膨,péng,bành
膪,膪,chuài,suý
膫,膫,liáo,liêu
膬,膬,cuì,sế
膲,膲,jiāo,tiêu
膳,膳,shàn,thiện
膵,膵,cuì,tụy
膷,膷,xiāng,hương
舓,舓,shì,thị
舔,舔,tiǎn,thiểm
舗,舗,pù,phố
舘,馆,guǎn,quán
舚,舚,tiàn,thiêm
舛,舛,chuǎn,suyễn
舜,舜,shùn,thuấn
舝,舝,xiá,hạt
舃,舃,xì,tích
舄,舄,xì,tích
舉,举,jǔ,cử
舊,旧,jiù,cựu
舋,舋,xìn,hấn
舌,舌,shé,thiệt
舎,舎,shè,xá
舒,舒,shū,thư
臲,臲,niè,niết
至,至,zhì,chí
臻,臻,zhēn,trăn
臽,臽,xiàn,hãm
臿,臿,chā,tráp
舀,舀,yǎo,yểu
舁,舁,yú,dư
舂,舂,chōng,thung
臠,脔,luán,luyến
臡,臡,ní,nê
臢,臜,zā,châm
臣,臣,chén,thần
臥,卧,wò,ngọa
臧,臧,zāng,tang
自,自,zì,tự
臯,臯,gāo,cao
艇,艇,tǐng,đĩnh
艉,艉,wěi,vĩ
艎,艎,huáng,hoàng
艏,艏,shǒu,thủ
艑,艑,biàn,biện
艖,艖,chā,xoa
艗,艗,yì,dật
艙,舱,cāng,thương
舷,舷,xián,huyền
舸,舸,gě,khả
船,船,chuán,thuyền
舺,舺,xiá,giáp
艀,艀,fú,phù
艁,艁,zào,tạo
艄,艄,shāo,sao
艅,艅,yú,dư
航,航,háng,hàng
舭,舭,bǐ,tỳ
舱,舱,cāng,thương
舲,舲,líng,linh
舳,舳,zhú,trục
舴,舴,zé,trách
舵,舵,duò,đà
舶,舶,bó,bạc
舞,舞,wǔ,vũ
舟,舟,zhōu,chu
舠,舠,dāo,đao
舡,舡,chuán,hang
舢,舢,shān,san
舣,舣,yǐ,nghĩ
舨,舨,bǎn,bản
舩,舩,chuán,thuyền
芄,芄,wán,hoàn
芈,芈,mǐ,mị
芊,芊,qiān,thiên
芍,芍,sháo,thược
芎,芎,xiōng / qiōng,khung
芏,芏,dù,đỗ
芑,芑,qǐ,khỉ
芒,芒,máng,mang
艳,艳,yàn,diễm
艴,艴,fú,phật
艶,艶,yàn,diễm
艷,艳,yàn,diễm
艹,艹,cao,thảo
艺,艺,yì,ớt
艻,艻,lè,lặc
芀,芀,tiáo,điêu
艫,舻,lú,lô
艬,艬,chán,sàm
艭,艭,shuāng,sang
艮,艮,gěn,cấn
良,良,liáng,lương
艰,艰,jiān,gian
艱,艰,jiān,gian
色,色,sè,sắc
艚,艚,cáo,tàu
艢,艢,qiáng,tường
艣,艣,lǔ,lỗ
艤,舣,yǐ,nghĩ
艦,舰,jiàn,hạm
艨,艨,méng,mông
艩,艩,qí,tề
艪,艪,lǔ,lỗ
芸,芸,yún,vân
芹,芹,qín,cần
芽,芽,yá,nha
芿,芿,rèng,nhăng
苄,苄,biàn,biện
苅,苅,yì,ngải
苇,苇,wěi,vĩ
苈,苈,lì,lịch
芭,芭,bā,ba
芯,芯,xīn,tâm
芰,芰,jì,kị
花,花,huā,hoa
芲,芲,huā,hoa
芳,芳,fāng,phương
芴,芴,wù,hốt
芷,芷,zhǐ,chỉ
芡,芡,qiàn,khiếm
芤,芤,kōu,khưu
芥,芥,jiè,giới
芨,芨,jī,cập
芩,芩,qín,cầm
芪,芪,qí,kì
芫,芫,yán,nguyên
芬,芬,fēn,phân
芔,芔,huì,huỷ
芗,芗,xiāng,hương
芘,芘,bǐ / pí,tỉ
芙,芙,fú,phù
芚,芚,tún,đồn
芝,芝,zhī,chi
芞,芞,qì,khất
芟,芟,shān,sam
苳,苳,dōng,rong
苴,苴,jū,tư
苶,苶,nié,niết
苷,苷,gān,đại
苹,苹,píng,bình
苺,苺,méi,môi
苻,苻,fú,phù
苽,苽,gū,cô
苤,苤,piě,phi
若,若,ruò,nhược
苦,苦,kǔ,khổ
苧,苎,níng / zhù,trữ
苭,苭,yǎo,ấu
苯,苯,běn,bản
英,英,yīng,anh
苲,苲,zhǎ,rạ
苘,苘,qǐng,khoảnh
苛,苛,kē,hà
苜,苜,mù,mục
苝,苝,bèi,bấc
苞,苞,bāo,bao
苟,苟,gǒu,cẩu
苡,苡,yǐ,dĩ
苣,苣,jù,cự
苉,苉,pǐ,thất
苌,苌,cháng,tường
苍,苍,cāng,thương
苎,苎,zhù,trữ
苐,苐,tí,đệ
苒,苒,rǎn,nhiễm
苓,苓,líng,linh
苖,苖,dí,miêu
茭,茭,jiāo,giao
茯,茯,fú,phục
茱,茱,zhū,thù
茳,茳,jiāng,giang
茴,茴,huí,hồi
茵,茵,yīn,nhân
茶,茶,chá,trà
茷,茷,fá,pha
茞,茞,chén,thần
茠,茠,hāo,hao
茢,茢,liè,liệt
茣,茣,wú,ngô
茥,茥,guī,khuê
茦,茦,cì,thuốc
茨,茨,cí,tỳ
茬,茬,chá,tra
茖,茖,gé,cách
茗,茗,míng,mính
茘,茘,lì,lệ
茙,茙,róng,ngồng
茚,茚,yìn,ấn
茛,茛,gèn,cấn
茜,茜,qiàn,thiến
茝,茝,chǎi,chỉ
茀,茀,fú,phất
茂,茂,mào,mậu
范,范,fàn,phạm
茅,茅,máo,mao
茈,茈,cí,sài
茉,茉,mò,mạt
茍,茍,jì,cấp
茓,茓,xué,huyệt
荦,荦,luò,lạc
荬,荬,mǎi,mãi
荭,荭,hóng,hồng
荳,荳,dòu,đậu
荵,荵,rěn,ẩn
荷,荷,hé,hà
荻,荻,dí,địch
荽,荽,suī,tuy
荘,荘,zhuāng,trang
荙,荙,dá,đạt
荚,荚,jiá,giáp
荜,荜,bì,tất
荝,荝,cè,trắc
荞,荞,qiáo,kiều
荠,荠,jì,tễ
荡,荡,dàng,đãng
荊,荆,jīng,kinh
荍,荍,qiáo,thẩu
荎,荎,chí,chuối
荏,荏,rěn,nhẫm
荐,荐,jiàn,tiến
荒,荒,huāng,hoang
荔,荔,lì,lệ
荖,荖,lǎo,lỗ
茻,茻,mǎng,mãng
茽,茽,zhòng,tụng
荀,荀,xún,tuân
荃,荃,quán,thuyên
荅,荅,dā,đáp
荆,荆,jīng,kinh
荈,荈,chuǎn,suyễn
草,草,cǎo,thảo
莺,莺,yīng,oanh
莼,莼,chún,thuần
莽,莽,mǎng,mãng
莾,莾,mǎng,mãng
莿,莿,cì,thích
菀,菀,wǎn,uyển
菁,菁,jīng,tinh
菂,菂,dì,đích
莨,莨,làng,lang
莩,莩,fú,phu
莯,莯,mù,móc
莱,莱,lái,lai
莳,莳,shí,thì
莴,莴,wō,oa
莶,莶,xiān,tiêm
获,获,huò,hoạch
莚,莚,yán,diên
莛,莛,tíng,đình
莝,莝,cuò,tỏa
莟,莟,hàn,hám
莢,荚,jiá,giáp
莤,莤,sù,giậu
莦,莦,shāo,sao
莧,苋,xiàn,hiện
莀,莀,chén,thần
莅,莅,lì,lị
莉,莉,lì,lị
莊,庄,zhuāng,trang
莒,莒,jǔ,cử
莔,莔,méng,manh
莖,茎,jīng,hành
莙,莙,jūn,quân
菩,菩,pú,bồ
菪,菪,dàng,đãng
菰,菰,gū,cô
菱,菱,líng,lăng
菴,庵,ān,am
菶,菶,běng,phụng
菷,菷,zhǒu,chổi
菺,菺,jiān,kiên
菛,菛,mén,môn
菜,菜,cài,thái
菝,菝,bá,bạt
菠,菠,bō,ba
菡,菡,hàn,hạm
菢,菢,bào,bão
菣,菣,qìn,khẩn
菧,菧,dǐ,để
菏,菏,hé,hà
菐,菐,pú,độc
菑,菑,zāi,tai
菓,菓,guǒ,quả
菔,菔,fú,bặc
菕,菕,lún,trun
菖,菖,chāng,xương
菘,菘,sōng,tùng
菃,菃,qú,cù
菅,菅,jiān,gian
菆,菆,zōu,tưu
菇,菇,gū,cô
菉,菉,lù,lục
菊,菊,jú,cúc
菌,菌,jūn,khuẩn
菎,菎,kūn,côn
萨,萨,sà,sát
萫,萫,xiàng,hảng
萬,万,wàn,vạn
萰,萰,liàn,luyện
萱,萱,xuān,huyên
萲,萲,xuān,huyên
萴,荝,cè,trắc
萵,莴,wō,oa
萕,萕,qí,tễ
萘,萘,nài,nại
萚,萚,tuò,thác
萜,萜,tiē,thiếp
萝,萝,luó,la
萠,萠,pān,bằng
萡,萡,bo,bạc
萧,萧,xiāo,tiêu
萆,萆,bì,tì
萇,苌,cháng,trường
萊,莱,lái,lai
萋,萋,qī,thê
萌,萌,méng,manh
萎,萎,wěi / wēi,nuy
萏,萏,dàn,đạm
萐,萐,shà,tiệp
菻,菻,lǐn,lùm
菼,菼,tǎn,thảm
菽,菽,shū,thục
菾,菾,tián,điềm
萁,萁,qí,ki
萃,萃,cuì,tụy
萄,萄,táo,đào
萅,萅,chūn,xuân
葦,苇,wěi,vi
葩,葩,pā,ba
葫,葫,hú,hồ
葬,葬,zàng,táng
葭,葭,jiā,gia
葱,葱,cōng,thông
葳,葳,wēi,uy
葴,葴,zhēn,châm
著,著,zhù / zhe,trứ
葙,葙,xiāng,tương
葚,葚,rèn,thậm
葛,葛,gé,cát
葠,葠,shēn,sâm
葡,葡,pú,bồ
董,董,dǒng,đổng
葥,葥,jiàn,tiền
葅,葅,zū,thư
葆,葆,bǎo,bảo
葇,葇,róu,nhú
葈,葈,xǐ,tỉ
葉,叶,yè,diệp
葊,葊,ān,am
葒,荭,hóng,hồng
葓,葓,hóng,hồng
萸,萸,yú,du
萹,萹,biān / biǎn,phiên
萻,萻,ān,âm
萼,萼,è,ngạc
落,落,luò,lạc
萾,萾,yíng,giềng
葁,葁,jiāng,cương
葄,葄,zuò,tộ
蒨,蒨,qiàn,thiến
蒪,蒪,pò,thuần
蒭,蒭,chú,sô
蒯,蒯,kuǎi,khoái
蒱,蒱,pú,bồ
蒲,蒲,pú,bồ
蒴,蒴,shuò,sóc
蒸,蒸,zhēng,chưng
蒗,蒗,làng,lạng
蒙,蒙,méng,mông
蒞,莅,lì,lị
蒟,蒟,jǔ,củ
蒡,蒡,bàng,bảng
蒢,蒢,chú,trừ
蒣,蒣,xú,dừa
蒦,蒦,huò,hoạch
蒄,蒄,guān,quan
蒉,蒉,kuì,quỹ
蒋,蒋,jiǎng,chương
蒌,蒌,lóu,lưu
蒎,蒎,pài,phái
蒐,搜,sōu,sưu
蒓,莼,chún,thuần
蒖,蒖,zhēn,chân
葵,葵,kuí,quỳ
葶,葶,tíng,đình
葷,荤,hūn,huân
葹,葹,shī,thi
葺,葺,qì,tập
葻,葻,lán,bông
葽,葽,yāo,yêu
蒂,蒂,dì,đế
蓪,蓪,tōng,thông
蓬,蓬,péng,bồng
蓯,苁,cōng,thung
蓰,蓰,xǐ,tỉ
蓱,蓱,píng,bình
蓴,莼,chún,thuần
蓷,蓷,tuī,thôi
蓸,蓸,cáo,tào
蓔,蓔,yǎo,yểu
蓖,蓖,bì,bế
蓝,蓝,lán,lam
蓟,蓟,jì,kế
蓡,蓡,shēn,sâm
蓢,蓢,lǎng,lãng
蓦,蓦,mò,mạch
蓧,蓧,diào,điệu
蓃,蓃,sōu,sấu
蓄,蓄,xù,súc
蓆,席,xí,tịch
蓇,蓇,gū / gǔ,cốt
蓋,盖,gài,cái
蓍,蓍,shī,thi
蓏,蓏,luǒ,lỏa
蓒,蓒,xuān,khiên
蒹,蒹,jiān,kiêm
蒺,蒺,jí,tật
蒻,蒻,ruò,nhược
蒽,蒽,ēn,ân
蒿,蒿,hāo,hao
蓀,荪,sūn,tôn
蓁,蓁,zhēn,trăn
蓂,蓂,míng,minh
蔫,蔫,niān,yên
蔬,蔬,shū,sơ
蔭,荫,yīn,ấm
蔯,𫈟,chén,trần
蔲,蔲,kòu,khấu
蔳,蔳,qiàn,thiện
蔴,蔴,má,ma
蔷,蔷,qiáng,tường
蔘,参,shēn,sam
蔙,蔙,xuàn,triện
蔛,蔛,hú,hộc
蔞,蒌,lóu,lâu
蔟,蔟,cù,thốc
蔠,蔠,zhōng,chông
蔥,葱,cōng,thông
蔦,茑,niǎo,điểu
蔇,蔇,jì,ký
蔉,蔉,gǔn,cổn
蔋,蔋,dí,địch
蔌,蔌,sù,tốc
蔎,蔎,shè,thiết
蔑,蔑,miè,miệt
蔕,蔕,dì,đế
蔗,蔗,zhè,giá
蓺,蓺,yì,nghệ
蓻,蓻,zí / jí,giấp
蓼,蓼,liǎo,liệu
蓽,荜,bì,tất
蓿,蓿,xu,túc
蔀,蔀,bù,bộ
蔂,蔂,léi,luy
蔆,蔆,líng,lăng
蕤,蕤,ruí,nhuy
蕨,蕨,jué,quyết
蕪,芜,wú,vu
蕭,萧,xiāo,tiêu
蕮,蕮,xì,tích
蕲,蕲,qí,kì
蕳,蕳,jiān,gian
蕴,蕴,yùn,uẩn
蕕,莸,yóu,du
蕖,蕖,qú,cừ
蕙,蕙,huì,huệ
蕚,蕚,è,ngạc
蕝,蕝,jué,toát
蕠,蕠,rú,như
蕡,蕡,fén,phần
蕢,蒉,kuì,quỹ
蕉,蕉,jiāo,tiêu
蕊,蕊,ruǐ,nhị
蕋,蕋,ruǐ,nhị
蕍,蕍,yú,du
蕐,蕐,huá,hoa
蕑,蕑,jiān,gian
蕒,荬,mǎi,mãi
蕓,芸,yún,vân
蔸,蔸,dōu,đâu
蔻,蔻,kòu,khấu
蔼,蔼,ǎi,ái
蔾,蔾,lí,lê
蕃,蕃,bō / fān,phiền
蕄,蕄,méng,muống
蕆,蒇,chǎn,siển
蕈,蕈,xùn,khuẩn
薨,薨,hōng,hoăng
薩,萨,sà,tát
薪,薪,xīn,tân
薬,薬,yào,dược
薯,薯,shǔ,thự
薰,薰,xūn,huân
薳,䓕,wěi,vĩ
薴,苧,níng,trữ
薖,薖,kē,khoa
薘,荙,dá,đạt
薛,薛,xuē,tiết
薜,薜,bì,bệ
薟,莶,xiān,hiêm
薢,薢,xiè,giải
薤,薤,xiè,giới
薦,荐,jiàn,tiến
薆,薆,ài,ái
薇,薇,wēi,vi
薉,薉,huì,uế
薊,蓟,jì,kế
薌,芗,xiāng,hương
薐,薐,léng,lăng
薓,薓,shēn,sâm
薕,薕,lián,rơm
蕸,蕸,xiá,hà
蕹,蕹,wèng,ung
蕺,蕺,jí,trấp
蕻,蕻,hóng,hống
蕾,蕾,lěi,lôi
蕿,蕿,xuān,huyên
薃,薃,hào,hạo
薅,薅,hāo,hao
藨,藨,biāo,biêu
藭,䓖,qióng,cùng
藳,藳,gǎo,cảo
藴,蕴,yùn,uẩn
藶,苈,lì,lịch
藷,藷,shǔ,thự
藹,蔼,ǎi,ái
藺,蔺,lìn,lận
藚,藚,xù,tục
藜,藜,lí,lê
藝,艺,yì,nghệ
藞,藞,lǎ,lủi
藟,藟,lěi,lũy
藤,藤,téng,đằng
藥,药,yào,dược
藦,藦,mó,ma
藂,藂,cóng,tùng
藄,藄,qí,kì
藇,藇,xù,tự
藊,藊,biǎn,biển
藍,蓝,lán,lam
藎,荩,jìn,tẫn
藓,藓,xiǎn,tiển
藘,藘,lǘ,lư
薶,薶,mái,mai
薸,薸,piáo,phiêu
薺,荠,jì,tề
薻,薻,zǎo,tảo
薽,薽,zhēn,chân
薾,薾,ěr,nhĩ
薿,薿,nǐ,nghĩ
藁,藁,gǎo,cảo
蘭,兰,lán,lan
蘯,蘯,dàng,đãng
蘴,蘴,fēng,phong
蘻,蘻,jì,hệ
蘼,蘼,mí,mi
虀,虀,jī,tê
虆,蔂,léi,luy
虉,𬟁,yì,dịch
蘘,蘘,ráng,nhương
蘚,藓,xiǎn,tiển
蘞,蔹,liǎn,liêm
蘡,蘡,yīng,anh
蘢,茏,lóng,lùng
蘤,蘤,huā,hoa
蘧,蘧,qú,cừ
蘩,蘩,fán,phiền
蘅,蘅,héng,hành
蘆,芦,lú,lô
蘋,苹,píng,tần
蘐,蘐,xuān,huyên
蘑,蘑,mó,ma
蘓,蘓,sū,tô
蘖,蘖,niè,nghiệt
蘗,蘗,bò,bách
藻,藻,zǎo,tảo
藼,藼,xuān,huyên
藾,藾,lài,lại
藿,藿,huò,hoắc
蘀,萚,tuò,thác
蘁,蘁,wù,ngộ
蘂,蘂,ruǐ,nhị
蘄,蕲,qí,kì
虸,虸,zǐ,tửa
虹,虹,hóng,hồng
虺,虺,huǐ,hủy
虻,虻,méng,manh
虼,虼,gè,khất
虾,虾,xiā,hà
蚀,蚀,shí,thực
蚁,蚁,yǐ,nghĩ
虩,虩,xì,khích
虫,虫,chóng,trùng
虮,虮,jǐ,kỉ
虰,虰,dīng,đinh
虱,虱,shī,sắt
虵,虵,shé,xà
虶,虶,yū,vò
虷,虷,hán,can
虖,虖,hū,hô
虗,虗,xū,hư
虙,虙,fú,mật
虚,虚,xū,hư
虜,虏,lǔ,lỗ
虞,虞,yú,ngu
虡,虡,jù,cự
虣,虣,bào,bạo
虋,虋,mén,môn
虍,虍,hū,hô
虎,虎,hǔ,hổ
虏,虏,lǔ,lỗ
虐,虐,nüè,ngược
虒,虒,sī,ty
虓,虓,xiāo,hao
虔,虔,qián,kiền
蚱,蚱,zhà,trách
蚲,蚲,píng,bình
蚳,蚳,chí,chỉ
蚴,蚴,yòu,u
蚵,蚵,hé,hà
蚶,蚶,hān,ham
蚹,蚹,fù,phụ
蚺,蚺,rán,nhiêm
蚡,蚡,fén,phần
蚣,蚣,gōng,công
蚦,蚦,rán,nhiêm
蚨,蚨,fú,phù
蚪,蚪,dǒu,đẩu
蚫,蚫,bào,bâu
蚯,蚯,qiū,khâu
蚰,蚰,yóu,du
蚍,蚍,pí,tì
蚑,蚑,qí,kì
蚔,蚔,qí,kì
蚖,蚖,yuán,ngoan
蚘,蚘,huí,hồi
蚛,蚛,zhòng,trọng
蚝,蚝,háo,hào
蚠,蚠,fén,phần
蚂,蚂,mǎ,mã
蚄,蚄,fāng,phương
蚆,蚆,bā,ba
蚈,蚈,qiān,khiên
蚉,蚉,wén,văn
蚊,蚊,wén,văn
蚋,蚋,ruì,nhuế
蚌,蚌,bàng,bạng
蛣,蛣,qī,kiết
蛤,蛤,há,cáp
蛩,蛩,qióng,cung
蛮,蛮,mán,man
蛯,蛯,lǎo,lỗ
蛱,蛱,jiá,giáp
蛸,蛸,shāo,sao
蛻,蜕,tuì,thuế
蛗,蛗,fù,phụ
蛘,蛘,yáng,dạng
蛙,蛙,wā,oa
蛚,蛚,liè,liệt
蛜,蛜,yī,y
蛞,蛞,kuò,khoát
蛟,蛟,jiāo,giao
蛡,蛡,yì,dịch
蛋,蛋,dàn,đản
蛌,蛌,gǔ,cổ
蛎,蛎,lì,lệ
蛐,蛐,qū,khúc
蛑,蛑,móu,mâu
蛒,蛒,gé,cắc
蛔,蛔,huí,hồi
蛕,蛕,huí,hồi
蚻,蚻,zhá,trát
蚿,蚿,xián,huyền
蛁,蛁,diāo,điêu
蛄,蛄,gū,cô
蛅,蛅,zhān,chiêm
蛆,蛆,qū,thư
蛉,蛉,líng,linh
蛊,蛊,gǔ,cổ
蜣,蜣,qiāng,khương
蜥,蜥,xī,tích
蜦,蜦,lún,trun
蜨,蜨,dié,điệp
蜩,蜩,tiáo,điêu
蜫,蜫,kūn,quân
蜮,蜮,yù,vực
蜯,蜯,bàng,bạng
蜘,蜘,zhī,tri
蜙,蜙,sōng,tùng
蜛,蜛,jū,cư
蜜,蜜,mì,mật
蜝,蜝,qí,kì
蜞,蜞,qí,kì
蜡,蜡,là,trá
蜢,蜢,měng,mãnh
蜐,蜐,jié,kiếp
蜑,蜑,dàn,đản
蜒,蜒,yán,diên
蜓,蜓,tíng,đình
蜔,蜔,diàn,điền
蜕,蜕,tuì,thuế
蜖,蜖,huí,hồi
蜗,蜗,wō,oa
蛼,蛼,chē,xa
蜃,蜃,shèn,thận
蜅,蜅,fǔ,bò
蜈,蜈,wú,ngô
蜉,蜉,fú,phù
蜊,蜊,lí,lị
蜋,蜋,láng,lang
蜎,蜎,yuān,quyên
蝝,蝝,yuán,duyên
蝞,蝞,mèi,mị
蝟,猬,wèi,vị
蝠,蝠,fú,bức
蝡,蝡,rú,nhuyễn
蝣,蝣,yóu,du
蝥,蝥,máo,mâu
蝦,虾,xiā,hà
蝍,蝍,jié,tức
蝏,蝏,tíng,đình
蝐,蝐,mào,mội
蝓,蝓,yú,du
蝕,蚀,shí,thực
蝗,蝗,huáng,hoàng
蝘,蝘,yǎn,yển
蝛,蝛,wēi,uy
蜽,蜽,liǎng,lưỡng
蜾,蜾,guǒ,quả
蜿,蜿,wān,uyển
蝀,𬟽,dōng,đông
蝃,蝃,dì,đế
蝄,蝄,wǎng,võng
蝉,蝉,chán,thiền
蝌,蝌,kē,khoa
蜰,蜰,féi,phì
蜱,蜱,pí,tỳ
蜴,蜴,yì,dịch
蜶,蜶,suò,tuất
蜷,蜷,quán,quyền
蜹,蜹,ruì,nhuế
蜺,蜺,ní,nghê
蜻,蜻,qīng,tinh
螗,螗,táng,đường
螘,螘,yǐ,nghĩ
螙,螙,dù,đố
螚,螚,nài,nại
螞,蚂,mǎ,mã
螟,螟,míng,minh
螠,螠,yì,ếch
螡,螡,wén,văn
螅,螅,xī,tức
螈,螈,yuán,nguyên
螉,螉,wēng,ong
螋,螋,sōu,sưu
螌,螌,bān,ban
螎,螎,róng,dung
螒,螒,hàn,hãn
螕,螕,bī,bả
蝶,蝶,dié,điệp
蝸,蜗,wō,oa
蝻,蝻,nǎn,nam
蝼,蝼,lóu,lưu
蝽,蝽,chūn,xuân
螀,螀,jiāng,chương
螂,螂,láng,lang
螃,螃,páng,bàng
蝨,虱,shī,sắt
蝩,蝩,chóng,trùn
蝮,蝮,fù,phúc
蝯,蝯,yuán,viên
蝰,蝰,kuí,khuê
蝱,蝱,méng,manh
蝲,蝲,là,lạt
蝳,蝳,dú,nọc
蟓,蟓,xiàng,tượng
蟕,蟕,zuī,chủy
蟚,蟚,péng,bành
蟛,蟛,péng,bành
蟜,蟜,jiǎo,kiểu
蟝,蟝,qú,cù
蟟,蟟,liáo,liu
蟡,蟡,guǐ,ve
蟇,蟇,má,mạc
蟈,蝈,guō,quắc
蟊,蟊,máo,mâu
蟋,蟋,xī,tất
蟎,螨,mǎn,mãn
蟏,蟏,xiāo,tiêu
蟑,蟑,zhāng,chương
蟒,蟒,mǎng,mãng
螵,螵,piāo,phiêu
螺,螺,luó,loa
螽,螽,zhōng,chung
螾,螾,yǐn,dẫn
螿,螀,jiāng,tương
蟀,蟀,shuài,xuất
蟁,蟁,wén,văn
蟆,蟆,má,mô
螢,萤,yíng,huỳnh
螥,螥,cāng,thương
螨,螨,mǎn,mãn
螫,螫,shì,thích
螬,螬,cáo,tào
螭,螭,chī,li
螯,螯,áo,ngao
螳,螳,táng,đường
蠎,蠎,mǎng,mãng
蠏,蠏,xiè,giải
蠑,蝾,róng,vinh
蠒,蠒,jiǎn,kiển
蠔,蚝,háo,hào
蠕,蠕,rú,nhuyễn
蠗,蠗,zhuó,tạc
蠘,蠘,jié,tiệt
蟾,蟾,chán,thiềm
蟿,蟿,qì,khế
蠁,蚃,xiǎng,hưởng
蠂,蠂,shè,nhiếp
蠄,蠄,qín,cầm
蠈,蠈,zéi,sách
蠉,蠉,xuān,huyên
蠊,蠊,lián,liêm
蟰,蟰,xiāo,tiêu
蟲,虫,chóng,trùng
蟳,𫊻,xún,tằm
蟶,蛏,chēng,sanh
蟷,蟷,dāng,đương
蟹,蟹,xiè,giải
蟺,蟺,shàn,thiện
蟻,蚁,yǐ,nghĩ
蟢,蟢,xǐ,hỉ
蟥,蟥,huáng,hoàng
蟨,蟨,jué,quyết
蟪,蟪,huì,huệ
蟫,蟫,yín,đàm
蟬,蝉,chán,thiền
蟭,蟭,jiāo,tiêu
蟮,蟮,shàn,thiện
衃,衃,pēi,phôi
衄,衄,nǜ,nục
衅,衅,xìn,hấn
衆,众,zhòng,chúng
衇,衇,mài,mạch
衈,衈,èr,nhị
衉,衉,kā,khách
衋,衋,xì,hực
蠸,蠸,quán,quyền
蠹,蠹,dù,đố
蠺,蠺,cán,tàm
蠼,蠼,qú,quặc
蠽,蠽,jié,tiệt
血,血,xuè,huyết
衁,衁,huāng,hoang
衂,衂,nǜ,nục
蠬,蠬,lóng,rồng
蠭,蠭,fēng,phong
蠮,蠮,yē,ế
蠰,蠰,náng,dạng
蠱,蛊,gǔ,cổ
蠲,蠲,juān,quyên
蠵,蠵,xī,huề
蠷,蠷,qú,cù
蠙,蠙,pín,tân
蠚,蠚,hē,nhược
蠜,蠜,fán,phàn
蠢,蠢,chǔn,xuẩn
蠣,蛎,lì,lệ
蠧,蠧,dù,đố
蠨,蟏,xiāo,tiêu
蠩,蠩,zhū,chư
衺,衺,xié,tà
衽,衽,rèn,nhẫm
衾,衾,qīn,khâm
衿,衿,jīn,câm
袁,袁,yuán,viên
袄,袄,ǎo,áo
袆,袆,huī,huy
袌,袌,bào,bão
补,补,bǔ,bảo
表,表,biǎo,biểu
衩,衩,chǎ,xái
衬,衬,chèn,sấn
衭,衭,fū,phu
衮,衮,gǔn,cổn
衵,衵,yì,nật
衹,衹,zhǐ,chỉ
衙,衙,yá,nha
衚,胡,hú,hồ
衛,卫,wèi,vệ
衝,冲,chōng,xung
衞,衞,wèi,vệ
衟,衟,dào,đạo
衢,衢,qú,cù
衤,衤,yī,y
衎,衎,kàn,khản
衒,衒,xuàn,huyễn
術,术,shù,thuật
衔,衔,xián,hàm
衕,同,tòng,đồng
衖,衖,xiàng,hạng
街,街,jiē,nhai
衘,衘,xián,hàm
裆,裆,dāng,đang
裇,裇,xū,tuất
裈,裈,kūn,quân
裉,裉,kèn,khẳng
裋,裋,shù,thụ
裌,裌,jiá,giáp
裍,裍,kǔn,khổn
裎,裎,chéng,trình
袴,袴,kù,khố
袵,袵,rèn,nhẫm
袺,袺,jié,kết
袼,袼,gē,các
袽,袽,rú,như
袿,袿,guī,khuê
裀,裀,yīn,nhân
裂,裂,liè,liệt
袟,袟,zhì,dật
袢,袢,pàn,phán
袤,袤,mào,mậu
袩,袩,zhé,xiêm
袪,袪,qū,khư
袭,袭,xí,tập
袱,袱,fú,phục
袲,袲,chǐ,di
袍,袍,páo,bào
袎,袎,yào,áo
袑,袑,shào,chéo
袒,袒,tǎn,đản
袖,袖,xiù,tụ
袙,袙,pà,mặc
袚,袚,bō,phất
袜,袜,wà,mạt
褒,褒,bāo,bao
褔,褔,fù,phó
褕,褕,yú,du
褘,袆,huī,huy
褙,褙,bèi,bối
褚,褚,chǔ,trử
褝,褝,dān,đan
褞,褞,yǔn,ôn
製,制,zhì,chế
褂,褂,guà,quái
褃,褃,kèn,khẳng
褄,褄,qī,thê
褆,褆,tí,đề
褊,褊,biǎn,biển
褌,裈,kūn,côn
褏,褏,xiù,tụ
裩,裩,kūn,côn
裯,裯,chóu,chù
裲,裲,liǎng,lưỡng
裳,裳,shang,thường
裴,裴,péi,bùi
裵,裵,péi,bồi
裶,裶,fēi,phi
裹,裹,guǒ,khoả
裔,裔,yì,duệ
裘,裘,qiú,cừu
裙,裙,qún,quần
裛,裛,yì,ấp
補,补,bǔ,bổ
裝,装,zhuāng,trang
裟,裟,shā,sa
裠,裠,qún,quần
襊,襊,cuì,túi
襋,襋,jí,cức
襍,襍,zá,tập
襏,袯,bó,bát
襖,袄,ǎo,áo
襘,襘,guì,cổi
襚,襚,suì,tùy
襛,襛,nóng,nùng
褸,褛,lǚ,lũ
褺,褺,diē,điệp
褻,亵,xiè,tiết
褽,褽,wèi,uý
褾,褾,biǎo,biểu
襁,襁,qiǎng,cưỡng
襄,襄,xiāng,tương
襉,裥,jiǎn,gián
褭,褭,niǎo,niểu
褯,褯,jiè,tạ
褰,褰,qiān,khiên
褱,褱,huái,hoài
褲,裤,kù,khố
褳,裢,lián,liên
褴,褴,lán,lam
褵,褵,lí,li
褟,褟,tā,tháp
褡,褡,dā,đáp
褢,褢,huái,hoài
褥,褥,rù,nhục
褦,褦,nài,nại
褧,褧,jiǒng,quýnh
褪,褪,tuì,thốn
褫,褫,chǐ,sỉ
覇,覇,bà,bá
覈,核,hé,hạch
覌,覌,guān,quan
覎,觃,yàn,yếm
覓,觅,mì,mịch
覔,覔,mì,mịch
視,视,shì,thị
覗,覗,sì,tư
襵,襵,zhě,nếp
襶,襶,dài,đái
襻,襻,pàn,phán
襼,襼,yì,nghệ
襾,襾,yà,á
覀,覀,xī,á
覂,覂,fěng,phủng
覅,覅,fiào,phiếu
襥,襥,fú,bộc
襦,襦,rú,nhu
襫,襫,shì,thích
襭,襭,xié,hiệt
襮,襮,bó,bộc
襯,衬,chèn,sấn
襲,袭,xí,tập
襴,襕,lán,lan
襜,襜,chān,xiêm
襝,裣,liǎn,liễm
襞,襞,bì,bích
襟,襟,jīn,khâm
襠,裆,dāng,đang
襡,襡,shǔ,thục
襢,襢,tǎn,đản
襤,褴,lán,lam
觃,觃,yàn,yếm
觅,觅,mì,mịch
视,视,shì,thị
览,览,lǎn,lãm
觌,觌,dí,địch
觐,觐,jìn,cấn
觔,觔,jīn,cân
觕,觕,cū,thô
覷,觑,qù,thứ
覸,覸,jiān,gián
覻,覻,qū,thứ
覼,覼,luó,la
覽,览,lǎn,lãm
覿,觌,dí,địch
见,见,jiàn,kiến
观,观,guān,quan
覩,覩,dǔ,đổ
覬,觊,jì,kí
覯,觏,gòu,cấu
覰,覰,qū,thứ
覲,觐,jìn,cận
観,観,guān,quan
覵,覵,jiàn,gián
覶,覶,luó,la
覙,覙,luó,chẩn
覚,覚,jué,giác
覜,覜,tiào,thiếu
覡,觋,xí,hích
覤,覤,xì,khích
覥,觍,tiǎn,điễn
覦,觎,yú,du
覧,覧,lǎn,lãm
訇,訇,hōng,hoanh
訊,讯,xùn,tấn
訋,訋,diào,hồng
訌,讧,hòng,hồng
討,讨,tǎo,thảo
訒,讱,rèn,nhẫn
訓,训,xùn,huấn
託,托,tuō,thác
觺,觺,yí,nghi
觼,觼,jué,quyết
觽,觽,xī,huề
觾,觾,yàn,yến
觿,觿,xī,huề
訂,订,dìng,đính
訃,讣,fù,phó
訄,訄,qiú,cầu
觫,觫,sù,tốc
觭,觭,jī,cơ
觯,觯,zhì,chí
觱,觱,bì,tất
觵,觵,gōng,quang
觶,觯,zhì,chí
觷,觷,xué,hạc
觸,触,chù,xúc
觖,觖,jué,quyết
觚,觚,gū,cô
觝,觝,dǐ,để
觟,觟,huà,khoé
觡,觡,gé,gạc
觥,觥,gōng,quang
觧,觧,jiě,giải
觩,觩,qiú,cầu
詎,讵,jù,cự
詏,詏,yào,ao
詐,诈,zhà,trá
詑,詑,yí,tha
詒,诒,yí,di
詔,诏,zhào,chiếu
評,评,píng,bình
詖,诐,bì,bí
註,注,zhù,chú
証,证,zhèng,chứng
詀,𧮪,zhān,chiêm
詅,詅,líng,linh
詆,诋,dǐ,để
詈,詈,lì,lị
詉,詉,náo,nao
詊,詊,pàn,phán
訧,訧,yóu,vưu
訩,讻,xiōng,hung
訬,訬,chāo,sao
訳,訳,yì,dịch
訴,诉,sù,tố
訶,诃,hē,ha
訹,訹,xù,tuất
診,诊,zhěn,chẩn
記,记,jì,kí
訚,訚,yín,ngân
訛,讹,é,ngoa
訝,讶,yà,nhạ
訟,讼,sòng,tụng
訠,訠,shěn,chẩn
訣,诀,jué,quyết
訦,訦,chén,thầm
詻,詻,è,ách
詼,诙,huī,khôi
詾,詾,xiōng,hung
詿,诖,guà,quái
誂,誂,tiǎo,điểu
誃,誃,yí,xỉ
誄,诔,lěi,lụy
誅,诛,zhū,tru
詮,诠,quán,thuyên
詰,诘,jié,cật
話,话,huà,thoại
該,该,gāi,cai
詳,详,xiáng,tường
詵,诜,shēn,sân
詶,詶,zhòu,thù
詸,詸,mí,mê
詣,诣,yì,nghệ
試,试,shì,thí
詧,詧,chá,sát
詨,詨,xiào,giáo
詩,诗,shī,thi
詫,诧,chà,sá
詬,诟,gòu,cấu
詭,诡,guǐ,quỷ
詗,诇,xiòng,huýnh
詘,诎,qū,truất
詛,诅,zǔ,trớ
詝,𬣞,zhǔ,trữ
詞,词,cí,từ
詠,咏,yǒng,vịnh
詡,诩,xǔ,hủ
詢,询,xún,tuân
誶,谇,suì,tối
誹,诽,fěi,phỉ
誼,谊,yì,nghị
誾,訚,yín,ngân
諂,谄,chǎn,siểm
諄,谆,zhūn,truân
諆,諆,qī,khi
談,谈,tán,đàm
誣,诬,wū,vu
誤,误,wù,ngộ
誥,诰,gào,cáo
誦,诵,sòng,tụng
誨,诲,huì,hối
説,说,shuō,thuyết
読,読,dú,độc
誰,谁,shuí / shéi,thùy
誒,诶,éi,ai
誕,诞,dàn,đản
誖,誖,bèi,bội
誘,诱,yòu,dụ
誙,誙,kēng,khanh
誚,诮,qiào,tiếu
誠,诚,chéng,thành
誡,诫,jiè,giới
誆,诓,kuāng,cuống
誇,夸,kuā,khoa
誊,誊,téng,đằng
誋,誋,jì,kỵ
誌,志,zhì,chí
認,认,rèn,nhận
誐,誐,é,nga
誑,诳,kuáng,cuống
諴,𫍯,xián,hàm
諵,諵,nán,nam
諷,讽,fěng / fèng,phúng
諸,诸,zhū,chư
諺,谚,yàn,ngạn
諼,谖,xuān,huyên
諾,诺,nuò,nặc
謀,谋,móu,mưu
諤,谔,è,ngạc
諧,谐,xié,hài
諩,諩,pǔ,phổ
諫,谏,jiàn,gián
諬,諬,qǐ,khải
諭,谕,yù,dụ
諰,諰,xǐ,tỉ
諳,谙,ān,am
諙,諙,huà,thoại
諜,谍,dié,điệp
諝,谞,xū,tư
諞,谝,piǎn / pián,biển
諟,𬤊,shì,thị
諠,諠,xuān,huyên
諡,谥,shì,thụy
諢,诨,hùn,ngộn
諌,諌,dǒng,đổng
諍,诤,zhèng,tránh
諏,诹,zōu,tưu
諐,諐,qiān,khiên
諑,诼,zhuó,trác
諒,谅,liàng,lượng
諕,諕,háo,hào
諗,谂,shěn,thẩm
謫,谪,zhé,trích
謬,谬,miù,mậu
謭,谫,jiǎn,tiễn
謯,謯,jiē,trớ
謱,謱,lóu,lưu
謳,讴,ōu,âu
謷,謷,áo,ngao
謹,谨,jǐn,cẩn
謝,谢,xiè,tạ
謟,謟,tāo,thao
謠,谣,yáo,dao
謡,谣,yáo,dao
謦,謦,qìng,khánh
謨,谟,mó,mô
謩,謩,mó,mô
謪,謪,shāng,trích
謍,謍,yíng,doanh
謎,谜,mí,mê
謑,謑,xǐ,hệ
謔,谑,xuè,hước
謖,谡,sù,tắc
謗,谤,bàng,báng
謚,谥,shì,thuỵ
講,讲,jiǎng,giảng
謁,谒,yè,yết
謂,谓,wèi,vị
謄,誊,téng,đằng
謆,謆,shàn,phiến
謇,謇,jiǎn,kiển
謊,谎,huǎng,hoang
謋,謋,huò,hoạch
謌,謌,gē,ca
譱,譱,shàn,thiện
譲,譲,ràng,dạng
譴,谴,qiǎn,khiển
譶,譶,tà,đạp
護,护,hù,hộ
譸,诪,zhōu,trù
譹,譹,háo,gào
譼,譼,jiàn,giam
譛,譛,zèn,trấm
譞,𫍽,xuān,huyên
譡,譡,dǎng,đảng
譩,譩,yī,y
譬,譬,pì,thí
譭,毁,huǐ,huỷ
譯,译,yì,dịch
議,议,yì,nghị
譊,譊,náo,nao
譌,譌,é,ngoa
譍,譍,yīng,ưng
譎,谲,jué,quyệt
譏,讥,jī,ky
譔,譔,zhuàn,soạn
譙,谯,qiào,tiếu
譚,谭,tán,đàm
謻,謻,yí,di
謼,謼,hū,hô
謿,謿,cháo,trào
譁,哗,huá,hoa
譅,譅,sè,sáp
譆,譆,xī,hi
譈,譈,duì,đỗi
證,证,zhèng,chứng
讣,讣,fù,phụ
认,认,rèn,nhận
讧,讧,hòng,hống
讨,讨,tǎo,thổ
让,让,ràng,dạng
讬,讬,tuō,thác
讲,讲,jiǎng,giảng
讳,讳,huì,vĩ
讘,讘,niè,triếp
讙,讙,huān,hoan
讚,赞,zàn,tán
讜,谠,dǎng,đảng
讞,谳,yàn,nghiện
讟,讟,dú,độc
计,计,jì,kế
订,订,dìng,đính
讌,䜩,yàn,yên
讍,讍,è,ngạc
讎,雠,chóu,thù
讏,讏,wèi,vệ
讐,讐,chóu,thù
讒,谗,chán,sàm
讕,谰,lán,lan
讖,谶,chèn,sấm
譽,誉,yù,dự
譾,谫,jiǎn,tiễn
讁,讁,zhé,trích
讃,讃,zàn,tán
讅,谉,shěn,thẩm
讆,讆,wèi,nguỵ
讇,讇,chǎn,siểm
讋,詟,zhé,triệp
诞,诞,dàn,đản
该,该,gāi,cai
详,详,xiáng,tường
诫,诫,jiè,giới
诮,诮,qiào,tiếu
误,误,wù,ngộ
诰,诰,gào,cáo
诲,诲,huì,hối
诊,诊,zhěn,chẩn
诋,诋,dǐ,để
诎,诎,qū,uất
诏,诏,zhào,chiếu
诐,诐,bì,bí
译,译,yì,dịch
诖,诖,guà,quái
话,话,huà,thoại
设,设,shè,triệt
诀,诀,jué,quyết
证,证,zhèng,chứng
诂,诂,gǔ,cổ
诃,诃,hē,ha
评,评,píng,bình
诇,诇,xiòng,quýnh
诉,诉,sù,tố
讴,讴,ōu,âu
讵,讵,jù,cự
讶,讶,yà,nhạ
讷,讷,nè,nọi
讹,讹,é,nga
讻,讻,xiōng,hung
讼,讼,sòng,tụng
讽,讽,fěng / fèng,phúng
谜,谜,mí,mê
谠,谠,dǎng,đảng
谡,谡,sù,túc
谢,谢,xiè,tạ
谩,谩,màn,man
谬,谬,miù,mậu
谭,谭,tán,đàm
谱,谱,pǔ,phổ
谏,谏,jiàn,gián
谐,谐,xié,hài
谒,谒,yè,ế
谔,谔,è,ngạc
谖,谖,xuān,huyên
谗,谗,chán,sàm
谙,谙,ān,am
谛,谛,dì,đế
谂,谂,shěn,thẩm
谄,谄,chǎn,siểm
谅,谅,liàng,lượng
谈,谈,tán,đàm
谉,谉,shěn,thẩm
谋,谋,móu,mâu
谌,谌,chén,thầm
谍,谍,dié,điệp
说,说,shuō,thuyết
诵,诵,sòng,tụng
诶,诶,éi,ai
诺,诺,nuò,nặc
读,读,dú,độc
诽,诽,fěi,phỉ
课,课,kè,khoá
谁,谁,shéi,thùy
豝,豝,bā,ba
豞,豞,hòu,khấu
象,象,xiàng,tượng
豢,豢,huàn,hoạn
豣,豣,jiān,kiên
豦,豦,jù,cứ
豨,豨,xī,hi
豪,豪,háo,hào
豑,豑,zhì,trật
豒,豒,zhì,trật
豓,豓,yàn,diễm
豔,艳,yàn,diễm
豕,豕,shǐ,thỉ
豖,豖,chù,súc
豗,豗,huī,hôi
豜,豜,jiān,kiên
豇,豇,jiāng,giang
豊,豊,lǐ,phong
豋,豋,dēng,đăng
豌,豌,wān,oản
豍,豍,bī,bả
豎,竖,shù,thụ
豏,豏,xiàn,hãm
豐,丰,fēng,phong
谲,谲,jué,quyết
谶,谶,chèn,sấm
谺,谺,xiā,hà
谽,谽,hān,hàm
谿,谿,xī,khê
豀,豀,xī,hề
豁,豁,huō,khoát
豆,豆,dòu,đậu
財,财,cái,tài
貢,贡,gòng,cống
貧,贫,pín,bần
貪,贪,tān,tham
貭,貭,zhì,chất
貯,贮,zhù,trữ
貲,赀,zī,ti
貳,贰,èr,nhị
貔,貔,pí,tì
貘,貘,mò,mạc
貙,䝙,chū,sơ
貛,貛,huān,hoan
貜,貜,jué,cước
貞,贞,zhēn,trinh
貟,贠,yuán,viên
負,负,fù,phụ
豷,豷,yì,ế
豺,豺,chái,sài
豻,豻,àn,ngan
貂,貂,diāo,điêu
貃,貃,mò,mạch
貆,貆,huán,hoan
貊,貊,mò,mạch
貎,貎,ní,nghê
豬,猪,zhū,trư
豭,豭,jiā,gia
豮,豮,fén,phần
豱,豱,wēn,ôn
豳,豳,bīn,bân
豴,豴,dí,đích
豵,豵,zōng,tông
豶,豮,fén,phần
賛,賛,zàn,tán
賜,赐,cì,tứ
賝,賝,chēn,sâm
賞,赏,shǎng,thưởng
賟,賟,tiǎn,thưởng
賠,赔,péi,bồi
賡,赓,gēng,canh
賢,贤,xián,hiền
賍,賍,zāng,tang
賎,賎,jiàn,tiến
賏,賏,yīng,anh
賑,赈,zhèn,chẩn
賒,赊,shē,xa
賕,赇,qiú,cầu
賙,赒,zhōu,chu
賚,赉,lài,lãi
賂,赂,lù,lộ
賃,赁,lìn,nhẫm
賄,贿,huì,hối
賅,赅,gāi,cai
資,资,zī,tư
賉,賉,xù,tuất
賊,贼,zéi,tặc
賌,賌,gāi,cai
貴,贵,guì,quý
貶,贬,biǎn,biếm
買,买,mǎi,mãi
貺,贶,kuàng,huống
貼,贴,tiē,thiếp
貽,贻,yí,di
貿,贸,mào,mậu
賀,贺,hè,hạ
贉,贉,dàn,đảm
贊,赞,zàn,tán
贋,赝,yàn,nhạn
贍,赡,shàn,thiệm
贏,赢,yíng,doanh
贐,赆,jìn,tẫn
贑,贑,gàn,cống
贒,贒,xián,hiền
購,购,gòu,cấu
賾,赜,zé,trách
贁,贁,bài,bại
贃,贃,wàn,thán
贄,贽,zhì,chí
贅,赘,zhuì,chuế
贇,赟,yūn,uân
贈,赠,zèng,tặng
賭,赌,dǔ,đổ
賮,賮,jìn,tẫn
賰,䞐,chǔn,duẩn
賴,赖,lài,lại
賵,赗,fèng,phúng
賷,賷,jī,tê
賺,赚,zhuàn,trám
賻,赙,fù,phụ
賣,卖,mài,mại
賤,贱,jiàn,tiện
賥,賥,suì,đút
賦,赋,fù,phú
賧,赕,tàn,đàm
賨,賨,cóng,tung
賫,赍,jī,tê
賬,账,zhàng,trướng
贷,贷,dài,thái
贸,贸,mào,mậu
贺,贺,hè,hạ
贼,贼,zéi,tặc
贽,贽,zhì,chí
贾,贾,jiǎ,giả
贿,贿,huì,vị
赁,赁,lìn,nhẫm
贬,贬,biǎn,biển
贮,贮,zhù,trữ
贯,贯,guàn,quán
贱,贱,jiàn,tiến
贲,贲,bēn,bí
贳,贳,shì,thế
贴,贴,tiē,thiếp
贶,贶,kuàng,huống
责,责,zé,trách
败,败,bài,bại
账,账,zhàng,trướng
货,货,huò,khoá
质,质,zhì,chất
贩,贩,fàn,phiến
贪,贪,tān,tham
贫,贫,pín,tần
贓,赃,zāng,tang
贔,赑,bì,bí
贕,贕,dú,độc
贗,赝,yàn,nhạn
贜,赃,zāng,tang
负,负,fù,phụ
贡,贡,gòng,cống
财,财,cái,tài
赳,赳,jiū,củ
赴,赴,fù,phó
赶,赶,gǎn,cản
起,起,qǐ,khởi
赸,赸,shàn,sán
趁,趁,chèn,sấn
趂,趂,chèn,sấn
趄,趄,jū,thư
赡,赡,shàn,thiện
赦,赦,shè,xá
赩,赩,xì,hách
赫,赫,hè,hách
赭,赭,zhě,giả
赯,赯,táng,đường
走,走,zǒu,tẩu
赱,赱,zǒu,tẩu
赕,赕,dǎn,đạm
赖,赖,lài,lại
赗,赗,fèng,phúng
赙,赙,fù,phụ
赜,赜,zé,trách
赝,赝,yàn,nhạn
赞,赞,zàn,tán
赠,赠,zèng,tắng
赅,赅,gāi,cai
赇,赇,qiú,cầu
赊,赊,shē,xa
赌,赌,dǔ,đảo
赎,赎,shú,thục
赏,赏,shǎng,tưởng
赓,赓,gēng,canh
赔,赔,péi,bồi
跁,跁,bà,bả
跂,跂,qí,kì
跅,跅,tuò,thác
跆,跆,tái,đài
跋,跋,bá,bạt
跍,跍,kū,phu
跎,跎,tuó,đà
跏,跏,jiā,già
趲,趱,zǎn,toản
足,足,zú,túc
趴,趴,pā,bát
趵,趵,bào,bác
趸,趸,dǔn,độn
趺,趺,fū,phu
趼,趼,jiǎn,nghiễn
趿,趿,tā,kịp
趙,赵,zhào,triệu
趝,趝,jiàn,kiếm
趠,趠,chuò,rượt
趡,趡,cuǐ,thuỷ
趦,趦,zī,tư
趫,趫,qiáo,kiều
趮,趮,zào,táo
趯,趯,tì,địch
超,超,chāo,siêu
趋,趋,qū,xu
趍,趍,chí,xu
趐,趐,xuè,huyết
趑,趑,zī,tư
趒,趒,tiáo,điêu
趔,趔,liè,liệt
趕,赶,gǎn,cản
跶,跶,da,thát
跸,跸,bì,tất
跹,跹,xiān,tiên
跺,跺,duò,đoá
跼,跼,jú,cục
跽,跽,jì,kị
踁,踁,jìng,hĩnh
踅,踅,xué,thệ
跩,跩,zhuǎi,dậy
跫,跫,qióng,cung
跮,跮,chì,chọi
路,路,lù,lộ
跱,跱,zhì,trĩ
跲,跲,jiá,cấp
跴,跴,cǎi,thải
践,践,jiàn,kiến
跡,迹,jī,tích
跢,跢,duò,đá
跣,跣,xiǎn,tiển
跤,跤,jiāo,giao
跥,跥,duò,đoạ
跦,跦,zhū,trù
跧,跧,quán,thuyên
跨,跨,kuà,khóa
跐,跐,cī,thử
跑,跑,pǎo,bào
跕,跕,diǎn,chồm
跖,跖,zhí,chích
跗,跗,fū,phụ
跚,跚,shān,san
跛,跛,bǒ,bả
跞,跞,lì,lịch
踳,踳,chuǎn,xuẩn
踴,踊,yǒng,dũng
踵,踵,zhǒng,chủng
踸,踸,chěn,chậm
踺,踺,jiàn,kiện
踼,踼,táng,thảng
踽,踽,jǔ,củ
蹀,蹀,dié,điệp
踥,踥,qiè,thiếp
踦,踦,yǐ,kỷ
踩,踩,cǎi,thải
踫,踫,pèng,bính
踬,踬,zhì,chí
踮,踮,diǎn,điểm
踰,逾,yú,du
踱,踱,duó,đạc
踒,踒,wō,oa
踔,踔,chuō,xợt
踞,踞,jù,cứ
踟,踟,chí,trì
踠,踠,wǎn,oản
踡,踡,quán,quyền
踢,踢,tī,thích
踤,踤,zú,nhót
踆,踆,cūn,thuân
踈,踈,shū,sơ
踉,踉,liàng,lương
踊,踊,yǒng,dũng
踋,踋,jiǎo,cước
踎,踎,móu,mâu
踏,踏,tà,đạp
踐,践,jiàn,tiễn
蹬,蹬,dēng / dèng,đặng
蹭,蹭,cèng,thặng
蹮,蹮,xiān,tiên
蹯,蹯,fán,phiền
蹴,蹴,cù,xúc
蹵,蹵,cù,xúc
蹷,蹷,jué,quyết
蹹,蹹,tá,đạp
蹞,蹞,kuǐ,khuế
蹟,迹,jī,tích
蹠,跖,zhí,chích
蹡,蹡,qiāng,thương
蹦,蹦,bèng,bính
蹧,蹧,zāo,tao
蹩,蹩,bié,biệt
蹪,蹪,tuí,đồi
蹐,蹐,jí,tích
蹒,蹒,pán,bàn
蹓,蹓,liū,lựu
蹔,蹔,zàn,tạm
蹕,跸,bì,tất
蹘,蹘,liáo,lau
蹚,蹚,tāng,thang
蹝,蹝,xǐ,sỉ
蹁,蹁,pián,biên
蹅,蹅,chǎ,tra
蹆,蹆,tuǐ,thủi
蹊,蹊,qī,hề
蹋,蹋,tà,đạp
蹌,跄,qiāng,thương
蹎,蹎,diān,chân
蹏,蹏,tí,đề
躥,蹿,cuān,thoan
躦,躜,cuó,toàn
躧,躧,xǐ,sỉ
躪,躏,lìn,lận
躬,躬,gōng,cung
躭,躭,dān,đam
躰,躰,tǐ,thể
躱,躱,duǒ,đóa
躘,躘,lóng,ruông
躚,跹,xiān,tiên
躜,躜,zuān,chuyên
躝,躝,lán,lạn
躞,躞,xiè,tiệp
躠,躠,sǎ,tiết
躡,蹑,niè,niếp
躣,躣,qú,cù
躍,跃,yuè,dược
躎,䟢,niǎn,giẫy
躑,踯,zhí,trịch
躒,跞,lì,lịch
躓,踬,zhì,chí
躔,躔,chán,triền
躕,蹰,chú,trù
躗,躗,wèi,vệ
蹽,蹽,liāo,trèo
蹾,蹾,dūn,đôn
躀,躀,guàn,quán
躂,跶,dá,đáp
躃,躃,bì,tích
躄,躄,bì,tích
躉,趸,dǔn,độn
躊,踌,chóu,trù
軨,軨,líng,linh
軫,轸,zhěn,chẩn
軱,軱,gū,cô
軲,轱,gū,cô
軶,軶,è,ách
軷,軷,bá,bạt
軸,轴,zhóu,trục
軹,轵,zhǐ,chỉ
軜,軜,nà,nạp
軝,𬨂,qí,kì
軟,软,ruǎn,nhuyễn
軠,軠,kuáng,khuông
軡,軡,qián,linh
転,転,zhuǎn,chuyển
軤,轷,hū,phu
軥,軥,qú,cù
車,车,chē,xa
軍,军,jūn,quân
軒,轩,xuān,hiên
軔,轫,rèn,nhận
軖,軖,kuáng,khuông
軘,軘,tún,đồn
軙,軙,chén,trần
軛,轭,è,ách
躲,躲,duǒ,đoá
躳,躳,gōng,cung
躴,躴,láng,lang
躶,躶,luǒ,loã
躷,躷,ǎi,ải
軃,軃,duǒ,đả
軆,軆,tǐ,thể
軈,軈,yīng,ưng
輣,輣,péng,bành
輤,輤,qiàn,thiến
輥,辊,gǔn,cổn
輦,辇,niǎn,liễn
輧,輧,píng,bình
輩,辈,bèi,bối
輪,轮,lún,luân
輫,輫,pái,bài
輘,輘,léng,lăng
輙,輙,zhé,triếp
輛,辆,liàng,lượng
輜,辎,zī,truy
輝,辉,huī,huy
輞,辋,wǎng,võng
輠,輠,guǒ,quả
輡,輡,kǎn,khảm
輈,辀,zhōu,chu
輊,轾,zhì,chí
輋,𪨶,shē,xà
輌,輌,liàng,lượng
輒,辄,zhé,triếp
輓,挽,wǎn,vãn
輔,辅,fǔ,phụ
輗,𫐐,ní,nghê
軺,轺,yáo,diêu
軻,轲,kē,kha
軽,軽,zhì,chí
軾,轼,shì,thức
軿,軿,píng,bánh
輀,輀,ér,nhi
輂,輂,jú,cúc
輇,辁,quán,thuyên
轑,轑,lǎo,lảo
轒,轒,fén,phần
轔,辚,lín,lân
轕,轕,gé,cát
轖,轖,sè,sắc
轗,轗,kǎn,khảm
轘,轘,huán,hoàn
轙,轙,yǐ,nghĩ
轆,辘,lù,lộc
轇,轇,jiāo,giao
轈,轈,cháo,sào
轊,轊,wèi,duệ
轌,轌,xuě,thuyết
轍,辙,zhé,triệt
轎,轿,jiào,kiệu
轏,轏,zhàn,sạn
輹,輹,fù,phúc
輺,輺,zī,truy
輼,辒,wēn,uân
輿,舆,yú,dư
轀,辒,wēn,uân
轂,毂,gǔ,cốc
轄,辖,xiá,hạt
轅,辕,yuán,viên
輬,辌,liáng,lương
輭,輭,ruǎn,nhuyễn
輮,𫐓,róu,nhụ
輯,辑,jí,tập
輳,辏,còu,thấu
輴,輴,chūn,xuân
輵,輵,gé,cát
輶,𬨎,yóu,du
辉,辉,huī,huy
辊,辊,gǔn,cổn
辌,辌,liáng,lương
辔,辔,pèi,bí
辘,辘,lù,lộc
辙,辙,zhé,triệt
辚,辚,lín,lân
辛,辛,xīn,tân
轸,轸,zhěn,chẩn
轹,轹,lì,lịch
载,载,zài,tái
轾,轾,zhì,chí
轿,轿,jiào,khiêu
辅,辅,fǔ,phụ
辆,辆,liàng,lượng
辇,辇,niǎn,liễn
轩,轩,xuān,khiên
轭,轭,è,ách
轮,轮,lún,lân
轱,轱,gū,cô
轲,轲,kē,a
轵,轵,zhǐ,chỉ
轶,轶,yì,dật
轷,轷,hū,phu
轜,轜,ér,nhi
轝,轝,yù,dư
轞,轞,jiàn,hạm
轡,辔,pèi,bí
轢,轹,lì,lịch
轣,轣,lì,quyết
轤,轳,lú,lô
车,车,chē,xa
辿,辿,chān,triền
迁,迁,qiān,thiên
迂,迂,yū,vu
迄,迄,qì,hất
迅,迅,xùn,tấn
迆,迆,yí,di
过,过,guò,quá
迈,迈,mài,mại
辵,辵,chuò,sước
辶,辶,chuò,sước
辷,辷,yī,nhất
边,边,biān,biên
辺,辺,biān,biên
辻,辻,shí,thập
辽,辽,liáo,liêu
达,达,dá,đạt
辧,辧,biàn,biện
辩,辩,biàn,biện
辫,辫,biàn,biên
辭,辞,cí,từ
辮,辫,biàn,biện
辯,辩,biàn,biện
農,农,nóng,nông
辳,辳,nóng,nông
辜,辜,gū,cô
辞,辞,cí,từ
辠,辠,zuì,tội
辡,辡,biàn,biện
辢,辢,là,lạt
辣,辣,là,lượt
辤,辤,cí,từ
辥,辥,xuē,tiết
迴,回,huí,hồi
迶,迶,yòu,hữu
迷,迷,mí,mê
迸,迸,bèng,bính
迹,迹,jì,tích
迺,迺,nǎi,nãi
迾,迾,liè,lướt
迿,迿,xùn,tuân
迨,迨,dài,đãi
迩,迩,ěr,nhĩ
迪,迪,dí,địch
迫,迫,pò,bách
迬,迬,zhù,chú
迮,迮,zé,trách
述,述,shù,thuật
迳,迳,jìng,kính
进,进,jìn,tuấn
远,远,yuǎn,viễn
迠,迠,chè,kiến
迡,迡,nì,chầy
迣,迣,zhì,sế
迤,迤,yí,dĩ
迥,迥,jiǒng,huýnh
迧,迧,chén,trần
迋,迋,wàng,vượng
迏,迏,dá,đế
迒,迒,háng,hàng
迓,迓,yà,nhạ
返,返,fǎn,phản
迕,迕,wǔ,ngỗ
还,还,hái,hoàn
这,这,zhè,giá
連,连,lián,liên
逥,逥,huí,hồi
逩,逩,bèn,bôn
逬,逬,bèng,bính
逯,逯,lù,lộc
週,周,zhōu,chu
進,进,jìn,tiến
逵,逵,kuí,quỳ
逗,逗,dòu,đậu
通,通,tōng,thông
逛,逛,guàng,cuống
逝,逝,shì,thệ
逞,逞,chěng,sính
速,速,sù,tốc
逡,逡,qūn,thuân
逢,逢,féng,phùng
逍,逍,xiāo,tiêu
逎,逎,qiú,tùa
透,透,tòu,thấu
逐,逐,zhú,trục
逑,逑,qiú,cầu
途,途,tú,đồ
逕,迳,jìng,kính
逖,逖,tì,địch
送,送,sòng,tống
适,适,shì / kuò,quát
逃,逃,táo,đào
逄,逄,páng,bàng
逅,逅,hòu,cấu
逈,逈,jiǒng,huýnh
逋,逋,bū,bô
逌,逌,yōu,du
遙,遥,yáo,diêu
遛,遛,liù,lưu
遜,逊,xùn,tốn
遝,遝,tà,đạp
遡,溯,sù,tố
遢,遢,ta,tháp
遨,遨,áo,ngao
遫,遫,chì,tốc
遍,遍,biàn,biến
遏,遏,è,át
遐,遐,xiá,hà
遑,遑,huáng,hoàng
遒,遒,qiú,tù
達,达,dá,đạt
違,违,wéi,vi
遘,遘,gòu,cấu
遂,遂,suì,toại
遄,遄,chuán,thuyên
遅,遅,chí,trì
遇,遇,yù,ngộ
遉,遉,zhēn,trình
遊,游,yóu,du
運,运,yùn,vận
遌,遌,è,ngạc
逶,逶,wēi,uy
逸,逸,yì,dật
逹,逹,dá,đạt
逺,逺,yuǎn,viễn
逻,逻,luó,la
逼,逼,bī,bức
逾,逾,yú,du
逿,逿,dàng,đãng
邕,邕,yōng,ung
邗,邗,hán,hàn
邘,邘,yú,vu
邛,邛,qióng,cung
邠,邠,bīn,bân
邡,邡,fāng,phương
邢,邢,xíng,hình
邧,邧,yuán,nguyên
邈,邈,miǎo,mạc
邉,邉,biān,biên
邊,边,biān,biên
邋,邋,lā,lạp
邌,邌,lí,lê
邐,逦,lǐ,lệ
邑,邑,yì,ấp
邓,邓,dèng,đặng
遽,遽,jù,cự
避,避,bì,tị
邀,邀,yāo,yêu
邁,迈,mài,mại
邂,邂,xiè,giải
邃,邃,suì,thúy
邆,邆,téng,đằng
邇,迩,ěr,nhĩ
遭,遭,zāo,tao
遮,遮,zhē,già
遰,遰,dì,đệ
遵,遵,zūn,tuân
遷,迁,qiān,thiên
遹,遹,yù,duật
遻,遻,è,ngộ
遼,辽,liáo,liêu
郕,郕,chéng,thành
郗,郗,xī,si
郙,郙,fǔ,phủ
郚,郚,wú,ngữ
郛,郛,fú,phu
郜,郜,gào,cáo
郝,郝,hǎo,hác
郞,郞,láng,lang
郇,郇,huán,tuân
郈,郈,hòu,hậu
郉,郉,xíng,hình
郊,郊,jiāo,giao
郎,郎,láng,lang
郏,郏,jiá,giáp
郑,郑,zhèng,trịnh
郔,郔,yán,diên
邵,邵,shào,thiệu
邷,邷,wǎ,ngoã
邸,邸,dǐ,để
邻,邻,lín,lân
邽,邽,guī,khuê
邿,邿,shī,thi
郁,郁,yù,úc
郃,郃,hé,cáp
邨,邨,cūn,thôn
邬,邬,wū,ô
邯,邯,hán,hàm
邰,邰,tái,thai
邱,邱,qiū,khâu
邲,邲,bì,bật
邳,邳,pī,bi
邴,邴,bǐng,bỉnh
鄄,鄄,juàn,quyến
鄅,鄅,yǔ,vũ
鄆,郓,yùn,vận
鄇,鄇,hóu,hậu
鄈,鄈,kuí,quỳ
鄉,乡,xiāng,hương
鄊,鄊,xiāng,hương
鄋,鄋,sōu,sưu
郷,郷,xiāng,hương
郸,郸,dān,đan
郹,郹,jú,kích
都,都,dōu / dū,đô
郾,郾,yǎn,yển
郿,郿,méi,mi
鄀,鄀,ruò,nhược
鄂,鄂,è,ngạc
郫,郫,pí,bì
郭,郭,guō,quách
郯,郯,tán,đàm
郰,郰,zōu,châu
郲,郲,lái,lai
郳,郳,ní,nghê
郴,郴,chēn,sâm
郵,邮,yóu,bưu
郟,郏,jiá,giáp
郠,郠,gěng,cánh
郡,郡,jùn,quận
郢,郢,yǐng,dĩnh
郤,郤,xì,khích
郦,郦,lì,lịch
部,部,bù,bộ
郪,郪,qī,thê
鄯,鄯,shàn,thiện
鄰,邻,lín,lân
鄱,鄱,pó,bà
鄲,郸,dān,đan
鄴,邺,yè,nghiệp
鄵,鄵,cào,tháo
鄶,郐,kuài,cối
鄷,鄷,fēng,phong
鄤,鄤,màn,mạn
鄦,鄦,xǔ,hứa
鄧,邓,dèng,đặng
鄩,𬩽,xún,tầm
鄫,鄫,zēng,tằng
鄬,鄬,wéi,vy
鄭,郑,zhèng,trịnh
鄮,鄮,mào,mậu
鄖,郧,yún,vân
鄗,鄗,hào,hạo
鄘,鄘,yōng,dong
鄚,鄚,mào,mạc
鄜,鄜,fū,phu
鄞,鄞,yín,ngân
鄠,鄠,hù,hộ
鄣,鄣,zhāng,chương
鄌,鄌,táng,đường
鄍,鄍,míng,minh
鄎,鄎,xī,tức
鄏,鄏,rǔ,nhục
鄐,鄐,chù,súc
鄑,鄑,zī,tấn
鄒,邹,zōu,trâu
鄔,邬,wū,ổ
酥,酥,sū,tô
酦,酦,pō,bát
酧,酧,chóu,thù
酪,酪,lào,lạc
酬,酬,chóu,thù
酮,酮,tóng,đồng
酯,酯,zhǐ,chỉ
酰,酰,xiān,tiên
酔,酔,zuì,tuý
酕,酕,máo,mao
酚,酚,fēn,phân
酞,酞,tài,thái
酡,酡,tuó,đà
酢,酢,zuò,tạc
酣,酣,hān,hàm
酤,酤,gū,cô
酊,酊,dīng,đính
酋,酋,qiú,tù
酌,酌,zhuó,chước
配,配,pèi,phối
酎,酎,zhòu,trữu
酏,酏,yǐ,di
酐,酐,gān,can
酒,酒,jiǔ,tửu
鄹,鄹,zōu,châu
鄺,邝,kuàng,quảng
鄻,鄻,liǎn,liễn
鄾,鄾,yōu,ưu
酂,酂,zàn,tán
酃,酃,líng,linh
酅,酅,xī,hy
酆,酆,fēng,phong
醓,醓,tǎn,thản
醕,醕,chún,thuần
醖,酝,yùn,uấn
醗,醗,pò,bát
醚,醚,mí,mê
醛,醛,quán,thuyên
醞,酝,yùn,uấn
醟,蒏,yòng,vinh
醇,醇,chún,thuần
醉,醉,zuì,túy
醊,醊,zhuì,chuyết
醋,醋,cù,thố
醌,醌,kūn,côn
醐,醐,hú,hồ
醑,醑,xǔ,tữ
醒,醒,xǐng,tỉnh
酽,酽,yàn,diễm
酿,酿,niàng,dạng
醁,醁,lù,lục
醂,醂,lǎn,lẫm
醃,腌,yān,yêm
醄,醄,táo,đào
醅,醅,pēi,phôi
醆,醆,zhǎn,trản
酱,酱,jiàng,trướng
酴,酴,tú,đồ
酵,酵,jiào,diếu
酶,酶,méi,môi
酷,酷,kù,khốc
酸,酸,suān,toan
酹,酹,lèi,lỗi
酺,酺,pú,bô
釁,衅,xìn,hấn
釂,釂,jiào,tiếu
釃,酾,shāi,si
釄,釄,mí,mi
釅,酽,yàn,nghiệm
釆,釆,biàn,biện
釉,釉,yòu,dứu
野,野,yě,dã
醹,醹,rú,nhu
醺,醺,xūn,huân
醻,醻,chóu,trù
醼,醼,yàn,yến
醽,醽,líng,linh
醾,醾,mí,mi
醿,醿,mí,mi
釀,酿,niàng,nhưỡng
醮,醮,jiào,tiếu
醯,醯,xī,ê
醰,醰,tán,đàm
醲,𬪩,nóng,nùng
醳,醳,yì,dịch
醴,醴,lǐ,lễ
醵,醵,jù,cự
醸,醸,niàng,dạng
醡,醡,zhà,trá
醢,醢,hǎi,hải
醣,糖,táng,đường
醤,醤,jiàng,trướng
醩,醩,zāo,tao
醫,医,yī,y
醬,酱,jiàng,tương
醭,醭,bú,phốc
鈀,钯,bǎ,ba
鈁,钫,fāng,phương
鈂,鈂,chén,đâm
鈃,钘,xíng,hình
鈄,钭,dǒu,đẩu
鈆,鈆,qiān,diên
鈇,𫓧,fū,phu
鈈,钚,bù,bất
釬,釬,hàn,hạn
釯,釯,máng,mang
釱,釱,dì,đệ
釷,钍,tǔ,thổ
釹,钕,nǚ,nục
釺,钎,qiān,thiên
釼,釼,jiàn,dật
釾,䥺,yé,nha
釙,钋,pò,bộc
釜,釜,fǔ,phủ
針,针,zhēn,châm
釢,釢,nǎi,nãi
釣,钓,diào,điếu
釤,钐,shàn,sam
釧,钏,chuàn,xuyến
釩,钒,fǎn,phàm
金,金,jīn,kim
釒,钅,jīn,kim
釓,钆,gá,ca
釔,钇,yǐ,ất
釕,钌,liǎo,rẻo
釖,釖,dāo,đao
釗,钊,zhāo,chiêu
釘,钉,dīng,đinh
鈾,铀,yóu,do
鈿,钿,tián,điền
鉀,钾,jiǎ,giáp
鉄,鉄,zhí,thiết
鉅,巨,jù,cự
鉆,钻,chān,tiêm
鉈,铊,shī,tha
鉉,铉,xuàn,huyễn
鈰,铈,shì,thị
鈴,铃,líng,linh
鈷,钴,gǔ,cổ
鈸,钹,bó,bạt
鈹,铍,pī,phi
鈺,钰,yù,ngọc
鈼,鈼,zuó,rựa
鈽,钸,bū,búa
鈚,鈚,pī,phê
鈞,钧,jūn,quân
鈣,钙,gài,cái
鈤,鈤,rì,nhật
鈥,钬,huǒ,hoả
鈦,钛,tài,thái
鈧,钪,kàng,kháng
鈬,鈬,duó,đạc
鈉,钠,nà,nột
鈊,鈊,xīn,sâm
鈌,鈌,jué,khoét
鈎,钩,gōu,câu
鈐,钤,qián,kiềm
鈑,钣,bǎn,bản
鈒,钑,sà,táp
鈙,鈙,qín,chày
鉸,铰,jiǎo,giảo
鉺,铒,èr,nhĩ
鉻,铬,gè,lạc
鉼,鉼,bǐng,bính
鉾,鉾,móu,mâu
鉿,铪,jiā,cáp
銀,银,yín,ngân
銁,銁,jūn,quân
鉬,钼,mù,mục
鉭,钽,tǎn,đán
鉱,鉱,kuàng,kháng
鉲,鉲,kǎ,ca
鉳,锫,běi,bắc
鉴,鉴,jiàn,giám
鉶,铏,xíng,hình
鉷,𫟹,hóng,hồng
鉚,铆,mǎo,mão
鉛,铅,qiān,duyên
鉞,钺,yuè,việt
鉠,鉠,yāng,ương
鉢,钵,bō,bát
鉤,钩,gōu,câu
鉥,𬬸,shù,thuật
鉧,𬭁,mǔ,mẫu
鉊,𬬿,zhāo,rìu
鉋,铇,bào,bào
鉌,鉌,hé,hoà
鉍,铋,bì,bí
鉎,鉎,shēng,sanh
鉑,铂,bó,bạc
鉕,钷,pō,phả
鉗,钳,qián,kiềm
銮,銮,luán,loan
銰,銰,āi,ngải
銱,铞,diào,điếu
銲,銲,hàn,hãn
銳,锐,ruì,nhuệ
銶,𨱇,qiú,cầu
銹,锈,xiù,tú
銻,锑,tí,đễ
銦,铟,yīn,nhân
銧,銧,guāng,quang
銨,铵,ǎn,an
銩,铥,diū,đâu
銪,铕,yǒu,hữu
銫,铯,sè,sắc
銬,铐,kào,khảo
銭,銭,qián,triền
銘,铭,míng,minh
銙,銙,kuǎ,khoá
銜,衔,xián,hàm
銞,銞,jūn,quân
銠,铑,lǎo,lão
銣,铷,rú,như
銤,銤,mǐ,mễ
銥,铱,yī,y
銃,铳,chòng,súng
銅,铜,tóng,đồng
銊,銊,xù,tuất
銍,铚,zhì,chí
銎,銎,qióng,khung
銓,铨,quán,thuyên
銕,銕,tiě,thiết
銖,铢,zhū,thù
鋬,鋬,pàn,phán
鋯,锆,gào,cạo
鋰,锂,lǐ,lý
鋱,铽,tè,thắc
鋲,鋲,bīng,beng
鋳,鋳,zhù,chú
鋺,鋺,yuǎn,uyển
鋻,鋻,jiàn,kiến
鋜,鋜,zhuó,tạc
鋝,锊,lüè,luyệt
鋡,鋡,hán,hàm
鋣,铘,yé,da
鋤,锄,chú,sừ
鋦,锔,jū,cuốc
鋨,锇,é,nga
鋩,铓,máng,mang
鋊,鋊,yù,dụ
鋋,鋋,chán,thản
鋏,铗,jiá,kiệp
鋐,𬭎,hóng,hoành
鋒,锋,fēng,phong
鋕,鋕,zhì,chí
鋗,𫓶,xuān,huyên
鋙,铻,yǔ,ngữ
銼,锉,cuò,toả
銾,銾,hòng,cống
鋁,铝,lǚ,lữ
鋂,鋂,méi,mũi
鋃,锒,láng,lang
鋆,鋆,yún,quân
鋇,钡,bèi,bối
鋈,鋈,wù,ốc
錸,铼,lái,lai
錻,錻,wu,vũ
錼,镎,nài,nại
錾,錾,zàn,tạm
鍀,锝,dé,đắc
鍁,锨,xiān,hân
鍆,钔,mén,môn
鍇,锴,kǎi,khải
錩,锠,chāng,xuổng
錬,錬,liàn,luyện
錮,锢,gù,cố
録,录,lù,lục
錳,锰,měng,mạnh
錴,錴,lù,lục
錵,錵,huā,hoa
錶,表,biǎo,biểu
錔,錔,tà,thạp
錕,锟,kūn,côn
錙,锱,zī,tri
錛,锛,bēn,bôn
錟,锬,tán,đàm
錠,锭,dìng,đĩnh
錤,𫓹,jī,cơ
錨,锚,máo,miêu
錀,𬬭,lún,lân
錄,录,lù,lục
錆,锖,qiāng,thanh
錇,锫,póu,bồi
錈,锩,juǎn,quyển
錍,錍,pī,phê
錏,铔,yā,á
錒,锕,ā,a
鍵,键,jiàn,kiện
鍶,锶,sōng,tư
鍸,鍸,hú,hồ
鍺,锗,zhě,chá
鍼,针,zhēn,châm
鍾,钟,zhōng,chung
鍿,鍿,zī,truy
鎂,镁,měi,mĩ
鍫,鍫,qiāo,thiêu
鍬,锹,qiāo,thiêu
鍭,𬭤,hóu,hầu
鍮,鍮,tōu,thau
鍰,锾,huán,hoàn
鍱,鍱,yè,diệp
鍳,鍳,jiàn,giám
鍴,鍴,duān,đoan
鍚,钖,yáng,dương
鍛,锻,duàn,đoán
鍜,鍜,xiá,hà
鍠,锽,huáng,hoàng
鍤,锸,chā,tráp
鍥,锲,qiè,khiết
鍩,锘,tiǎn,nặc
鍪,鍪,móu,mâu
鍈,锳,yīng,ương
鍉,鍉,dī,đề
鍊,炼,liàn,luyện
鍋,锅,guō,oa
鍍,镀,dù,độ
鍐,鍐,zōng,tông
鍔,锷,è,ngạc
鍘,铡,zhá,trát
鎮,镇,zhèn,trấn
鎯,鎯,láng,lang
鎲,镋,tǎng,đảng
鎳,镍,niè,niết
鎵,镓,jiā,gia
鎶,鿔,gē,cà
鎸,镌,juān,tuyên
鎹,鎹,sòng,tống
鎣,蓥,yíng,oánh
鎤,鎤,huàng,hoảng
鎦,镏,liú,lưu
鎧,铠,kǎi,khải
鎩,铩,shā,sát
鎪,锼,sōu,sưu
鎫,鎫,wàn,phạm
鎭,镇,zhèn,trấn
鎓,𬭩,wēng,ung
鎘,镉,lì,cách
鎚,锤,chuí,chùy
鎛,镈,bó,bác
鎝,𨱏,dā,táp
鎞,鎞,bī,bề
鎡,镃,zī,tư
鎢,钨,wū,ô
鎄,锿,āi,ai
鎅,鎅,jiè,giới
鎇,镅,méi,my
鎉,鎉,dá,tháp
鎋,鎋,xiá,hạt
鎍,鎍,suǒ,tác
鎏,鎏,liú,lưu
鎒,鎒,nòu,nậu
鏸,鏸,huì,huệ
鏹,镪,qiǎng,cưỡng
鏺,䥽,pō,bát
鏻,𬭸,lín,lân
鏽,锈,xiù,tú
鏾,鏾,sǎn,tản
鐀,鐀,kuì,quỹ
鐂,鐂,liú,lưu
鏠,鏠,fēng,phong
鏤,镂,lòu,lũ
鏥,鏥,xiù,tú
鏦,鏦,cōng,thung
鏨,錾,zàn,tạm
鏰,镚,bèng,băng
鏵,铧,huá,hoa
鏷,镤,pú,bộc
鏑,镝,dí,đích
鏖,鏖,áo,ao
鏘,锵,qiāng,thương
鏛,鏛,cháng,thường
鏜,镗,tāng,thang
鏝,镘,màn,man
鏞,镛,yōng,dong
鏟,铲,chǎn,sạn
鎻,鎻,suǒ,tỏa
鎿,镎,ná,nã
鏁,鏁,suǒ,tỏa
鏃,镞,zú,thốc
鏈,链,liàn,liên
鏊,鏊,ào,ngao
鏌,镆,mò,mác
鏐,镠,liú,lưu
鐿,镱,yì,ý
鑀,鑀,ài,ái
鑄,铸,zhù,chú
鑌,镔,bīn,tấn
鑐,鑐,xū,tu
鑑,鉴,jiàn,giám
鑒,鉴,jiàn,giám
鑔,镲,chǎ,sát
鐫,镌,juān,tuyên
鐱,鐱,jiàn,kẽm
鐳,镭,léi,lôi
鐵,铁,tiě,thiết
鐶,镮,huán,hoàn
鐸,铎,duó,đạc
鐽,𫟼,dá,đạt
鐾,鐾,bèi,tý
鐚,鐚,yā,nha
鐝,镢,jué,quyết
鐠,镨,pǔ,phổ
鐡,鐡,tiě,thiết
鐤,鐤,dǐng,đính
鐦,锎,kāi,khai
鐧,锏,jiān,giản
鐨,镄,fèi,phí
鐇,𫔍,fán,phiên
鐋,铴,tāng,thảng
鐍,𫔎,jué,quyết
鐎,鐎,jiāo,tiêu
鐏,𨱔,zūn,tỗn
鐒,铹,láo,lao
鐔,镡,xín,đàm
鐗,鐗,jiǎn,giản
钁,镢,jué,cuốc
钂,镋,tǎng,đảng
钃,钃,zhú,chúc
钆,钆,gá,gia
针,针,zhēn,châm
钉,钉,dīng,đinh
钍,钍,tǔ,thổ
钎,钎,qiān,thiên
鑳,鑳,jiàn,kiện
鑴,鑴,xī,huề
鑵,鑵,guàn,quán
鑷,镊,niè,nhiếp
鑹,镩,cuān,thoản
鑼,锣,luó,la
鑾,銮,luán,loan
鑿,凿,záo,tạc
鑧,鑧,kuān,khoan
鑨,鑨,lóng,xuổng
鑪,𬬻,lú,lô
鑫,鑫,xīn,hâm
鑭,镧,làn,lan
鑰,钥,yào,thược
鑱,镵,chán,sàm
鑲,镶,xiāng,tương
鑚,鑚,zuàn,thoa
鑛,鑛,kuàng,khoáng
鑞,镴,là,lạp
鑠,铄,shuò,thước
鑢,鑢,lǜ,lự
鑣,镳,biāo,tiêu
鑤,鑤,bào,bào
鑥,镥,lǔ,lỗ
钾,钾,jiǎ,giáp
钿,钿,diàn,điền
铁,铁,tiě,thiết
铂,铂,bó,bạc
铄,铄,shuò,thước
铆,铆,mǎo,mão
铇,铇,bào,bào
铈,铈,shì,thị
钱,钱,qián,triền
钳,钳,qián,kiềm
钴,钴,gǔ,cổ
钵,钵,bō,bát
钷,钷,pǒ,phả
钹,钹,bó,bạt
钻,钻,zuān,chuyên
钼,钼,mù,mục
钢,钢,gāng,giáng
钤,钤,qián,kiềm
钧,钧,jūn,quân
钨,钨,wū,ô
钩,钩,gōu,câu
钪,钪,kàng,kháng
钭,钭,dǒu,đẩu
钮,钮,niǔ,nữu
钑,钑,sà,tập
钓,钓,diào,điếu
钔,钔,mén,môn
钖,钖,yáng,dương
钚,钚,bù,tất
钛,钛,tài,thái
钜,钜,jù,cự
钞,钞,chāo,sao
铰,铰,jiǎo,giảo
铱,铱,yī,y
铲,铲,chǎn,sản
铳,铳,chòng,súng
银,银,yín,ngân
铸,铸,zhù,chú
铺,铺,pù,phố
铼,铼,lái,lai
铡,铡,zhá,tập
铣,铣,xǐ,tiển
铤,铤,tǐng,đĩnh
铥,铥,diū,điêu
铦,铦,xiān,tiêm
铧,铧,huá,hoa
铩,铩,shā,sát
铭,铭,míng,minh
铗,铗,jiá,giáp
铘,铘,yé,gia
铙,铙,náo,nao
铛,铛,dāng,đang
铜,铜,tóng,đồng
铞,铞,diào,điếu
铟,铟,yīn,nhân
铠,铠,kǎi,khải
铊,铊,tā,đà
铋,铋,bì,bí
铌,铌,ní,ni
铎,铎,duó,đạc
铐,铐,kào,khảo
铑,铑,lǎo,lỗ
铓,铓,máng,mang
铔,铔,yā,nha
锧,锧,zhì,chất
锩,锩,juǎn,quyển
锫,锫,péi,bồi
锬,锬,tán,đàm
锭,锭,dìng,đính
键,键,jiàn,kiện
锯,锯,jù,cứ
锰,锰,měng,mãnh
锜,锜,qí,kì
锝,锝,dé,đức
锞,锞,kè,quả
锟,锟,kūn,côn
锡,锡,xī,thiếc
锢,锢,gù,cố
锣,锣,luó,la
锦,锦,jǐn,cảm
锋,锋,fēng,phong
锎,锎,kāi,khai
锑,锑,tī,đề
锒,锒,láng,lang
锓,锓,qǐn,tiêm
锕,锕,ā,nha
锘,锘,nuò,nặc
锚,锚,máo,nao
链,链,liàn,luyện
销,销,xiāo,tiêu
锁,锁,suǒ,tỏa
锃,锃,zèng,rỉnh
锅,锅,guō,oa
锆,锆,gào,cáo
锇,锇,é,nga
锈,锈,xiù,tú
镢,镢,jué,quyết
镣,镣,liào,liêu
镥,镥,lǔ,lỗ
镨,镨,pǔ,phổ
镪,镪,qiāng,cưỡng
镬,镬,huò,hoạch
镮,镮,huán,hoàn
镰,镰,lián,liêm
镒,镒,yì,dật
镓,镓,jiā,gia
镗,镗,tāng,thang
镜,镜,jìng,kẻng
镝,镝,dī,đích
镟,镟,xuàn,tuyền
镠,镠,liú,lưu
镡,镡,chán,đàm
镈,镈,bó,bác
镉,镉,gé,cách
镌,镌,juān,chuyên
镍,镍,niè,niết
镎,镎,ná,nã
镏,镏,liú,lưu
镐,镐,gǎo,cảo
镑,镑,bàng,bàng
锳,锳,yīng,ương
锷,锷,è,ngạc
锻,锻,duàn,đoán
锽,锽,huáng,hoàng
锾,锾,huán,hoàn
锿,锿,āi,ai
镅,镅,méi,mi
镆,镆,mò,mạc
閛,閛,pēng,phanh
閟,閟,bì,bí
閠,閠,rùn,nhuần
閡,阂,ài,ngại
関,関,guān,quan
閣,阁,gé,các
閥,阀,fá,phiệt
閦,閦,chù,súc
閎,闳,hóng,hoành
閏,闰,rùn,nhuận
閑,闲,xián,nhàn
間,间,jiān,gian
閔,闵,mǐn,mẫn
閖,閖,shui,thuỷ
閗,閗,dòu,đấu
閙,閙,nào,náo
閃,闪,shǎn,thiểm
閆,闫,yán,diêm
閈,闬,hàn,hãn
閉,闭,bì,bế
閊,閊,shān,san
開,开,kāi,khai
閌,闶,kàng,khang
閍,閍,bēng,muôn
镱,镱,yì,ý
镲,镲,chǎ,sát
镵,镵,chán,sàm
镸,镸,cháng,trường
镻,镻,dié,điệt
长,长,zhǎng,tường
門,门,mén,môn
閂,闩,shuān,soan
闖,闯,chuǎng,sấm
闗,闗,guān,quan
闘,闘,dòu,đấu
闚,闚,kuī,khuy
闝,闝,piáo,bầu
闟,闟,xì,hấp
闠,阓,huì,hội
闤,阛,huán,hoàn
闉,𬮱,yīn,nhân
闊,阔,kuò,khoát
闋,阕,què,khuyết
闐,阗,tián,điền
闑,𫔶,niè,niết
闒,阘,tà,tháp
闔,阖,hé,hạp
闕,阙,què,khuyết
閺,閺,wén,văn
閻,阎,yán,diêm
閽,阍,hūn,hôn
閿,阌,wén,văn
闃,阒,qù,khuých
闆,板,bǎn,ván
闇,暗,àn,ám
闈,闱,wéi,vi
閨,闺,guī,khuê
閩,闽,mǐn,mân
閫,阃,kǔn,khổn
閭,闾,lǘ,lư
閱,阅,yuè,duyệt
閲,阅,yuè,duyệt
閶,阊,chāng,xương
閹,阉,yān,yêm
阏,阏,yān,yên
阓,阓,huì,vị
阔,阔,kuò,khoát
阕,阕,què,quyết
阗,阗,tián,điền
阘,阘,tà,tháp
阙,阙,quē,quyết
阚,阚,kàn,khám
闽,闽,mǐn,mẫn
闿,闿,kǎi,khải
阃,阃,kǔn,khổn
阆,阆,làng,lãng
阇,阇,dū,xạ
阈,阈,yù,vực
阉,阉,yān,yêm
阋,阋,xì,ức
闳,闳,hóng,hoành
间,间,jiān,gian
闵,闵,mǐn,mẫn
闶,闶,kàng,kháng
闷,闷,mèn,muộn
闸,闸,zhá,tập
闹,闹,nào,náo
闼,闼,tà,thát
闥,闼,tà,thát
门,门,mén,môn
闩,闩,shuān,san
闪,闪,shǎn,thiểm
闬,闬,hàn,hãn
问,问,wèn,vấn
闰,闰,rùn,nhuần
闲,闲,xián,nhàn
陆,陆,lù,lục
陇,陇,lǒng,lũng
陈,陈,chén,trần
陋,陋,lòu,lậu
陌,陌,mò,mạch
陎,陎,shū,thự
陏,陏,duò,tuỳ
限,限,xiàn,hạn
阵,阵,zhèn,trận
阶,阶,jiē,giai
阸,阸,è,ách
阹,阹,qū,khư
阻,阻,zǔ,trở
阼,阼,zuò,tộ
陀,陀,tuó,đà
陁,陁,tuó,đà
阪,阪,bǎn,phản
阬,阬,kēng,khanh
阮,阮,ruǎn,nguyễn
阯,阯,zhǐ,chỉ
阰,阰,pí,tỳ
阱,阱,jǐng,tịnh
防,防,fáng,phòng
阳,阳,yáng,dương
阛,阛,huán,hoàn
阜,阜,fù,phụ
阝,阝,fù,phụ
阞,阞,lè,lặc
阡,阡,qiān,thiên
阤,阤,zhì,đà
阧,阧,dǒu,đẩu
阨,阨,è,ách
陻,陻,yīn,nhân
陼,陼,zhǔ,chử
陽,阳,yáng,dương
陾,陾,réng,nhưng
陿,陿,xiá,hiệp
隁,隁,yàn,yển
隂,隂,yīn,ẩm
隃,隃,shù,du
险,险,xiǎn,hiểm
陪,陪,péi,bồi
陬,陬,zōu,tưu
陰,阴,yīn,âm
陵,陵,líng,lăng
陷,陷,xiàn,hãm
陸,陆,lù,lục
険,険,xiǎn,hiểm
陞,升,shēng,thăng
陟,陟,zhì,trắc
陡,陡,dǒu,đẩu
院,院,yuàn,viện
陣,阵,zhèn,trận
除,除,chú,trừ
陥,陥,xiàn,hãm
陧,陧,niè,niết
陑,陑,ér,nhi
陔,陔,gāi,cai
陕,陕,shǎn,thiểm
陖,陖,jùn,tuấn
陗,陗,qiào,tiếu
陘,陉,xíng,hình
陛,陛,bì,bệ
陝,陕,shǎn,thiểm
隧,隧,suì,toại
險,险,xiǎn,hiểm
隮,𬯀,jī,tê
隰,隰,xí,thấp
隲,隲,zhì,chất
隳,隳,huī,huy
隶,隶,lì,đãi
隷,隷,lì,lệ
際,际,jì,tế
障,障,zhàng,chướng
隝,隝,dǎo,đảo
隞,隞,áo,ngao
隟,隟,xì,khích
隠,隠,yǐn,ẩn
隣,隣,lín,lân
隤,𬯎,tuí,đồi
随,随,suí,tùy
隐,隐,yǐn,ẩn
隒,隒,yǎn,nghiệm
隔,隔,gé,cách
隖,隖,wù,ổ
隗,隗,wěi,cao
隘,隘,ài,ải
隙,隙,xì,khích
隄,隄,dī / tí,đê
隅,隅,yú,ngung
隆,隆,lóng,long
隈,隈,wēi,ôi
隉,陧,niè,niết
隊,队,duì,đội
隍,隍,huáng,hoàng
階,阶,jiē,giai
雛,雏,chú,sồ
雜,杂,zá,tạp
雝,雝,yōng,ung
雞,鸡,jī,kê
雩,雩,yú,vu
雪,雪,xuě,tuyết
雫,雫,nǎ,na
雯,雯,wén,văn
雑,雑,zá,tập
雒,雒,luò,lạc
雕,雕,diāo,điêu
雖,虽,suī,tuy
雗,雗,hàn,hàn
雘,雘,wò,hoạch
雙,双,shuāng,song
雚,雚,guàn,quán
雄,雄,xióng,hùng
雅,雅,yǎ,nhã
集,集,jí,tập
雇,雇,gù,cố
雈,雈,huán,hoàn
雉,雉,zhì,trĩ
雊,雊,gòu,cẩu
雌,雌,cí,thư
隸,隶,lì,lệ
隹,隹,zhuī,chuy
隺,隺,hè,hạc
隼,隼,sǔn,chuẩn
隽,隽,juàn,tuấn
雀,雀,què,tước
雁,雁,yàn,nhạn
雂,雂,qín,cầm
霢,霡,mài,mạch
霣,霣,yǔn,vẫn
霤,霤,liù,lựu
霥,霥,mèng,mộng
霧,雾,wù,vụ
霨,霨,wèi,uý
霩,霩,kuò,khuếch
霪,霪,yín,dầm
霒,霒,yīn,âm
霖,霖,lín,lâm
霙,霙,yīng,anh
霛,霛,líng,linh
霜,霜,shuāng,sương
霝,霝,líng,linh
霞,霞,xiá,hà
霡,霡,mài,mạch
需,需,xū,nhu
霄,霄,xiāo,tiêu
霅,霅,zhà,tráp
霆,霆,tíng,đình
震,震,zhèn,chấn
霉,霉,méi,môi
霋,霋,qī,thê
霍,霍,huò,hoắc
雰,雰,fēn,phân
雱,雱,pāng,bàng
雲,云,yún,vân
雳,雳,lì,lịch
雴,雴,chì,rợp
雷,雷,léi,lôi
雹,雹,báo,bạc
電,电,diàn,điện
靝,靔,tiān,thiên
非,非,fēi,phi
面,面,miàn,diện
靣,靣,miàn,diện
靦,腼,tiǎn,điến
靧,靧,huì,hối
靨,靥,yè,yếp
靪,靪,dīng,đinh
靑,靑,qīng,thanh
青,青,qīng,thanh
靓,靓,jìng,tịnh
靔,靔,tiān,thiên
靖,靖,jìng,tĩnh
靚,靓,jìng,tịnh
靛,靛,diàn,điện
靜,静,jìng,tĩnh
霽,霁,jì,tễ
霾,霾,mái,mai
靀,靀,méng,mống
靁,靁,léi,lôi
靄,霭,ǎi,ái
靆,叇,dài,đãi
靈,灵,líng,linh
靉,叆,ài,ái
霫,霫,xí,tập
霭,霭,ǎi,ái
霮,霮,dàn,đạm
霰,霰,xiàn,tản
霱,霱,yù,duật
露,露,lù,lộ
霶,霶,pāng,bàng
霺,霺,wéi,mi
鞗,鞗,tiáo,điều
鞘,鞘,qiào,sao
鞚,鞚,kòng,khống
鞜,鞜,tà,đạp
鞝,绱,shàng,thượng
鞞,鞞,bǐng,bỉnh
鞠,鞠,jū,cúc
鞡,鞡,la,lạp
鞇,鞇,yīn,nhân
鞉,鞉,táo,đào
鞋,鞋,xié,hài
鞌,鞌,ān,yên
鞏,巩,gǒng,củng
鞑,鞑,dá,thát
鞒,鞒,qiáo,kiều
鞔,鞔,mán,man
靷,靷,yǐn,dẫn
靸,靸,sǎ,táp
靺,靺,mò,mạt
靼,靼,dá,đát
靿,靿,yào,áo
鞀,鞀,táo,đào
鞁,鞁,bèi,bị
鞃,鞃,hóng,hoành
靬,靬,qián,kiên
靭,靭,rèn,nhận
靮,靮,dí,đích
靰,靰,wù,ngột
靲,靲,qín,cầm
靳,靳,jìn,cận
靴,靴,xuē,ngoa
靶,靶,bǎ,bá
韌,韧,rèn,nhận
韍,韨,fú,phất
韎,韎,mèi,muội
韐,韐,gé,giáp
韒,韒,qiào,tiếu
韓,韩,hán,hàn
韔,韔,chàng,sướng
韙,韪,wěi,vĩ
鞽,鞒,qiáo,kiều
鞾,鞾,xuē,ngoa
韁,缰,jiāng,cương
韃,鞑,dá,thát
韅,韅,xiǎn,hiển
韆,千,qiān,thiên
韉,鞯,jiān,tiên
韋,韦,wéi,vi
鞮,鞮,dī,đê
鞲,鞲,gōu,câu
鞳,鞳,tà,tháp
鞴,鞴,bèi,bị
鞵,鞵,xié,hài
鞶,鞶,pán,bàn
鞸,鞸,bì,tất
鞺,鞺,tāng,thang
鞣,鞣,róu,nhu
鞥,鞥,ēng,nhăng
鞦,秋,qiū,thu
鞧,鞧,qiū,thu
鞨,鞨,hé,hạt
鞫,鞫,jū,cúc
鞬,鞬,jiān,kiện
鞭,鞭,biān,tiên
項,项,xiàng,hạng
順,顺,shùn,thuận
頇,顸,hān,han
頊,顼,xū,húc
頋,頋,ě,cố
頌,颂,sòng,tụng
頍,𫠆,kuǐ,khuể
預,预,yù,dự
韶,韶,sháo,thiều
韹,韹,huáng,hoàng
韺,韺,yīng,anh
韻,韵,yùn,vận
頀,頀,hù,hộ
頁,页,yè,hiệt
頂,顶,dǐng,đính
頄,頄,kuí,cừu
韪,韪,wěi,vĩ
韫,韫,yùn,uẩn
韬,韬,tāo,thao
韭,韭,jiǔ,cửu
韮,韮,jiǔ,phỉ
韯,韯,xiān,tiêm
韱,韱,xiān,tiêm
音,音,yīn,âm
韛,韛,bài,bị
韜,韬,tāo,thao
韝,鞲,gōu,câu
韞,韫,yùn,uẩn
韠,韠,bì,tất
韡,韡,wěi,vĩ
韣,韣,dú,độc
韤,韤,wà,vạt
頺,頺,tuí,đồi
頻,频,pín,tần
頼,頼,lài,lại
頽,颓,tuí,đồi
顆,颗,kē,khỏa
顇,顇,cuì,tụy
顋,顋,sāi,tai
題,题,tí,đề
頯,頯,kuí,quỳ
頰,颊,jiá,giáp
頲,颋,tǐng,thỉnh
頳,頳,chēng,trinh
頴,颕,yǐng,nhánh
頷,颔,hàn,hạm
頸,颈,jǐng,cảnh
頹,颓,tuí,đồi
頟,頟,é,ngạch
頠,𬱟,wěi,ngỗi
頣,頣,shěn,di
頤,颐,yí,di
頦,颏,hái,hài
頬,頬,jiá,giáp
頭,头,tóu,đầu
頮,颒,huì,hối
頑,顽,wán,ngoan
頓,顿,dùn,đốn
頔,𬱖,dí,địch
頖,頖,pàn,phán
頙,頙,chè,sách
頚,頚,jǐng,cảnh
頜,颌,hé,hàm
頞,頞,è,át
项,项,xiàng,hạng
顺,顺,shùn,tuân
顽,顽,wán,hoàn
顾,顾,gù,cố
颀,颀,qí,kì
颁,颁,bān,ban
颂,颂,sòng,tụng
颃,颃,háng,hàng
顬,颥,rú,nhu
顯,显,xiǎn,hiển
顰,颦,pín,tần
顱,颅,lú,lô
顳,颞,niè,nhiếp
顴,颧,quán,quyền
顶,顶,dǐng,đính
顷,顷,qǐng,khoảnh
顙,颡,sǎng,tảng
顚,顚,diān,điên
顛,颠,diān,điên
顜,顜,jiǎng,giảng
類,类,lèi,loại
顢,颟,mán,man
顦,顦,qiáo,tiều
顧,顾,gù,cố
額,额,é,ngạch
顎,颚,è,ngạc
顏,颜,yán,nhan
顑,顑,kǎn,kham
顓,颛,zhuān,chuyên
顔,颜,yán,nhan
顗,𫖮,yǐ,ỷ
願,愿,yuàn,nguyện
颭,飐,zhǎn,triển
颮,飑,biāo,tiêu
颯,飒,sà,táp
颱,台,tái,thai
颳,刮,guā,quát
颴,颴,xuàn,tuyền
颶,飓,jù,cụ
颸,飔,sī,ti
颠,颠,diān,điên
颡,颡,sǎng,tảng
颢,颢,hào,hạo
颦,颦,pín,tần
颧,颧,quán,quyền
風,风,fēng,phong
颪,颪,guā,hạ
颫,颫,fú,phù
颓,颓,tuí,đồi
颔,颔,hàn,hạm
题,题,tí,đề
颚,颚,è,ngạc
颛,颛,zhuān,chuyên
颜,颜,yán,nhan
额,额,é,ngạch
颟,颟,mān,môn
颇,颇,pō,phả
颈,颈,jǐng,cảnh
颊,颊,jiá,giáp
颋,颋,tǐng,đĩnh
颎,颎,jiǒng,quýnh
颏,颏,kē,hài
频,频,pín,tần
颒,颒,huì,hối
飡,飡,cān,xan
飢,饥,jī,cơ
飣,饤,dìng,đính
飤,飤,sì,tự
飥,饦,tuō,thác
飩,饨,tún,đồn
飪,饪,rèn,nhẫm
飬,飬,juàn,quyến
飑,飑,biāo,bào
飓,飓,jù,cự
飗,飗,liú,lưu
飘,飘,piāo,phiêu
飛,飞,fēi,phi
飜,飜,fān,phiên
飞,飞,fēi,phi
飠,饣,shí,thực
飄,飘,piāo,phiêu
飅,飅,liú,lưu
飆,飙,biāo,tiên
飈,飚,biāo,biểu
飌,飌,fēng,phong
风,风,fēng,phong
飏,飏,yáng,dương
飐,飐,zhǎn,triển
颺,飏,yáng,dương
颻,飖,yáo,diêu
颼,飕,sōu,sưu
颽,颽,kǎi,khải
颿,颿,fān,phàm
飀,飗,liú,lưu
飂,飂,liù,liêu
飃,飃,piāo,phiêu
餓,饿,è,ngạ
餔,餔,bù,bô
餕,馂,jùn,tuấn
餖,饾,dòu,đậu
餗,𫗧,sù,tốc
餘,余,yú,dư
餙,餙,shì,sức
餚,肴,yáo,hào
餈,糍,cí,tư
餉,饷,xiǎng,hướng
餋,餋,juàn,quyến
餌,饵,ěr,nhị
餍,餍,yàn,yếm
餎,饹,le,lạc
餐,餐,cān,xan
餑,饽,bō,bột
飾,饰,shì,sức
飿,饳,duò,đốt
餀,餀,hài,hải
餁,餁,rèn,nhẫm
餂,餂,tiǎn,thiểm
餃,饺,jiǎo,giáo
餄,饸,jiá,hợp
餇,餇,tóng,đồng
飭,饬,chì,sức
飰,飰,fàn,phạn
飱,飧,sūn,san
飲,饮,yǐn,ẩm
飵,飵,zuò,tạc
飶,飶,bì,tất
飼,饲,sì,tự
飽,饱,bǎo,bão
餽,餽,kuì,quỹ
餾,馏,liù,lựu
餿,馊,sōu,sưu
饃,馍,mó,mô
饄,饄,táng,đường
饅,馒,mán,man
饇,饇,yù,ốc
饈,馐,xiū,tu
餱,糇,hóu,hầu
餳,饧,táng,đường
餶,馉,gǔ,cốt
餷,馇,chā,tra
餸,𩠌,sòng,tống
餹,餹,táng,đường
餺,馎,bó,bác
餻,餻,gāo,cao
館,馆,guǎn,quán
餩,餩,è,ách
餪,餪,nuǎn,noãn
餫,餫,yùn,hồn
餬,糊,hú,hồ
餭,餭,huáng,hoàng
餮,餮,tiè,thiết
餯,餯,huì,hối
餛,馄,hún,hồn
餜,馃,guǒ,quả
餞,饯,jiàn,tiễn
餟,餟,zhuì,chuyết
餠,餠,bǐng,bính
餡,馅,xiàn,hãm
餤,餤,tán,đàm
餦,餦,zhāng,chương
饭,饭,fàn,phạm
饮,饮,yǐn,ẩm
饱,饱,bǎo,bão
饳,饳,duò,đốt
饵,饵,ěr,nhị
饸,饸,hé,giáp
饹,饹,le,lạc
饺,饺,jiǎo,giảo
饟,饟,xiǎng,hướng
饠,饠,luó,la
饢,馕,náng,nang
饣,饣,shí,thực
饤,饤,dìng,đính
饦,饦,tuō,thác
饨,饨,tún,thôn
饪,饪,rèn,nhẫm
饔,饔,yōng,ung
饕,饕,tāo,thao
饗,飨,xiǎng,hưởng
饘,𫗴,zhān,chiên
饙,饙,fēn,phân
饛,饛,méng,mông
饜,餍,yàn,yếm
饝,饝,mó,ma
饉,馑,jǐn,cận
饊,馓,sǎn,tản
饋,馈,kuì,quỹ
饌,馔,zhuàn,soạn
饍,饍,shàn,thiện
饎,饎,chì,xí
饐,饐,yì,ý
饒,饶,ráo,nhiêu
馬,马,mǎ,mã
馯,馯,hàn,hãn
馲,馲,zhé,trách
馳,驰,chí,trì
馵,馵,zhù,chú
馹,驲,rì,nhật
駁,驳,bó,bác
駃,𫘝,jué,khoái
馘,馘,guó,quắc
香,香,xiāng,hương
馚,馚,fén,phần
馛,馛,bó,bạt
馝,馝,bì,tất
馡,馡,fēi,phi
馣,馣,ān,am
馩,馩,fén,phần
馈,馈,kuì,quỹ
馉,馉,gǔ,cốt
馋,馋,chán,sàm
馍,馍,mó,ma
馎,馎,bó,bác
馓,馓,sǎn,tản
馕,馕,náng,nang
馗,馗,kuí,quỳ
饼,饼,bǐng,bính
饾,饾,dòu,đậu
饿,饿,è,ngọa
馂,馂,jùn,tuấn
馃,馃,guǒ,quả
馅,馅,xiàn,hãm
馆,馆,guǎn,quản
馇,馇,chā,tra
駰,骃,yīn,nhân
駱,骆,luò,lạc
駴,駴,hài,hãi
駵,駵,liú,lưu
駹,駹,máng,mang
駻,駻,hàn,hãn
駽,駽,xuān,huyên
駾,駾,tuì,thoái
駟,驷,sì,tứ
駠,駠,liú,lưu
駡,骂,mà,mạ
駦,駦,téng,đằng
駪,𬳽,shēn,sân
駬,駬,ěr,nhĩ
駭,骇,hài,hãi
駮,駮,bó,bác
駒,驹,jū,câu
駓,𬳵,pī,phi
駕,驾,jià,giá
駗,駗,zhěn,trân
駛,驶,shǐ,sử
駜,駜,bì,bật
駝,驼,tuó,đà
駞,駞,tuó,đà
駄,駄,tuó,đà
駅,駅,yì,dịch
駈,駈,qū,khu
駉,𬳶,jiōng,quynh
駋,駋,zhāo,tiêu
駏,駏,jù,cự
駐,驻,zhù,trú
駑,驽,nú,nô
騭,骘,zhì,chất
騮,骝,liú,lưu
騯,騯,péng,bành
騰,腾,téng,đằng
騲,騲,cǎo,thảo
騳,騳,dú,độc
騵,𫘪,yuán,nguyên
騶,驺,zōu,sô
騖,骛,wù,vụ
騗,騗,piàn,phiến
騙,骗,piàn,phiến
騠,𫘨,tí,đề
騢,騢,xiá,hà
騣,騣,zōng,tông
騤,骙,kuí,quỳ
騨,騨,tuó,đà
騌,骔,zōng,tông
騍,骒,kè,khoá
騎,骑,qí,kị
騏,骐,qí,kỳ
騐,騐,yàn,nghiệm
騑,𬴂,fēi,phi
験,験,yàn,nghiệm
騕,騕,yǎo,yểu
駿,骏,jùn,tuấn
騁,骋,chěng,sính
騄,𫘧,lù,lục
騅,骓,zhuī,choai
騇,騇,shè,xá
騈,騈,pián,biền
騉,騉,kūn,côn
騋,騋,lái,lai
驝,驝,tuō,thác
驟,骤,zhòu,sậu
驤,骧,xiāng,tương
驥,骥,jì,kí
驦,骦,shuāng,sương
驩,驩,huān,hoan
驪,骊,lí,ly
驫,骉,biāo,bưu
驒,驒,tuó,đàn
驔,驔,diàn,đàm
驕,骄,jiāo,kiêu
驖,驖,tiě,thiết
驗,验,yàn,nghiệm
驘,驘,luó,loa
驚,惊,jīng,kinh
驛,驿,yì,dịch
驆,驆,bì,tất
驈,驈,yù,duật
驊,骅,huá,hoa
驌,骕,sù,túc
驍,骁,xiāo,kiêu
驎,𬴊,lín,lân
驏,骣,zhàn,sạn
驑,驑,liú,lưu
騷,骚,sāo,tao
騸,骟,shàn,phiến
騺,騺,zhì,chí
騾,骡,luó,loa
驀,蓦,mò,mạch
驂,骖,cān,tham
驃,骠,biāo,phiếu
驄,骢,cōng,thông
骜,骜,ào,ngao
骝,骝,liú,lưu
骞,骞,qiān,khiên
骨,骨,gǔ,cốt
骫,骫,wěi,ủy
骭,骭,gàn,cán
骯,肮,āng,khảng
骰,骰,tóu,đầu
验,验,yàn,diễm
骏,骏,jùn,tuấn
骐,骐,qí,kì
骑,骑,qí,qua
骒,骒,kè,khoá
骕,骕,sù,túc
骗,骗,piàn,phiến
骘,骘,zhì,chất
驼,驼,tuó,đà
驾,驾,jià,giá
驿,驿,yì,dịch
骂,骂,mà,mạ
骃,骃,yīn,nhân
骅,骅,huá,hoa
骆,骆,luò,lạc
骇,骇,hài,giải
马,马,mǎ,mã
驮,驮,tuó,đà
驯,驯,xùn,thuần
驲,驲,rì,dật
驳,驳,bó,bác
驶,驶,shǐ,tẩy
驸,驸,fù,phụ
驻,驻,zhù,chú
髒,脏,zāng,tảng
體,体,tǐ,thể
髖,髋,kuān,khoan
高,高,gāo,cao
髙,髙,gāo,cao
髠,髠,kūn,khôn
髡,髡,kūn,khôn
髢,髢,dí,thế
髆,髆,bó,bác
髈,髈,bǎng,bảng
髋,髋,kuān,hoan
髍,髍,mó,ma
髎,髎,liáo,liêu
髏,髅,lóu,lâu
髐,髐,xiāo,hiêu
髑,髑,dú,độc
骺,骺,hóu,hầu
骼,骼,gé,cách
骽,骽,tuǐ,thối
骾,骾,gěng,ngạnh
髀,髀,bì,bễ
髁,髁,kē,khỏa
髂,髂,qià,khách
髅,髅,lóu,lâu
骱,骱,jiè,giới
骲,骲,bào,bao
骳,骳,bèi,bí
骴,骴,cī,tỳ
骶,骶,dǐ,để
骷,骷,kū,khô
骸,骸,hái,hài
骹,骹,qiāo,khao
鬅,鬅,péng,bằng
鬈,鬈,quán,quyền
鬉,鬉,zōng,tông
鬋,鬋,jiǎn,tiên
鬌,鬌,tuǒ,đỏa
鬍,胡,hú,hồ
鬎,鬎,là,thích
鬏,鬏,jiū,thu
髹,髹,xiū,hưu
髺,髺,kuò,quát
髽,髽,zhuā,qua
髾,髾,shāo,sao
鬀,鬀,tì,thế
鬁,鬁,lì,lị
鬃,鬃,zōng,tông
鬄,鬄,dí,thế
髫,髫,tiáo,thiều
髭,髭,zī,tì
髮,发,fà / fǎ,phát
髱,髱,bào,bao
髲,髲,bì,bị
髳,髳,máo,mâu
髴,髴,fú,phất
髷,髷,qū,khúc
髣,髣,fǎng,phảng
髤,髤,xiū,hưu
髥,髥,rán,nhiêm
髦,髦,máo,mao
髧,髧,dàn,đạm
髨,髨,kūn,khôn
髩,髩,bìn,tấn
髪,髪,fà / fǎ,phát
鬵,鬵,qín,tẩm
鬷,鬷,zōng,tông
鬼,鬼,guǐ,quỷ
鬽,鬽,mèi,mị
魀,魀,gà,giới
魁,魁,kuí,khôi
魂,魂,hún,hồn
魃,魃,bá,bạt
鬫,鬫,hǎn,hám
鬬,鬬,dòu,đấu
鬭,鬭,dòu,đấu
鬮,阄,jiū,cưu
鬯,鬯,chàng,sưởng
鬰,鬰,yù,uất
鬱,郁,yù,uất
鬴,鬴,fǔ,phũ
鬝,鬝,qiān,gian
鬟,鬟,huán,hoàn
鬠,鬠,kuò,xoáy
鬣,鬣,liè,liệp
鬥,斗,dòu,đấu
鬦,鬦,dòu,đấu
鬩,阋,xì,huých
鬪,鬪,dòu,đấu
鬐,鬐,qí,kì
鬑,鬑,lián,liêm
鬒,鬒,zhěn,chẩn
鬖,鬖,sān,tam
鬗,鬗,mán,man
鬘,鬘,mán,man
鬙,鬙,sēng,man
鬚,须,xū,tu
魨,鲀,tún,đồn
魫,魫,shěn,thẩm
魭,魭,yuán,nguyên
魯,鲁,lǔ,lỗ
魴,鲂,fáng,phường
魵,魵,fén,phần
魷,鱿,yóu,vưu
魸,魸,piàn,phiến
魚,鱼,yú,ngư
魛,鱽,dāo,đao
魜,魜,rén,nhân
魞,魞,bā,nhập
魟,𫚉,hóng,hồng
魠,魠,tuō,thác
魢,鱾,jǐ,kỉ
魦,魦,shā,sa
魍,魍,wǎng,võng
魎,魉,liǎng,lượng
魏,魏,wèi,ngụy
魑,魑,chī,si
魔,魔,mó,ma
魕,魕,jǐ,kì
魘,魇,yǎn,yểm
魙,魙,zhān,tiệm
魅,魅,mèi,mị
魆,魆,xū,huất
魇,魇,yǎn,yểm
魈,魈,xiāo,tiêu
魉,魉,liǎng,lưỡng
魊,魊,yù,vực
魋,魋,tuí,đồi
魌,魌,qī,khi
鮰,鮰,huí,nguy
鮶,鲪,jūn,quân
鮸,𩾃,miǎn,miễn
鮹,鮹,shāo,tiêu
鮺,鲝,zhǎ,trả
鮿,鮿,zhé,triếp
鯀,鲧,gǔn,cổn
鯁,鲠,gěng,ngạnh
鮝,鲞,xiǎng,tưởng
鮞,鲕,ér,nhi
鮟,𩽾,àn,án
鮣,䲟,yìn,ấn
鮦,鲖,tóng,đồng
鮨,鮨,yì,quỳ
鮪,鲔,wěi,vị
鮫,鲛,jiāo,giao
鮍,鲏,pī,bì
鮎,鲇,nián,niêm
鮐,鲐,tái,thai
鮑,鲍,bào,bảo
鮒,鲋,fù,phụ
鮓,鲊,zhǎ,trả
鮚,鲒,jié,cát
鮜,鲘,hòu,hậu
魺,鲄,hé,hà
魾,魾,pī,phi
鮀,𬶍,tuó,đà
鮁,鲅,bō,bát
鮃,鲆,píng,bình
鮆,𫚖,cǐ,tễ
鮉,鮉,diāo,chạo
鮌,鮌,gǔn,cổn
鯰,鲶,nián,niêm
鯴,鲺,shī,sắt
鯶,鯶,huàn,hỗn
鯷,鳀,tí,đề
鯸,鯸,hóu,hầu
鯽,鲫,zéi,tức
鯿,鳊,biān,biên
鰂,鲗,zéi,tặc
鯢,鲵,ní,nghê
鯣,鯣,yì,dịch
鯤,鲲,kūn,côn
鯥,鯥,lù,lục
鯧,鲳,chāng,xương
鯨,鲸,jīng,kình
鯪,鲮,líng,lăng
鯫,鲰,zōu,tưu
鯕,鲯,qí,kì
鯗,鲞,xiǎng,tưởng
鯙,鯙,chún,thuần
鯚,鯚,jì,quí
鯛,鲷,diāo,điêu
鯝,鲴,gù,cố
鯠,鯠,lái,lai
鯡,鲱,fèi,phi
鯄,鯄,qiú,cầu
鯆,鯆,pū,phô
鯇,鲩,huàn,cán
鯈,鯈,tiáo,du
鯉,鲤,lǐ,lý
鯊,鲨,shā,sa
鯋,鯋,shā,sa
鯏,鯏,lí,lị
鰲,鳌,áo,ngao
鰳,鳓,lè,lặc
鰵,鳘,mǐn,mẫn
鰷,鲦,tiáo,điều
鰹,鲣,jiān,kiên
鰺,鲹,shēn,sâm
鰻,鳗,mán,man
鰼,鳛,xí,tập
鰣,鲥,shí,thì
鰤,𫚕,shī,sư
鰥,鳏,guān,quan
鰦,鰦,zī,tư
鰧,䲢,téng,đằng
鰨,鳎,tǎ,tháp
鰩,鳐,yáo,diêu
鰭,鳍,qí,kì
鰐,鳄,è,ngạc
鰒,鳆,fù,phục
鰓,鳃,sāi,tai
鰔,鰔,gǎn,cảm
鰕,鰕,xiā,hà
鰜,鳒,qiàn,kiêm
鰞,鰞,wū,ô
鰟,鳑,fáng,bàng
鰃,鳂,wēi,uy
鰆,䲠,chūn,xuân
鰈,鲽,dié,điệp
鰉,鳇,huáng,hoàng
鰊,𬶠,liàn,luyện
鰋,鰋,yǎn,yển
鰌,䲡,qiū,thu
鰍,鳅,qiū,thu
鱨,鲿,cháng,thường
鱭,鲚,jì,tễ
鱮,鱮,xù,tự
鱯,鳠,hù,hộ
鱵,鱵,zhēn,châm
鱶,鱶,xiǎng,tưởng
鱷,鳄,è,ngạc
鱺,鲡,lí,li
鱘,鲟,xún,tầm
鱙,鱙,miáo,nghéo
鱝,鲼,fèn,phẫn
鱟,鲎,hòu,hấu
鱡,鱡,zéi,tặc
鱣,鳣,zhān,chiên
鱤,鳡,gǎn,cảm
鱧,鳢,lǐ,lễ
鱎,鱎,jiǎo,kiểu
鱐,鱐,sù,túc
鱑,鱑,huáng,hoàng
鱒,鳟,zūn,tỗn
鱓,鱓,shàn,thiện
鱔,鳝,shàn,thiện
鱖,鳜,guì,quyết
鱗,鳞,lín,lân
鰾,鳔,biào,phiêu
鱀,𬶨,jì,ký
鱂,鳉,jiāng,chương
鱄,鱄,zhuān,chuyên
鱅,鳙,yōng,dong
鱆,鱆,zhāng,chương
鱈,鳕,xuě,tuyết
鱉,鳖,biē,miết
鲧,鲧,gǔn,cổn
鲨,鲨,shā,sa
鲩,鲩,huàn,vãn
鲪,鲪,jūn,quân
鲯,鲯,qí,kì
鲱,鲱,fēi,phi
鲲,鲲,kūn,côn
鲴,鲴,gù,cố
鲘,鲘,hòu,hậu
鲚,鲚,jì,tễ
鲛,鲛,jiāo,giao
鲜,鲜,xiān,tiên
鲝,鲝,zhǎ,trả
鲞,鲞,xiǎng,tưởng
鲣,鲣,jiān,kiên
鲥,鲥,shí,thì
鲆,鲆,píng,bình
鲇,鲇,nián,niêm
鲊,鲊,zhǎ,trả
鲋,鲋,fù,phụ
鲎,鲎,hòu,hậu
鲔,鲔,wěi,vị
鲖,鲖,tóng,đồng
鲗,鲗,zéi,tặc
鱻,鱻,xiān,tiên
鱽,鱽,dāo,đao
鱾,鱾,jǐ,kỉ
鲁,鲁,lǔ,lỗ
鲂,鲂,fáng,phòng
鲃,鲃,bā,ba
鲄,鲄,hé,hà
鲅,鲅,bà,bạt
鳕,鳕,xuě,thuyết
鳖,鳖,biē,biệt
鳘,鳘,mǐn,mẫn
鳛,鳛,xí,tập
鳝,鳝,shàn,thiện
鳞,鳞,lín,lân
鳟,鳟,zūn,chuyên
鳠,鳠,hù,hộ
鳌,鳌,áo,ngao
鳍,鳍,qí,kì
鳎,鳎,tǎ,tháp
鳏,鳏,guān,quan
鳑,鳑,páng,bàng
鳒,鳒,jiān,kiêm
鳓,鳓,lè,lặc
鳔,鳔,biào,phiếu
鳀,鳀,tí,đề
鳂,鳂,wēi,uy
鳃,鳃,sāi,tai
鳄,鳄,è,ngạc
鳅,鳅,qiū,thu
鳇,鳇,huáng,hoàng
鳉,鳉,jiāng,chương
鳊,鳊,biān,biên
鲵,鲵,ní,nghê
鲶,鲶,nián,niêm
鲷,鲷,diāo,điêu
鲹,鲹,shēn,sâm
鲺,鲺,shī,sắt
鲼,鲼,fèn,phẫn
鲽,鲽,dié,điệp
鲿,鲿,cháng,thường
鴎,鴎,ōu,âu
鴒,鸰,líng,linh
鴕,鸵,tuó,đà
鴗,鴗,lì,lập
鴛,鸳,yuān,uyên
鴞,鸮,xiāo,hào
鴟,鸱,chī,si
鴠,鴠,dàn,đản
鳽,鳽,jiān,khiên
鴁,鴁,yāo,yêu
鴃,鴃,jué,quyết
鴄,鴄,pǐ,thất
鴆,鸩,zhèn,chậm
鴇,鸨,bǎo,bảo
鴈,鴈,yàn,nhạn
鴉,鸦,yā,nha
鳬,凫,fǔ,phù
鳮,鳮,jī,kê
鳲,鸤,shī,thi
鳳,凤,fèng,phượng
鳴,鸣,míng,minh
鳷,鳷,zhī,chi
鳸,鳸,hù,hỗ
鳻,鳻,bān,ban
鳡,鳡,gǎn,cảm
鳢,鳢,lǐ,lễ
鳤,鳤,guǎn,quản
鳥,鸟,niǎo,điểu
鳦,鳦,yǐ,ất
鳧,凫,fú,phù
鳩,鸠,jiū,cưu
鳫,鳫,yàn,nhạn
鵚,鵚,tū,thóc
鵜,鹈,tí,đề
鵝,鹅,é,nga
鵞,鵞,é,nga
鵟,𫛭,kuáng,cuồng
鵡,鹉,wǔ,vũ
鵩,鵩,fú,phục
鵪,鹌,ān,am
鴿,鸽,gē,cáp
鵁,䴔,jiāo,giao
鵂,鸺,xiū,hưu
鵑,鹃,juān,quyên
鵓,鹁,bó,bột
鵖,鵖,bī,kiếp
鵗,鵗,xī,hy
鵙,鵙,jú,quyết
鴯,鸸,ér,nhi
鴰,鸹,guā,quát
鴳,鴳,yàn,yến
鴴,鸻,héng,hằng
鴷,䴕,liè,liệt
鴻,鸿,hóng,hồng
鴽,鴽,rú,như
鴾,鴾,móu,mâu
鴢,鴢,yǎo,ấu
鴣,鸪,gū,cô
鴥,鴥,yù,duật
鴦,鸯,yāng,ương
鴨,鸭,yā,áp
鴪,鴪,yù,duật
鴫,鴫,tián,điền
鴬,鴬,yīng,oanh
鶗,鶗,tí,đề
鶘,鹕,hú,hồ
鶚,鹗,è,ngạc
鶡,鹖,hé,hạt
鶤,鶤,kūn,côn
鶥,鹛,méi,mi
鶦,鶦,hú,hồ
鶩,鹜,wù,vụ
鶉,鹑,chún,thuần
鶊,鹒,gēng,canh
鶋,鶋,jū,cư
鶏,鶏,jī,kê
鶒,鶒,chì,xích
鶓,鹋,miáo,miêu
鶕,鶕,ān,am
鶖,鹙,qiū,thu
鵷,鹓,yuān,uyên
鵺,鵺,yè,dạ
鵻,鵻,zhuī,giai
鵼,鵼,kōng,hung
鵾,鹍,kūn,côn
鶂,鶂,yì,nghịch
鶃,鶃,yì,nghịch
鶇,鸫,dōng,đông
鵫,鵫,zhuó,trạo
鵬,鹏,péng,bằng
鵭,鵭,qín,cầm
鵮,鹐,qiān,trâm
鵰,雕,diāo,điêu
鵲,鹊,què,thước
鵴,鵴,jú,cuốc
鵶,鵶,yā,nha
鷗,鸥,ōu,âu
鷙,鸷,zhì,chí
鷥,鸶,sī,tư
鷦,鹪,jiāo,tiêu
鷧,鷧,yì,ý
鷩,鷩,bì,tế
鷫,鹔,sù,túc
鷬,鷬,huáng,hoàng
鷈,鷈,tī,đề
鷉,䴘,tī,đề
鷊,鹝,yì,nghịch
鷋,鷋,tú,đồ
鷏,鷏,tián,điền
鷔,鷔,áo,ngao
鷕,鷕,yǎo,diểu
鷖,鹥,yī,ê
鶼,鹣,jiān,kiêm
鶿,鹚,cí,tư
鷀,鹚,cí,từ
鷁,鹢,yì,nghịch
鷃,鷃,yàn,yến
鷄,鸡,jī,kê
鷆,鷆,tián,điền
鷇,鷇,kòu,cấu
鶬,鸧,cāng,thương
鶯,莺,yīng,oanh
鶱,𬸣,xiān,hiên
鶲,鹟,wēng,ung
鶴,鹤,hè,hạc
鶵,鶵,chú,sồ
鶹,鹠,liú,lưu
鶺,鹡,jí,chích
鸖,鸖,hè,hạc
鸘,鹴,shuāng,sương
鸚,鹦,yīng,anh
鸛,鹳,guàn,quán
鸝,鹂,lí,ly
鸞,鸾,luán,loan
鸡,鸡,jī,kê
鸣,鸣,míng,minh
鸋,鸋,níng,ninh
鸌,鹱,hù,vạc
鸎,鸎,yīng,oanh
鸏,鹲,méng,mòng
鸐,鸐,dí,địch
鸑,𬸚,yuè,nhạc
鸒,鸒,yù,dư
鸕,鸬,lú,lô
鷺,鹭,lù,lộ
鷽,鸴,xué,hạc
鷾,鷾,yì,ý
鷿,鷿,pì,tịch
鸁,鸁,luó,la
鸂,㶉,xī,khê
鸇,鹯,zhān,chiên
鸊,䴙,pì,tịch
鷮,鷮,jiāo,keo
鷯,鹩,liáo,liêu
鷰,鷰,yàn,yến
鷲,鹫,jiù,thứu
鷳,鹇,xián,nhàn
鷴,鹇,xián,nhàn
鷸,鹬,yù,duật
鷹,鹰,yīng,ưng
鹌,鹌,ān,am
鹍,鹍,kūn,côn
鹏,鹏,péng,bành
鹐,鹐,qiān,trâm
鹑,鹑,chún,thuần
鹒,鹒,gēng,canh
鹔,鹔,sù,túc
鹕,鹕,hú,hồ
鸿,鸿,hóng,hồng
鹃,鹃,juān,quyên
鹄,鹄,gǔ,hộc
鹅,鹅,é,nga
鹇,鹇,xián,nhàn
鹈,鹈,tí,đề
鹉,鹉,wǔ,vũ
鹋,鹋,miáo,miêu
鸯,鸯,yāng,ương
鸲,鸲,qú,cù
鸴,鸴,xué,hạc
鸵,鸵,tuó,đà
鸷,鸷,zhì,chí
鸹,鸹,guā,quát
鸽,鸽,gē,cáp
鸾,鸾,luán,loan
鸥,鸥,ōu,âu
鸦,鸦,yā,nha
鸧,鸧,cāng,thương
鸨,鸨,bǎo,bảo
鸩,鸩,zhèn,trẫm
鸪,鸪,gū,cô
鸫,鸫,dōng,đông
鸭,鸭,yā,áp
鹶,鹶,jīn,kinh
鹸,鹸,jiǎn,kiềm
鹹,咸,xián,hàm
鹺,鹾,cuó,ta
鹻,鹻,jiǎn,dảm
鹽,盐,yán,diêm
鹿,鹿,lù,lộc
麀,麀,yōu,ưu
鹪,鹪,jiāo,tiêu
鹬,鹬,yù,duật
鹮,鹮,huán,tuyền
鹰,鹰,yīng,anh
鹱,鹱,hù,hoạch
鹲,鹲,méng,mông
鹳,鹳,guàn,quán
鹵,卤,lǔ,lỗ
鹠,鹠,liú,lưu
鹡,鹡,jí,chích
鹢,鹢,yì,dịch
鹣,鹣,jiān,kiêm
鹤,鹤,hè,hạc
鹥,鹥,yī,y
鹦,鹦,yīng,anh
鹩,鹩,liáo,liêu
鹖,鹖,hé,hạt
鹗,鹗,è,ngạc
鹘,鹘,gǔ,cốt
鹙,鹙,qiū,thu
鹛,鹛,méi,mi
鹝,鹝,yì,dịch
鹞,鹞,yào,diệu
鹟,鹟,wēng,ung
麪,面,miàn,diện
麫,面,miàn,miến
麭,麭,pào,pháo
麮,麮,qù,khứ
麯,曲,qū,khúc
麰,麰,móu,mâu
麱,麱,fū,phu
麴,曲,qū,khúc
麞,麞,zhāng,chương
麟,麟,lín,lân
麠,麠,jīng,canh
麣,麣,yán,nham
麤,麤,cū,thô
麥,麦,mài,mạch
麦,麦,mài,mạch
麩,麸,fū,phu
麒,麒,qí,kì
麓,麓,lù,lộc
麕,麕,jūn,quân
麖,麖,jīng,kinh
麘,麘,xiāng,hương
麚,麚,jiā,gia
麛,麛,mí,mê
麝,麝,shè,xạ
麁,麁,cū,thô
麄,麄,cū,thô
麅,麅,páo,bào
麈,麈,zhǔ,chủ
麋,麋,mí,mi
麌,麌,yǔ,ngu
麐,麐,lín,lân
麑,麑,ní,nghê
黕,黕,dǎn,đảm
黗,黗,tūn,thôn
默,默,mò,mặc
黙,黙,mò,mạch
黛,黛,dài,đại
黜,黜,chù,truất
黝,黝,yǒu,ửu
點,点,diǎn,điểm
黍,黍,shǔ,thử
黎,黎,lí,lê
黏,黏,nián,niêm
黐,黐,chī,li
黑,黑,hēi,hắc
黒,黒,hēi,hắc
黓,黓,yì,dặc
黔,黔,qián,kiềm
黀,黀,zōu,tưu
黁,黁,nún,nuyên
黃,黄,huáng,hoàng
黄,黄,huáng,hoàng
黇,黇,tiān,chiêm
黈,黈,tǒu,thẩu
黉,黉,hóng,hồng
黌,黉,hóng,huỳnh
麵,面,miàn,miến
麸,麸,fū,phu
麹,麹,qū,khúc
麺,麺,miàn,miến
麻,麻,má,ma
麼,么,me,ma
麽,么,mó,mô
麾,麾,huī,huy
鼂,鼌,cháo,trào
鼃,鼃,wā,oa
鼄,鼄,zhū,chu
鼅,鼅,zhī,tri
鼇,鼇,áo,ngao
鼈,鼈,biē,miết
鼉,鼍,tuó,đà
鼍,鼍,tuó,đà
黵,黵,zhǎn,đảm
黶,黡,yǎn,yểm
黷,黩,dú,độc
黹,黹,zhǐ,chỉ
黻,黻,fú,phất
黼,黼,fǔ,phủ
黾,黾,mǐn,mẫn
黿,鼋,yuán,ngoan
黩,黩,dú,độc
黪,黪,cǎn,thảm
黬,黬,yán,nham
黮,黮,dǎn,đạm
黯,黯,àn,ảm
黰,黰,zhěn,chẩn
黱,黱,dài,đại
黲,黪,cǎn,thảm
黟,黟,yī,y
黠,黠,xiá,hiệt
黡,黡,yǎn,yểm
黤,黤,yǎn,yểm
黥,黥,qíng,kình
黦,黦,yuè,uất
黧,黧,lí,lê
黨,党,dǎng,đảng
鼯,鼯,wú,ngô
鼱,鼱,jīng,tinh
鼴,鼹,yǎn,yển
鼷,鼷,xī,hề
鼻,鼻,bí,tị
鼼,鼼,yào,diệu
鼽,鼽,qiú,cừu
齁,齁,hōu,hâu
鼦,鼦,diāo,điêu
鼧,鼧,tuó,đà
鼩,鼩,qú,cù
鼪,鼪,shēng,sinh
鼫,鼫,shí,thạch
鼬,鼬,yòu,dứu
鼭,鼭,shí,thì
鼮,鼮,tíng,đình
鼗,鼗,táo,đào
鼙,鼙,pí,bề
鼚,鼚,chāng,xương
鼛,鼛,gāo,cao
鼟,鼟,tēng,thăng
鼠,鼠,shǔ,thử
鼢,鼢,fén,phẫn
鼥,鼥,bá,bạt
鼎,鼎,dǐng,đỉnh
鼏,鼏,mì,mịch
鼐,鼐,nài,nãi
鼒,鼒,zī,tỉ
鼓,鼓,gǔ,cổ
鼔,鼔,gǔ,cổ
鼕,冬,dōng,đông
鼖,鼖,fén,phần
齮,𬺈,yǐ,nghĩ
齯,𫠜,ní,nghê
齰,齰,zé,trách
齱,齱,zōu,châu
齵,齵,óu,ngu
齶,腭,è,ngạc
齷,龌,wò,ác
龀,龀,chèn,sấn
齞,齞,yǎn,nghiễn
齟,龃,jǔ,trở
齠,龆,tiáo,điều
齡,龄,líng,linh
齩,齩,yǎo,giảo
齪,龊,chuò,xúc
齬,龉,yǔ,ngữ
齭,齭,chǔ,sở
齒,齿,chǐ,xỉ
齔,龀,chèn,sấn
齕,龁,hé,hột
齗,龂,yín,ngân
齘,𬹼,xiè,giới
齙,龅,bāo,bao
齚,齚,zé,trách
齜,龇,chái,thử
齆,齆,wèng,úng
齇,齇,zhā,tra
齈,齈,nòng,nông
齉,齉,nàng,nang
齋,斋,zhāi,trai
齌,齌,jì,tễ
齎,赍,jī,tê
齏,齑,jī,tê
鿒,鿒,hé,hạ
鿓,鿒,yǐ,mạo
鿔,鿔,gē,ca
鿫,鿫,ào,áo
鿬,鿬,tián,điền
𠀁,𠀁,qī,thất
𠀅,𠀅,hài,hợi
𠀍,𠀍,shì,thế
龢,龢,hé,hòa
龤,龤,xié,hài
龥,龥,yù,dụ
鿃,鿃,shǎn,thiểm
鿌,鿌,liáng,lương
鿎,鿎,tǎ,đạt
鿏,鿏,mài,phạm
鿐,鿐,shēn,thâm
龔,龚,gōng,cung
龖,龖,dá,đạp
龘,龘,dá,đạp
龚,龚,gōng,cung
龛,龛,kān,kham
龝,龝,qiū,thu
龞,龞,biē,biệt
龡,龡,chuī,xúy
龂,龂,yín,ngân
龅,龅,bāo,bao
龈,龈,yín,ngân
龌,龌,wò,ách
龎,厐,páng,bàng
龑,䶮,yǎn,yểm
龒,龒,lóng,long
龓,龓,lǒng,lũng
𠞭,𠞭,lóu,đâu
𠤎,𠤎,huà,thất
𠦌,𠦌,xì,tứ
𠧩,𠧩,huì,hối
𠩵,𠩵,lì,lịch
𠪙,𠪙,xǐ,dịch
𠬛,𠬛,mò,mang
𠬢,𠬢,tāo,tha
𠔃,𠔃,xī,hề
𠕄,𠕄,nà,lạp
𠖥,𠖥,chǒng,trủng
𠗦,𠗦,píng,bằng
𠙶,𠙶,ǒu,ẩu
𠚯,𠚯,kūn,gọt
𠜱,𠜱,pī,phê
𠜼,𠜼,qiā,hạp
𠈨,𠈨,zuò,trách
𠉂,𠉂,tà,thát
𠊟,𠊟,mǐn,thằng
𠊧,𠊧,bìng,bính
𠊫,𠊫,xùn,toạng
𠋺,𠋺,sāo,tao
𠍵,𠍵,yàng,dáng
𠏭,𠏭,zòng,tụi
𠂔,𠂔,zǐ,chỉ
𠂢,𠂢,pài,phái
𠂤,𠂤,duī,đôi
𠃓,𠃓,yáng,dương
𠄌,𠄌,jué,quyết
𠆩,𠆩,fàn,phản
𠇱,𠇱,mò,mại
𠇹,𠇹,jìng,kính
𠲵,𠲵,qiè,mép
𠲹,𠲹,jì,cãi
𠲺,𠲺,yì,ngập
𠲿,𠲿,shuò,thốc
𠳁,𠳁,kěn,khốn
𠳐,𠳐,bāng,vâng
𠳹,𠳹,chuáng,sằng
𠳿,𠳿,wēi,vãi
𠱜,𠱜,zùn,chùn
𠱤,𠱤,lěi,tròi
𠲏,𠲏,rěn,nhắm
𠲓,𠲓,hóng,hàng
𠲔,𠲔,yī,nhiếc
𠲖,𠲖,yī,e
𠲜,𠲜,zhēng,giành
𠲮,𠲮,jìng,khinh
𠯹,𠯹,réng,nhẵng
𠰉,𠰉,chāo,nhậu
𠰍,𠰍,zhǔ,chõ
𠰏,𠰏,zhá,mớm
𠰷,𠰷,lú,lơ
𠰺,𠰺,dài,dạy
𠱀,𠱀,bō,phờ
𠱘,𠱘,nì,ngạch
𠬤,𠬤,yì,dịch
𠮾,𠮾,ǹ,ngọt
𠮿,𠮿,sa,xôn
𠯈,𠯈,dài,đại
𠯋,𠯋,yǐ,hề
𠯑,𠯑,guā,quật
𠯠,𠯠,huī,huy
𠯪,𠯪,dāi,ngát
𡀿,𡀿,lǜ,rủ
𡁎,𡁎,yú,dở
𡂒,𡂒,zhì,chợt
𡂓,𡂓,shī,thách
𡂙,𡂙,chí,trề
𡃖,𡃖,lē,lựa
𡄟,𡄟,há,hà
𡄡,𡄡,zhe,chay
𠻥,𠻥,zhào,sạo
𠻪,𠻪,tán,ngoạn
𠼖,𠼖,lán,lảm
𠼪,𠼪,yí,dày
𠾀,𠾀,zhé,húp
𠾏,𠾏,shē,xa
𠿈,𠿈,jiū,rầu
𡀔,𡀔,lù,rố
𠸺,𠸺,nì,ngách
𠹛,𠹛,hái,há
𠺕,𠺕,liū,trêu
𠺙,𠺙,tuì,thối
𠺚,𠺚,bān,băn
𠺝,𠺝,gē,cách
𠺟,𠺟,kù,khò
𠻤,𠻤,yǎn,dớn
𠴫,𠴫,jì,thút
𠴰,𠴰,ǒu,cữu
𠴼,𠴼,dào,đáu
𠵨,𠵨,de,ngáy
𠵩,𠵩,hē,quở
𠷇,𠷇,shī,thè
𠸂,𠸂,tū,giọt
𠸄,𠸄,yīng,inh
𡰪,𡰪,dū,đốc
𡲕,𡲕,tì,thế
𡴎,𡴎,niè,ế
𡴯,𡴯,è,ngật
𡵁,𡵁,wēi,nghê
𡵉,𡵉,wù,ngút
𡶴,𡶴,chǎn,sản
𡿺,𡿺,nǎo,na
𡓔,𡓔,lǎn,lấm
𡗤,𡗤,guì,kiều
𡜱,𡜱,jì,kỉ
𡝦,𡝦,nǒu,vú
𡞾,𡞾,nèn,non
𡠜,𡠜,mó,ma
𡡂,𡡂,yàng,nhàng
𡮞,𡮞,zhì,hẹm
𡊸,𡊸,rǒng,giồng
𡌣,𡌣,zào,bãi
𡍮,𡍮,chuí,thùy
𡏘,𡏘,xià,hè
𡏛,𡏛,xī,hè
𡏯,𡏯,bài,vại
𡒄,𡒄,lǎn,lẫm
𡒯,𡒯,mèng,móng
𡄵,𡄵,yī,y
𡇸,𡇸,guāi,quây
𡈙,𡈙,yóu,nga
𡈛,𡈛,yuān,loan
𡉄,𡉄,zài,giả
𡉎,𡉎,jú,cong
𡊑,𡊑,xǐ,tỉ
𡊠,𡊠,jiá,nháp
𢩮,𢩮,yì,dắt
𢪥,𢪥,yǒu,vật
𢪷,𢪷,xiāng,múc
𢫘,𢫘,lú,so
𢫫,𢫫,lù,suý
𢫬,𢫬,sà,sát
𢬱,𢬱,jié,khép
𢬿,𢬿,xiè,xới
𢙲,𢙲,lǚ,lỡ
𢜗,𢜗,bàng,vụng
𢝳,𢝳,gǔ,hòng
𢝸,𢝸,guò,ủa
𢟼,𢟼,méng,môm
𢢂,𢢂,jié,ghét
𢥞,𢥞,chōng,đồng
𢥠,𢥠,sǒng,tủng
𢍿,𢍿,zāng,tường
𢐎,𢐎,zhuàn,khom
𢒞,𢒞,làn,rằn
𢖗,𢖗,sǒng,tủng
𢖺,𢖺,yì,nhác
𢗉,𢗉,nè,nuối
𢘅,𢘅,mào,mâu
𢘝,𢘝,nǐ,nể
𢀖,𢀖,jīng,kinh
𢃱,𢃱,móu,mũ
𢄹,𢄹,qiāo,kiệu
𢅏,𢅏,lián,liêm
𢅖,𢅖,lián,liêm
𢇇,𢇇,guān,quan
𢈈,𢈈,kē,lạp
𢍺,𢍺,yì,dịch
𢿹,𢿹,shā,sát
𣃈,𣃈,zhuó,chú
𣄈,𣄈,huī,huy
𣆄,𣆄,yáng,dương
𣆐,𣆐,lú,trưa
𣇫,𣇫,wǒ,thuở
𣉞,𣉞,gǎo,cảo
𣍓,𣍓,nuǒ,na
𢶑,𢶑,niǎo,níu
𢶒,𢶒,guài,gói
𢶣,𢶣,dié,điệp
𢶶,𢶶,bàng,ẩy
𢷹,𢷹,chǎn,chèn
𢺞,𢺞,bǎ,bãi
𢼸,𢼸,wēi,mi
𢽾,𢽾,xiào,hiệu
𢱨,𢱨,pó,vặn
𢲔,𢲔,bàn,bưng
𢲵,𢲵,zào,cào
𢲸,𢲸,lǔ,rủa
𢳁,𢳁,fèi,mượn
𢳆,𢳆,ào,ngào
𢳟,𢳟,tǒng,thống
𢵮,𢵮,lū,quẹt
𢭃,𢭃,duǎn,đậu
𢭆,𢭆,chōu,thu
𢭏,𢭏,dǎo,đảo
𢯮,𢯮,yù,vựa
𢯲,𢯲,wàn,oản
𢯷,𢯷,wěi,vầy
𢱟,𢱟,chǎn,tiên
𢱢,𢱢,suǒ,tố
𣱝,𣱝,dōng,đông
𣱶,𣱶,bǔ,vục
𣱼,𣱼,dāo,đao
𣱽,𣱽,zhěn,lầy
𣲘,𣲘,wǔ,vũ
𣲝,𣲝,bīng,băng
𣳆,𣳆,píng,bằng
𣳨,𣳨,duī,đôi
𣝉,𣝉,duì,duối
𣟄,𣟄,tuò,thác
𣟴,𣟴,shuān,san
𣠺,𣠺,qiè,nạng
𣨐,𣨐,cú,tào
𣨼,𣨼,tì,thế
𣭻,𣭻,yán,mau
𣰇,𣰇,rǒng,dũng
𣔼,𣔼,gān,can
𣗊,𣗊,mán,môn
𣗋,𣗋,dǎng,đảng
𣘗,𣘗,nì,nật
𣘚,𣘚,shuài,tuất
𣙷,𣙷,máng,máng
𣛱,𣛱,dàn,dom
𣝅,𣝅,ài,ngái
𣍰,𣍰,qiǎn,hiểm
𣎴,𣎴,dǔn,độn
𣓆,𣓆,yín,rườm
𣓋,𣓋,pí,sến
𣓌,𣓌,gāo,cao
𣓿,𣓿,lào,lau
𣔓,𣔓,bǐ,bễ
𣔲,𣔲,jiǒng,quạnh
𤏶,𤏶,āo,ngao
𤒦,𤒦,liàn,sém
𤕈,𤕈,liàn,luyến
𤕭,𤕭,jiāng,chương
𤕯,𤕯,jiāng,chương
𤘘,𤘘,kǒu,xỏ
𤙭,𤙭,fǔ,bò
𤙴,𤙴,chāo,sao
𤆡,𤆡,wǔ,uất
𤆢,𤆢,lún,lân
𤌋,𤌋,huǐ,khói
𤌍,𤌍,hú,xác
𤍐,𤍐,tuì,thoái
𤍠,𤍠,rè,nghiệt
𤍤,𤍤,zhāng,chương
𤏲,𤏲,zhòu,khán
𣻕,𣻕,mó,mà
𣽆,𣽆,zhú,veo
𣽽,𣽽,shān,san
𣿅,𣿅,dǒng,rỏng
𣿇,𣿇,shěn,đắm
𣿌,𣿌,hé,ạt
𤂷,𤂷,è,ứ
𤆍,𤆍,chì,xích
𣴓,𣴓,jiàn,cạn
𣶈,𣶈,wǎng,vóng
𣷠,𣷠,mín,mênh
𣸣,𣸣,fén,phần
𣸧,𣸧,shēn,sâm
𣹟,𣹟,gàn,cống
𣺼,𣺼,dǎng,đoảng
𣺽,𣺽,bài,bãi
𤵊,𤵊,dù,đòn
𤵐,𤵐,wù,ngộ
𤶈,𤶈,xī,tấy
𤶊,𤶊,guì,hội
𤶜,𤶜,zhuàng,choáng
𤷂,𤷂,féi,phị
𤷄,𤷄,quán,quèn
𤷒,𤷒,pí,tê
𤬪,𤬪,dù,ngói
𤮘,𤮘,dēng,gạch
𤰝,𤰝,quǎn,quyển
𤱈,𤱈,mǔ,mẫu
𤱝,𤱝,tuǎn,thoản
𤴥,𤴥,jiū,ngất
𤴪,𤴪,jiū,ghẻ
𤴯,𤴯,huàn,hoạn
𤠚,𤠚,sù,chó
𤠶,𤠶,diān,chằn
𤢕,𤢕,duó,đố
𤢗,𤢗,lái,lòi
𤥗,𤥗,liú,lưu
𤥭,𤥭,chē,xà
𤩡,𤩡,xuán,tuyền
𤩽,𤩽,huán,hoàn
𤛘,𤛘,māng,mang
𤜯,𤜯,chā,cọp
𤝞,𤝞,chù,chuột
𤝬,𤝬,dǐ,để
𤝹,𤝹,zhū,chù
𤞤,𤞤,xiǎn,hiểm
𤟥,𤟥,tí,đề
𤠋,𤠋,lóu,trâu
𥌀,𥌀,chá,xét
𥌈,𥌈,jiān,trộm
𥌛,𥌛,lí,lệ
𥎊,𥎊,qín,cần
𥐘,𥐘,shí,thạch
𥐞,𥐞,máng,mang
𥑥,𥑥,chǎ,sinh
𥑪,𥑪,náo,nao
𥆧,𥆧,rún,thuần
𥈿,𥈿,hòng,ngóng
𥉰,𥉰,hàn,dòm
𥉸,𥉸,kēng,ghèn
𥊀,𥊀,shān,xăm
𥊒,𥊒,fèng,phong
𥊴,𥊴,suì,toét
𥋟,𥋟,xī,ngươi
𥁢,𥁢,qiáo,kiều
𥃨,𥃨,bǔ,vúc
𥅘,𥅘,zhěn,nháy
𥅞,𥅞,shì,thức
𥅠,𥅠,hòu,hâu
𥅦,𥅦,lèi,lồi
𥆟,𥆟,yuè,đoái
𥆡,𥆡,hán,dòm
𤷽,𤷽,què,khước
𤸒,𤸒,yù,ngúng
𤺺,𤺺,dǎn,than
𤻊,𤻊,tuí,đồi
𤻘,𤻘,yǐn,dẫn
𤿭,𤿭,fǔ,vỏ
𥀬,𥀬,yǎn,yểm
𥁒,𥁒,yào,hào
𥯝,𥯝,tū,đốt
𥯪,𥯪,sòu,trấu
𥱨,𥱨,qìng,rọ
𥱼,𥱼,pái,bài
𥳉,𥳉,dū,giô
𥳍,𥳍,xún,đàm
𥳐,𥳐,qiǎn,khay
𥳓,𥳓,shāo,sáo
𥦝,𥦝,lǎn,dòm
𥫟,𥫟,qǐ,giễ
𥬉,𥬉,gōu,gầu
𥬠,𥬠,chōu,thu
𥬮,𥬮,jiāng,giang
𥭌,𥭌,jì,trạc
𥮜,𥮜,mí,ni
𥮾,𥮾,cǎn,thảm
𥝥,𥝥,jié,cặp
𥞛,𥞛,duò,đoạ
𥞵,𥞵,jiá,thê
𥟂,𥟂,lái,lai
𥟟,𥟟,mù,mục
𥢐,𥢐,gāo,cau
𥢢,䅪,tuí,đồi
𥥅,𥥅,kǒng,lung
𥑴,𥑴,yǐ,ì
𥑶,𥑶,lěi,lọi
𥒮,𥒮,wěi,vỡ
𥓿,𥓿,tuó,đà
𥕢,𥕢,cáo,tào
𥗽,𬒗,lán,lởm
𥜌,𥜌,ǎo,áo
𥝢,𥝢,lì,lị
𦍠,𦍠,lì,lịch
𦍩,𦍩,gǔ,cổ
𦐀,𦐀,wǔ,vũ
𦐇,𦐇,tà,tháp
𦘹,𦘹,shàn,sườn
𦙀,𦙀,pàn,phỡn
𦙜,𦙜,nǎ,nách
𦙫,𦙫,zhēng,giêng
𦄂,𦄂,dài,dải
𦄌,𦄌,niè,chắp
𦄓,𦄓,dōu,xâu
𦆟,𦆟,méng,mùng
𦈖,𦈖,tā,tháp
𦈘,𦈘,dā,đáp
𦈠,𦈠,yǐn,dẫn
𦉆,𦉆,chá,tra
𥻮,𥻮,cuì,tẻ
𥾋,𥾋,réng,nái
𥾛,𥾛,cù,chặt
𥿺,𥿺,gōu,vòng
𦀇,𦀇,jīng,kinh
𦀖,𦀖,jié,kép
𦀨,𦀨,nuò,nơ
𦂈,𦂈,zhòu,trủ
𥴦,𥴦,suì,địch
𥴧,𥴧,jǔ,cù
𥵚,𥵚,lè,cần
𥶇,𥶇,lǔ,rổ
𥹸,𥹸,bó,bột
𥺊,𥺊,gé,gạo
𥻗,𥻗,chá,tra
𥻧,𥻧,xián,hèm
𦨢,𦨢,dì,đáy
𦯬,𦯬,shé,dưa
𦱄,𦱄,gū,cô
𦲷,𦲷,lì,lị
𦺓,𦺓,zhāo,trầu
𦼇,𦼇,wū,úa
𦽊,𦽊,huá,hoa
𦽔,𦽔,jìn,om
𦣇,𦣇,luó,lạp
𦣘,𦣘,náng,nứng
𦤎,𦤎,gāo,cao
𦤦,𦤦,hài,hạt
𦥯,𦥯,xué,hạc
𦧘,𦧘,hú,thịt
𦧡,𦧡,yǎn,đạm
𦨜,𦨜,gē,qua
𦞁,𦞁,zāi,tươi
𦞢,𦞢,hùn,tao
𦟂,𦟂,mí,mề
𦟜,𦟜,zé,nách
𦠆,𦠆,sǔn,sụn
𦡲,𦡲,nǐng,nính
𦢌,𦢌,dú,độc
𦢩,𦢩,xiào,tủy
𦙵,𦙵,wàn,oản
𦙶,𦙶,gǔ,cổ
𦚓,𦚓,píng,bình
𦚧,𦚧,chǔn,xuẩn
𦛜,𦛜,hé,hàm
𦜖,𦜖,yà,nhạ
𦝥,𦝥,chā,sáp
𦝬,𦝬,tú,nhót
𧚭,𧚭,běng,mền
𧛞,𧛞,hú,hò
𧜭,𧜭,shǔ,thục
𧜵,䙊,xiè,đai
𧞣,𧞣,yǎn,yếm
𧟄,𧟄,ráng,dương
𧢝,𧢝,lì,lệ
𧥺,𧥺,jùn,côn
𧐖,𧐖,lián,lươn
𧐢,𧐢,háo,hào
𧑆,𧑆,zhōng,chàng
𧑐,𧑐,yù,quít
𧑒,𧑒,tūn,giun
𧓏,𧓏,cóng,hầu
𧗴,𧗴,yǒng,dũng
𧚅,𧚅,lǎng,lãng
𧋍,𧋍,dì,chét
𧋘,𧋘,tí,đỉa
𧌎,𧌎,tiǎn,đẻn
𧌓,𧌓,fù,phụ
𧍴,𧍴,liàn,gián
𧎴,𧎴,zhé,rết
𧎷,𧎷,chǔ,sò
𧏖,𧏖,pín,tần
𧀨,𧀨,liè,lốp
𧂁,𧂁,zhàn,chện
𧂄,𧂄,dàn,rườm
𧄸,𧄸,mén,môn
𧉓,𧉓,dù,đố
𧊅,𧊅,guǎi,quảy
𧊕,𧊕,sōng,nhông
𧋊,𧋊,shā,sa
𨁡,𨁡,tuǒ,noi
𨂐,𨂐,lái,chọi
𨃕,𨃕,chù,sộc
𨃞,𨃞,pán,bàn
𨃟,𨃟,pán,bàn
𨃰,𨃰,yǎn,cồm
𨄉,𨄉,chǎn,sững
𨄊,𨄊,qiè,té
𧿹,𧿹,mǔ,mẫu
𧿺,𧿺,jué,xoắt
𨀕,𨀕,kuāng,đi
𨀤,𨀤,lèi,chọi
𨁈,𨁈,háng,gánh
𨁋,𨁋,dōu,đậu
𨁍,𨁍,yàn,rén
𨁎,𨁎,chéng,choành
𧶶,𧶶,fàn,phiến
𧹒,𧹒,mǎi,mãi
𧹔,𧹔,zhàng,trướng
𧹕,𧹕,jū,cư
𧹗,𧹗,wàn,thán
𧻚,𧻚,yuán,cản
𧿨,𧿨,bǎn,trở
𧿫,𧿫,kē,dấu
𧧝,𧧝,yǎ,nhạ
𧨊,𧨊,zhà,suý
𧩙,䜥,dàn,đản
𧮪,𧮪,zhān,trâm
𧰊,𧰊,tián,điền
𧴤,𧴤,pò,bói
𧴯,𧴯,miē,mị
𧶄,𧶄,zhèng,dành
𨮻,𨮻,chán,rèn
𨱇,𨱇,qiú,cầu
𨱍,𨱍,láng,lang
𨱎,𨱎,tōu,thâu
𨱑,𨱑,huáng,hoạnh
𨱖,𨱖,wéi,mi
𨶹,𨶹,guān,quan
𨷿,𨷿,xiàng,hướng
𨢥,𨢥,mí,mặn
𨦭,𨦭,láo,lao
𨨏,𬭛,bō,ba
𨨠,𨨠,jū,cuốc
𨭆,𬭶,hēi,khắc
𨭺,𨭺,jīn,cốm
𨮒,𨮒,mèng,muỗng
𨮹,𨮹,dí,thiếc
𨇤,𨇤,xiān,tiên
𨉣,𨉣,hā,hà
𨑜,𨑜,pǐ,xuống
𨓈,𨓈,kuò,quát
𨖼,𨖼,chòng,chóng
𨙞,𨙞,qiān,thiên
𨠖,𨠖,bào,bạo
𨢇,𨢇,liù,rượu
𨄮,𨄮,shuāi,tuất
𨅍,𨅍,tǎn,rén
𨅬,𨅬,lán,lạn
𨆂,𨆂,sà,khúm
𨆏,𨆏,suì,đuổi
𨆾,𨆾,cā,xẹt
𨇍,𨇍,niǎn,lẻn
𨇗,𨇗,lì,sịch
𩨜,𩨜,bà,bả
𩫦,𩫦,sào,rôm
𩬑,𩬑,diān,chơm
𩱻,𩱻,guǐ,quẻ
𩲡,𩲡,guǐ,coi
𩶉,𩶉,bū,bão
𩶘,䲞,lì,xợp
𩷕,𩷕,láng / liáng,lươn
𩙯,𩙯,héng,hoạnh
𩜽,𩜽,yàn,ngán
𩞯,䭪,liáng,lương
𩟂,𩟂,guò,quà
𩠌,𩠌,sòng,tống
𩠑,𩠑,dǐng,đính
𩢲,𩢲,shǐ,tẩy
𩨁,𩨁,chǔn,xuẩn
𩋘,𩋘,xié,hài
𩋧,𩋧,xié,hài
𩍓,𩍓,yōng,ủng
𩎟,𩎟,mèi,muội
𩐀,𩐀,xiá,hà
𩑰,𩑰,tǎn,trán
𩓥,𩓥,yuè,ngạc
𩕆,𩕆,hǒng,chạng
𨸬,𨸬,zhèn,trận
𨼋,𨼋,xū,hờ
𩂂,𩂂,hū,thú
𩂄,𩂄,tún,đùn
𩂕,𩂕,fú,phất
𩆷,𩆷,jiān,sấm
𩉲,𩉲,gǔ,cổ
𩊚,𩊚,luò,lạc
㑷,㑷,tài,thái
㑺,㑺,jùn,tuấn
㑼,㑼,lüè,lược
㑽,㑽,táng,đường
㒅,㒅,qǐ,khải
㒇,㒇,wǔ,vũ
㒒,㒒,pú,bộc
㒓,㒓,tà,thát
㑏,㑏,zhù,trữ
㑐,㑐,shū,túc
㑔,㑔,xǔ,thuỷ
㑘,㑘,jiè,giới
㑩,㑩,luó,la
㑪,㑪,chái,sài
㑯,㑔,xǔ,thuỷ
㑴,㑴,qīn,xâm
㐴,㐴,pān,phàn
㐷,㐷,mǎ,mạ
㐸,㐸,qiàn,khiếm
㐻,㐻,nèi,nại
㐽,㐽,fēng,phong
㑄,㑄,wǔ,vũ
㑅,㑅,zuò,trách
㑈,㑈,dòng,đông
㐂,㐂,xǐ,hỷ
㐄,㐄,kuà,khoa
㐧,㐧,dì,đệ
㐫,㐫,xiōng,hung
㐬,㐬,liú,lưu
㐭,㐭,lǐn,lẫm
㐱,㐱,zhěn,chẩn
㐲,㐲,dài,đại
乻,乻,yu2,ngọc
亣,亣,da4,đại
亴,亴,you4,hữu
仜,仜,hong2,hồng
仠,仠,gan3,can
仯,仯,chao4,triều
仱,仱,qian2,thiên
仴,仴,wo4,oa
仺,仺,cang1,thương
伅,伅,dun4,độn
伆,伆,wu4,vũ
伒,伒,jin4,kim
伓,伓,pi1,tỉ
伔,伔,dan3,đan
伖,伖,tang3,đường
伨,伨,xun4,huấn
伬,伬,ze,tắc
佖,佖,bi4,bí
佲,佲,ming3,minh
侒,侒,an1,an
侓,侓,lu4,lộ
侤,侤,ta,tha
侲,侲,zhen4,chân
侳,侳,zuo4,tả
侸,侸,shu4,thư
俇,俇,guang4,quang
俌,俌,fu3,phú
俕,俕,san4,tam
俢,俢,xiu1,tu
俧,俧,zhi4,chí
俰,俰,huo4,hoạt
俽,俽,xin1,tâm
倁,倁,zhi1,chí
倕,倕,chui2,xuy
倗,倗,peng2,bằng
倛,倛,qi1,khí
倠,倠,sui1,tuy
倧,倧,zong1,tông
倰,倰,leng4,lãnh
倱,倱,hun4,hỗn
偀,偀,ying1,anh
偂,偂,qian2,thiên
偆,偆,chun3,xuân
偍,偍,ti2,đề
偔,偔,e4,ác
偗,偗,sheng3,thịnh
偙,偙,di4,đệ
偛,偛,cha1,tra
偞,偞,xie4,tà
偣,偣,yan1,ngôn
偤,偤,you2,hữu
偦,偦,xu3,hư
偧,偧,zha1,trá
偮,偮,ji2,ký
偼,偼,jie2,kiệt
傃,傃,su4,tố
傄,傄,xia1,hạ
傇,傇,rong3,dung
傉,傉,nu4,nô
傐,傐,hao4,hào
傗,傗,chu4,xử
傛,傛,yong3,dụng
傝,傝,tan4,than
傪,傪,can1,tham
僆,僆,lian4,liên
僓,僓,tui3,thối
僗,僗,lao2,lão
僘,僘,chang3,xương
僢,僢,chuan3,xuyên
僪,僪,ju2,cự
僺,僺,qiao4,kiều
僼,僼,feng1,phong
儏,儏,can4,tham
儙,儙,qian4,thiên
儠,儠,lie4,liệt
儢,儢,lv3,lữ
儣,儣,kuang3,khoáng
儧,儧,zan3,tán
儨,儨,zhi4,chí
儫,儫,hao2,hào
儰,儰,wei3,vi
儴,儴,rang2,nhượng
兊,兊,dui4,đối
兏,兏,chang2,xương
兓,兓,jin1,kim
冭,冭,tai4,thái
冿,冿,jian1,kiên
凒,凒,ai2,ai
凗,凗,cui1,thôi
刕,刕,li2,lý
剢,剢,du1,đồ
剻,剻,peng3,bằng
剼,剼,shan1,sơn
劅,劅,zhuo2,trác
劋,劋,jiao3,giáo
劧,劧,zhi3,chí
劯,劯,zhu1,chủ
劸,劸,wa1,oa
勨,勨,xiang4,tương
勪,勪,jue2,quyết
勫,勫,fan1,phàn
勬,勬,juan1,quyên
勭,勭,tong2,đồng
勮,勮,ju4,cự
勶,勶,che4,xa
卙,卙,ji2,ký
厑,厑,ya2,nha
厡,厡,yuan2,nguyên
厧,厧,dian1,điện
厬,厬,gui3,quy
厱,厱,lan2,lan
叏,叏,guai4,quái
叞,叞,wei4,vi
叿,叿,hong1,hồng
吂,吂,mang2,mang
吇,吇,zi3,tử
吙,吙,huo1,hoạt
呾,呾,da2,đại
咃,咃,tuo1,đà
咶,咶,huai4,hoài
哊,哊,you4,hữu
哖,哖,nian2,niên
哠,哠,hao4,hào
哻,哻,han1,hàn
唴,唴,qiang4,cường
唺,唺,tian3,thiên
啘,啘,ye4,dã
喅,喅,yu4,ngọc
喕,喕,mian3,miên
喛,喛,huan4,hoàn
嗂,嗂,yao2,yêu
嗘,嗘,ji1,ký
嘳,嘳,kui4,quý
嘼,嘼,chu4,xử
嘾,嘾,dan4,đan
噧,噧,xie4,tà
噰,噰,yong1,dụng
噵,噵,dao4,đạo
噾,噾,yin1,âm
噿,噿,zui3,tối
嚑,嚑,xun1,huấn
嚒,嚒,me1,mặc
嚖,嚖,hui4,huệ
嚘,嚘,you1,hữu
嚩,嚩,mo2,mộ
囏,囏,jian1,kiên
囩,囩,yun2,vân
圚,圚,hui4,huệ
圷,圷,xia4,hạ
圼,圼,nie4,niết
坃,坃,xun1,huấn
坔,坔,di4,đệ
坘,坘,di3,đệ
坙,坙,jing1,kinh
坢,坢,ban4,ban
坥,坥,qu1,khứ
坶,坶,mu3,mộc
坹,坹,xue4,tuyết
垀,垀,hu1,hồ
垁,垁,zhi4,chí
垊,垊,min,dân
垐,垐,ci2,từ
垑,垑,chi3,xỉ
垘,垘,fu2,phú
垨,垨,shou3,thọ
垪,垪,bing4,bính
垬,垬,hong2,hồng
垰,垰,ka3,ca
垶,垶,xing1,hành
垷,垷,xian4,tiên
垼,垼,yi4,nghĩa
埅,埅,fang2,phương
埉,埉,jia1,gia
埍,埍,juan3,quyên
埐,埐,jin1,kim
埑,埑,zhe2,giả
埖,埖,hua1,hoa
埢,埢,quan2,quyền
埥,埥,qing1,khánh
埪,埪,kong1,không
埱,埱,chu4,xử
堚,堚,hun2,hỗn
堛,堛,bi4,bí
堜,堜,lian4,liên
堟,堟,zhuan4,chuyên
堢,堢,bao3,bảo
堣,堣,yu2,ngọc
堥,堥,mao2,mao
堬,堬,yu2,ngọc
塖,塖,cheng2,thành
塯,塯,liu4,lưu
塴,塴,beng4,bằng
塶,塶,lu4,lộ
塷,塷,lu3,lộ
塸,塸,ou1,âu
塻,塻,mo4,mộ
墎,墎,guo1,quốc
墏,墏,qiang3,cường
墑,墑,di4,đệ
墕,墕,yan4,ngôn
墛,墛,wei4,vi
墣,墣,pu2,phổ
墥,墥,dong3,đông
墧,墧,que4,khuyết
墭,墭,sheng4,thịnh
墷,墷,ye4,dã
墸,墸,zhu4,chủ
墹,墹,jian4,kiên
墽,墽,qiao1,kiều
墿,墿,yi4,nghĩa
壀,壀,pi2,tỉ
壂,壂,dian4,điện
壃,壃,jiang1,giang
夁,夁,yi1,nghĩa
夈,夈,zhai1,trại
夎,夎,cuo4,thoa
夨,夨,ze4,tắc
奤,奤,ha3,hà
奯,奯,huo4,hoạt
奱,奱,luan2,loạn
奲,奲,duo3,đa
妧,妧,wan4,vạn
妱,妱,zhao1,triệu
妴,妴,yuan4,nguyên
妶,妶,xian2,tiên
姃,姃,zheng1,chính
姇,姇,fu1,phú
姎,姎,yang1,dương
姏,姏,man2,man
姖,姖,ju4,cự
姛,姛,dong4,đông
姟,姟,gai1,cái
姠,姠,xiang4,tương
姡,姡,hua2,hoa
姭,姭,xian4,tiên
姯,姯,guang1,quang
姳,姳,ming3,minh
姴,姴,lie4,liệt
姷,姷,you4,hữu
娊,娊,xian4,tiên
娍,娍,cheng2,thành
娡,娡,zhi4,chí
娮,娮,yan2,ngôn
娽,娽,lu4,lộ
娾,娾,ai3,ai
婂,婂,mian2,miên
婃,婃,cong2,thông
婅,婅,ju2,cự
婇,婇,cai3,thái
婌,婌,shu2,thư
婏,婏,fan4,phàn
婑,婑,rui2,nhuệ
婒,婒,tan2,than
婠,婠,wan1,vạn
婰,婰,dian3,điện
婲,婲,hua1,hoa
婻,婻,nan4,nam
媉,媉,wo4,oa
媋,媋,chun1,xuân
媜,媜,zheng1,chính
媦,媦,wei4,vi
媱,媱,yao2,yêu
媴,媴,yuan2,nguyên
媶,媶,rong2,dung
媷,媷,ru4,nhục
媹,媹,liu2,lưu
嫀,嫀,qin2,khâm
嫃,嫃,zhen1,chân
嫅,嫅,jie1,kiệt
嫆,嫆,rong2,dung
嫍,嫍,tao1,đào
嫎,嫎,pang2,bàng
嫓,嫓,pi4,tỉ
嫝,嫝,kang1,khang
嫞,嫞,yong1,dụng
嫢,嫢,gui1,quy
嫤,嫤,jin3,kim
嫥,嫥,zhuan1,chuyên
嫧,嫧,ze2,tắc
嫨,嫨,han1,hàn
嫳,嫳,pie4,phiết
嫸,嫸,zhan3,chiến
嫼,嫼,mo4,mộ
嫾,嫾,lian2,liên
嬁,嬁,deng1,đăng
嬚,嬚,lian3,liên
嬠,嬠,can1,tham
嬧,嬧,jin4,kim
嬨,嬨,ci2,từ
嬩,嬩,yu2,ngọc
嬮,嬮,yan1,ngôn
孆,孆,ying1,anh
孈,孈,hui4,huệ
孉,孉,quan2,quyền
孊,孊,mi3,mật
孎,孎,zhu2,chủ
孞,孞,xin4,tâm
孮,孮,cong2,thông
孲,孲,ya1,nha
孴,孴,ni3,nghê
宑,宑,jing3,kinh
宭,宭,qun2,quần
宱,宱,zha4,trá
宷,宷,shen3,thần
寈,寈,qing1,khánh
寣,寣,hu1,hồ
寱,寱,yi4,nghĩa
寲,寲,yi2,nghĩa
寷,寷,feng1,phong
尛,尛,mo2,mộ
尡,尡,kun,khôn
尮,尮,duo4,đa
尯,尯,kui4,quý
尳,尳,gu3,cổ
尵,尵,tui2,thối
屳,屳,xian1,tiên
屸,屸,long2,long
屽,屽,han4,hàn
岃,岃,ren4,nhân
岄,岄,yue4,nguyệt
岋,岋,e4,ác
岕,岕,jie4,kiệt
岤,岤,xue2,tuyết
岪,岪,fu2,phú
岴,岴,qu1,khứ
岶,岶,po4,phá
岼,岼,ping2,bình
峅,峅,bian4,biên
峆,峆,he2,hợp
峍,峍,lu4,lộ
峎,峎,en3,ân
峖,峖,an1,an
峗,峗,wei2,vi
峘,峘,huan2,hoàn
峛,峛,li3,lý
峜,峜,ji4,ký
峟,峟,you4,hữu
峵,峵,rong2,dung
峸,峸,cheng2,thành
峺,峺,geng3,canh
峼,峼,gao4,cao
崅,崅,que4,khuyết
崉,崉,ta4,tha
崜,崜,duo1,đa
崡,崡,han2,hàn
崥,崥,pi2,tỉ
崨,崨,jie2,kiệt
崰,崰,zi1,tử
崲,崲,huang2,hoàng
崸,崸,yang2,dương
崹,崹,ti2,đề
崼,崼,shi4,thị
嵃,嵃,yan3,ngôn
嵅,嵅,han2,hàn
嵈,嵈,huan4,hoàn
嵉,嵉,ting2,đình
嵍,嵍,wu4,vũ
嵑,嵑,ke3,khắc
嵕,嵕,zong1,tông
嵟,嵟,dui1,đối
嵧,嵧,liu2,lưu
嵨,嵨,wu4,vũ
嵪,嵪,qiao1,kiều
嵮,嵮,dian1,điện
嵵,嵵,shi2,thị
嵷,嵷,song3,tụng
嵸,嵸,zong1,tông
嵹,嵹,jiang4,giang
嵻,嵻,kang1,khang
嵿,嵿,ding3,đình
嶀,嶀,tu1,đồ
嶆,嶆,cao2,tào
嶈,嶈,qiang1,cường
嶉,嶉,cui1,thôi
嶊,嶊,zui3,tối
嶏,嶏,pei4,phối
嶐,嶐,long2,long
嶛,嶛,liao2,liêu
嶜,嶜,jin1,kim
嶯,嶯,ji2,ký
嶳,嶳,di4,đệ
巈,巈,ju2,cự
巙,巙,kui2,quý
巶,巶,zhao1,triệu
帇,帇,nie4,niết
帉,帉,fen1,phân
帍,帍,hu4,hồ
帞,帞,mo4,mộ
帠,帠,yi4,nghĩa
帤,帤,ru2,nhục
帴,帴,san4,tam
帾,帾,du3,đồ
幆,幆,yi4,nghĩa
幉,幉,die2,điệp
幊,幊,gong1,công
幒,幒,zhong1,trung
幖,幖,biao1,tiêu
庘,庘,ya1,nha
庛,庛,ci4,từ
庝,庝,tong2,đồng
庡,庡,yi3,nghĩa
庢,庢,zhi4,chí
庣,庣,tiao1,điều
庨,庨,xiao1,tiêu
庯,庯,bu1,bộ
廗,廗,dai4,đãi
廭,廭,ji4,ký
廲,廲,li2,lý
弡,弡,jue2,quyết
弬,弬,yi2,nghĩa
弽,弽,she4,xá
彁,彁,ge1,cách
彅,彅,jian3,kiên
彇,彇,xiao1,tiêu
彉,彉,guo1,quốc
彣,彣,wen2,văn
彮,彮,yong3,dụng
彵,彵,tuo3,đà
彶,彶,ji2,ký
彺,彺,wang2,vương
徆,徆,xi1,tế
徍,徍,wang3,vương
徎,徎,cheng3,thành
徝,徝,zhi4,chí
徢,徢,xie4,tà
徰,徰,zheng1,chính
徺,徺,jiao3,giáo
忁,忁,bao4,bảo
忈,忈,ren2,nhân
忊,忊,ding4,đình
忎,忎,ren2,nhân
忔,忔,qi4,khí
忚,忚,xi1,tế
忣,忣,ji2,ký
忥,忥,xi4,tế
忦,忦,jia2,gia
忳,忳,tun2,đồn
忶,忶,hun2,hỗn
忹,忹,kuang2,khoáng
怈,怈,yi4,nghĩa
怘,怘,hu4,hồ
怟,怟,di4,đệ
怢,怢,tu1,đồ
怣,怣,you2,hữu
怬,怬,xi4,tế
恈,恈,mou2,mưu
恎,恎,die2,điệp
恦,恦,shang4,thượng
恲,恲,peng1,bằng
恴,恴,de2,đức
悂,悂,pi1,tỉ
悎,悎,hao4,hào
悏,悏,qie4,thiết
悓,悓,qian4,thiên
悘,悘,yi1,nghĩa
悙,悙,heng1,hanh
悡,悡,li2,lý
悥,悥,yi4,nghĩa
悹,悹,guan4,quan
悺,悺,guan4,quan
悿,悿,tian3,thiên
惁,惁,xi1,tế
惂,惂,kan3,khám
惃,惃,gun3,côn
惉,惉,zhan1,chiến
惐,惐,yu4,ngọc
惞,惞,xin1,tâm
惤,惤,jian1,kiên
愅,愅,ge2,cách
愇,愇,wei3,vi
愌,愌,huan4,hoàn
愘,愘,qia4,khia
愝,愝,yan3,ngôn
愩,愩,gong1,công
愱,愱,ji2,ký
愲,愲,gu3,cổ
愶,愶,xie2,tà
慀,慀,xi4,tế
慹,慹,zhi2,chí
憉,憉,peng2,bằng
憜,憜,duo4,đa
憞,憞,dui4,đối
憟,憟,su4,tố
憡,憡,ce4,trắc
憳,憳,tan3,than
憻,憻,tan3,than
憿,憿,jiao3,giáo
懗,懗,xia4,hạ
懙,懙,yu3,ngọc
懝,懝,ai4,ai
懡,懡,mo3,mộ
懬,懬,kuang4,khoáng
懭,懭,kuang3,khoáng
扥,扥,den4,đằng
抁,抁,yan3,ngôn
抂,抂,kuang2,khoáng
抎,抎,yun3,vân
拲,拲,gong3,công
拹,拹,xie2,tà
拺,拺,ce4,trắc
拻,拻,hui1,huệ
挋,挋,zhen4,chân
挧,挧,yu3,ngọc
挮,挮,ti3,đề
挳,挳,keng1,khanh
挻,挻,shan1,sơn
捀,捀,feng2,phong
捊,捊,pou2,phẫu
捒,捒,shu4,thư
捰,捰,wo3,oa
掋,掋,di3,đệ
掓,掓,shu1,thư
掕,掕,ling2,linh
搱,搱,zhi4,chí
搸,搸,zhen1,chân
搹,搹,e4,ác
搼,搼,quan2,quyền
摢,摢,hu4,hồ
摤,摤,chuang3,song
摥,摥,tang4,đường
摬,摬,ying3,anh
撗,撗,guang4,quang
撯,撯,zhuo2,trác
撶,撶,hua2,hoa
攁,攁,yang3,dương
攠,攠,mi2,mật
攦,攦,li4,lý
攨,攨,wa1,oa
攭,攭,li4,lý
攱,攱,gui3,quy
敀,敀,po4,phá
敊,敊,chu4,xử
敟,敟,dian3,điện
敤,敤,ke3,khắc
敥,敥,yan4,ngôn
敨,敨,tou3,đầu
敮,敮,xia2,hạ
敼,敼,yi3,nghĩa
斀,斀,zhuo2,trác
斺,斺,chan3,thiền
斻,斻,hang2,hàng
旇,旇,pi1,tỉ
旲,旲,tai2,thái
昈,昈,hu4,hồ
昐,昐,fen1,phân
昖,昖,yan2,ngôn
昢,昢,po4,phá
昩,昩,mo4,mộ
昸,昸,dong1,đông
晇,晇,xu1,hư
晈,晈,jiao3,giáo
晠,晠,sheng4,thịnh
晣,晣,zhe2,giả
晱,晱,shan3,sơn
晽,晽,lin2,lâm
暀,暀,wang3,vương
暃,暃,fei1,phí
暅,暅,geng4,canh
暚,暚,yao2,yêu
暟,暟,kai3,khai
暣,暣,qi4,khí
暩,暩,ji4,ký
暬,暬,xie4,tà
暿,暿,xi3,tế
曂,曂,huang4,hoàng
曎,曎,yi4,nghĩa
曗,曗,ye4,dã
曞,曞,li4,lý
曟,曟,chen2,thần
曢,曢,liao3,liêu
曤,曤,huo4,hoạt
曧,曧,rong2,dung
曪,曪,luo3,lạc
曫,曫,luan2,loạn
曮,曮,yan3,ngôn
曯,曯,zhu2,chủ
朂,朂,xu4,hư
朄,朄,yin3,âm
朚,朚,huang1,hoàng
朡,朡,zong1,tông
朲,朲,ren2,nhân
朷,朷,dao1,đạo
朸,朸,li4,lý
朻,朻,jiu1,cửu
杁,杁,ru4,nhục
杋,杋,fan2,phàn
杔,杔,tuo1,đà
杘,杘,chi4,xỉ
杚,杚,gai4,cái
杛,杛,gong1,công
杫,杫,si4,tư
杹,杹,hua4,hoa
枂,枂,wo4,oa
枃,枃,jin4,kim
枆,枆,mao2,mao
枈,枈,bi4,bí
枖,枖,yao1,yêu
枦,枦,lu2,lộ
枺,枺,mo4,mộ
枿,枿,nie4,niết
柀,柀,bi3,bí
柇,柇,he2,hợp
柋,柋,dai4,đãi
柌,柌,ci2,từ
柍,柍,yang3,dương
柕,柕,mao4,mao
柗,柗,song1,tụng
柧,柧,gu1,cổ
柭,柭,ba1,ba
柼,柼,yao3,yêu
栕,栕,zhen1,chân
栤,栤,bing4,bính
栥,栥,zi1,tử
栦,栦,chou2,trù
栧,栧,yi4,nghĩa
栬,栬,zui4,tối
栶,栶,yin1,âm
栺,栺,yi4,nghĩa
桱,桱,jing4,kinh
桸,桸,xi1,tế
桽,桽,wen3,văn
桾,桾,jun1,quân
梈,梈,peng1,bằng
梉,梉,zhuang1,trang
梑,梑,di2,đệ
梕,梕,ren4,nhân
梙,梙,huan4,hoàn
梤,梤,fen2,phân
梪,梪,dou4,đấu
梷,梷,jing4,kinh
梺,梺,xia4,hạ
棇,棇,cong1,thông
棌,棌,cai4,thái
棏,棏,de2,đức
棔,棔,hun1,hỗn
棛,棛,yu4,ngọc
棝,棝,gu4,cổ
棭,棭,yi4,nghĩa
棴,棴,fu2,phú
棷,棷,zou1,tấu
棽,棽,shen1,thần
椂,椂,lu4,lộ
椃,椃,hao2,hào
椔,椔,zi1,tử
椖,椖,peng2,bằng
椙,椙,chang1,xương
椞,椞,xi4,tế
椡,椡,dao4,đạo
椦,椦,quan,quyền
椩,椩,geng1,canh
椯,椯,duo3,đa
椻,椻,yan4,ngôn
椼,椼,yan3,ngôn
楁,楁,he2,hợp
楃,楃,wo4,oa
楆,楆,yao1,yêu
楇,楇,huo4,hoạt
楏,楏,kui2,quý
楐,楐,jie4,kiệt
楒,楒,si1,tư
楖,楖,zhi4,chí
楜,楜,hu2,hồ
楺,楺,rou3,nhục
楿,楿,xiang1,tương
榍,榍,xie4,tà
榗,榗,jian4,kiên
榣,榣,yao2,yêu
榬,榬,yuan2,nguyên
榳,榳,ting2,đình
榸,榸,zhai1,trại
槗,槗,qiao2,kiều
槝,槝,dao3,đạo
槦,槦,yong1,dụng
槬,槬,hua4,hoa
槰,槰,peng2,bằng
槴,槴,hu4,hồ
槷,槷,nie4,niết
槸,槸,yi4,nghĩa
樀,樀,di2,đệ
樃,樃,lang3,lang
樄,樄,chen2,thần
樇,樇,xiu1,tu
樉,樉,shuang3,sương
樼,樼,zhen1,chân
橀,橀,xi1,tế
橏,橏,zhan3,chiến
橑,橑,lao3,lão
橞,橞,hui4,huệ
橪,橪,ran3,nhiên
橮,橮,liu3,lưu
橳,橳,sheng4,thịnh
橸,橸,jing1,kinh
檅,檅,hui4,huệ
檈,檈,xuan2,huyền
檒,檒,feng1,phong
檘,檘,ping2,bình
檭,檭,yin2,âm
檰,檰,mian2,miên
檲,檲,tuan2,đoàn
檶,檶,qian1,thiên
檷,檷,ni3,nghê
檹,檹,yi1,nghĩa
檽,檽,nou4,nộ
櫀,櫀,qi2,khí
櫁,櫁,mi4,mật
櫄,櫄,chun1,xuân
櫋,櫋,mian2,miên
櫎,櫎,huang3,hoàng
櫐,櫐,lei3,lệ
櫒,櫒,sa4,sái
櫔,櫔,li4,lý
櫕,櫕,cuan2,toán
櫖,櫖,lv4,lữ
櫘,櫘,hui4,huệ
櫙,櫙,ou1,âu
櫤,櫤,jiang4,giang
櫦,櫦,qing4,khánh
欆,欆,shuang1,sương
欉,欉,cong2,thông
欌,欌,cang2,thương
欍,欍,jiu4,cửu
欔,欔,jue2,quyết
歂,歂,chuan3,xuyên
歋,歋,ye4,dã
歍,歍,wu1,vũ
歭,歭,chi2,xỉ
殌,殌,jue2,quyết
殏,殏,qiu2,thu
殔,殔,yi4,nghĩa
殕,殕,fou3,phủ
殝,殝,zhen1,chân
殦,殦,diao1,điêu
殧,殧,jiu4,cửu
殩,殩,cuan4,toán
殬,殬,du4,đồ
毊,毊,xiao1,tiêu
毝,毝,cai3,thái
毞,毞,pi2,tỉ
毤,毤,tuo4,đà
毦,毦,er3,nhĩ
氱,氱,yang3,dương
汸,汸,fang1,phương
汻,汻,hu3,hồ
沋,沋,you2,hữu
沑,沑,nv4,nữ
沜,沜,pan4,bàn
沞,沞,za1,tạp
沵,沵,mi3,mật
泋,泋,hui4,huệ
泟,泟,cheng1,thành
泤,泤,si4,tư
泦,泦,ju2,cự
泧,泧,sa4,sái
泬,泬,jue2,quyết
泴,泴,guan4,quan
泶,泶,xue2,tuyết
洀,洀,pan2,bàn
洂,洂,ye4,dã
洈,洈,wei2,vi
洉,洉,hou4,hậu
洍,洍,si4,tư
洓,洓,se4,sắc
洖,洖,wu2,vũ
洘,洘,kao3,khảo
洜,洜,luo4,lạc
洦,洦,po4,phá
洯,洯,qie4,thiết
洰,洰,ju4,cự
浂,浂,yi4,nghĩa
浝,浝,mang2,mang
涳,涳,kong1,không
涽,涽,hun1,hỗn
淉,淉,guo3,quốc
淾,淾,yin3,âm
渆,渆,yuan1,nguyên
渘,渘,rou2,nhục
渞,渞,qiu2,thu
渳,渳,mi3,mật
渷,渷,yan3,ngôn
渿,渿,nai4,nãi
湀,湀,gui3,quy
湁,湁,chi4,xỉ
湇,湇,qi4,khí
湐,湐,mo4,mộ
湕,湕,jian3,kiên
湗,湗,feng4,phong
湠,湠,tan4,than
湡,湡,yu2,ngọc
湦,湦,sheng1,thịnh
湪,湪,tuan4,đoàn
湬,湬,jiao3,giáo
湭,湭,qiu2,thu
湰,湰,long2,long
湵,湵,you3,hữu
湶,湶,quan2,quyền
湸,湸,liang4,lương
湹,湹,chan2,thiền
溂,溂,la4,lạp
溄,溄,feng2,phong
溞,溞,sao1,tao
溩,溩,wu4,vũ
溿,溿,pan4,bàn
滱,滱,kou4,khẩu
漅,漅,chao2,triều
漮,漮,kang1,khang
漽,漽,ti2,đề
潌,潌,zhi4,chí
潡,潡,dun4,độn
潥,潥,su4,tố
潧,潧,zhen1,chân
潩,潩,yi4,nghĩa
潪,潪,zhe4,giả
潫,潫,wan1,vạn
潱,潱,ye1,dã
潳,潳,tu2,đồ
潶,潶,hei1,hắc
潹,潹,chan2,thiền
潻,潻,shu3,thư
澊,澊,cun1,thốn
澏,澏,han2,hàn
澖,澖,xian2,tiên
澘,澘,shan1,sơn
澭,澭,yong1,dụng
澲,澲,ye4,dã
濅,濅,jin4,kim
濸,濸,cang1,thương
瀀,瀀,you1,hữu
瀃,瀃,si4,tư
瀭,瀭,shu1,thư
瀯,瀯,ying2,anh
瀴,瀴,ying2,anh
瀷,瀷,yi4,nghĩa
瀻,瀻,dai4,đãi
瀿,瀿,fan2,phàn
灂,灂,zhuo2,trác
灍,灍,jue2,quyết
灙,灙,dang3,đương
灚,灚,jiao3,giáo
灛,灛,chan3,thiền
灜,灜,ying2,anh
灦,灦,xian3,tiên
炈,炈,yi4,nghĩa
炢,炢,zhu2,chủ
炵,炵,tong1,đồng
烇,烇,quan3,quyền
烻,烻,yan4,ngôn
烼,烼,xu4,hư
焇,焇,xiao1,tiêu
焋,焋,zhuang4,trang
焏,焏,ji2,ký
焑,焑,yan1,ngôn
焣,焣,chao3,triều
焤,焤,fu3,phú
焧,焧,cong1,thông
焪,焪,qiong2,cùng
焸,焸,xiong4,hùng
焹,焹,gang4,cương
焺,焺,sheng1,thịnh
煂,煂,he4,hợp
煄,煄,zhong3,trung
煡,煡,jin4,kim
煭,煭,lie4,liệt
煯,煯,jie1,kiệt
煶,煶,shi4,thị
煹,煹,gou4,câu
煾,煾,en1,ân
煿,煿,bo2,bộ
熂,熂,xi4,tế
熋,熋,nai2,nãi
熌,熌,shan3,sơn
熚,熚,bi4,bí
熧,熧,zong1,tông
熼,熼,yi4,nghĩa
熽,熽,xiao4,tiêu
燝,燝,jing,kinh
燪,燪,zong3,tông
燫,燫,lian2,liên
爜,爜,cong2,thông
爞,爞,chong2,xung
爢,爢,mi2,mật
爣,爣,tang3,đường
爧,爧,ling2,linh
牞,牞,jiu1,cửu
牥,牥,fang1,phương
牬,牬,bei4,bối
牭,牭,si4,tư
牱,牱,ge1,cách
犱,犱,ji3,ký
犳,犳,zhuo2,trác
犻,犻,bo2,bộ
狅,狅,kuang2,khoáng
狟,狟,huan2,hoàn
狤,狤,ji2,ký
狧,狧,ta4,tha
狶,狶,xi1,tế
猚,猚,ya2,nha
猧,猧,wo1,oa
獂,獂,yuan2,nguyên
獆,獆,hao2,hào
獈,獈,yi4,nghĩa
獊,獊,cang1,thương
獌,獌,man4,man
獡,獡,shuo4,thuyết
獥,獥,jiao4,giáo
獦,獦,ge2,cách
玝,玝,wu3,vũ
玪,玪,jian1,kiên
珗,珗,xian1,tiên
珘,珘,zhou1,châu
珜,珜,yang2,dương
珟,珟,su4,tố
珫,珫,chong1,xung
珯,珯,lao3,lão
珴,珴,e2,ác
琓,琓,wan2,vạn
琗,琗,se4,sắc
琘,琘,min2,dân
琡,琡,chu4,xử
琣,琣,beng3,bằng
瑆,瑆,xing1,hành
瑍,瑍,huan4,hoàn
瑝,瑝,huang2,hoàng
瑮,瑮,li4,lý
瑺,瑺,chang2,xương
璭,璭,gun4,côn
瓄,瓄,du2,đồ
瓉,瓉,zan4,tán
瓍,瓍,sui2,tuy
瓐,瓐,lu2,lộ
瓑,瓑,li4,lý
瓕,瓕,mi2,mật
瓙,瓙,dao4,đạo
瓥,瓥,li4,lý
瓨,瓨,xiang2,tương
瓪,瓪,ban3,ban
瓫,瓫,pen2,bôn
瓭,瓭,dan3,đan
甠,甠,qing2,khánh
畍,畍,jie4,kiệt
畖,畖,wa1,oa
畩,畩,yi1,nghĩa
畭,畭,yu2,ngọc
畻,畻,cheng2,thành
畼,畼,chang4,xương
疀,疀,cha1,tra
疁,疁,liu2,lưu
痋,痋,teng2,đằng
痝,痝,mang2,mang
痟,痟,xiao1,tiêu
痬,痬,yi4,nghĩa
痷,痷,an1,an
瘎,瘎,chen2,thần
瘑,瘑,guo1,quốc
瘒,瘒,wen2,văn
瘔,瘔,ku4,khổ
瘬,瘬,zhang4,trương
瘷,瘷,se4,sắc
瘹,瘹,diao4,điêu
瘽,瘽,qin2,khâm
癁,癁,fu2,phú
癋,癋,he4,hợp
癑,癑,nong4,nông
癚,癚,dan4,đan
癝,癝,lin3,lâm
癳,癳,luo3,lạc
癹,癹,ba2,ba
皊,皊,ling2,linh
皟,皟,ze2,tắc
皠,皠,cui3,thôi
皢,皢,xiao3,tiêu
皣,皣,ye4,dã
皧,皧,ai4,ai
皩,皩,huang4,hoàng
皬,皬,he2,hợp
皯,皯,gan3,can
皳,皳,qiu2,thu
皵,皵,que4,khuyết
皾,皾,du2,đồ
盨,盨,xu3,hư
盫,盫,an1,an
眀,眀,ming2,minh
眐,眐,zheng1,chính
眔,眔,da4,đại
眘,眘,shen4,thần
眝,眝,zhu4,chủ
眮,眮,tong2,đồng
眻,眻,yang2,dương
眿,眿,mo4,mộ
睉,睉,cuo2,thoa
睌,睌,man3,man
睮,睮,yu2,ngọc
睳,睳,hui1,huệ
睵,睵,zai1,tái
睶,睶,chun3,xuân
睷,睷,jian1,kiên
瞚,瞚,shun4,thuận
瞡,瞡,gui1,quy
瞦,瞦,xi1,tế
瞮,瞮,che4,xa
瞺,瞺,hui4,huệ
矀,矀,mei2,mỹ
矊,矊,mian2,miên
矘,矘,tang3,đường
矝,矝,jin1,kim
矡,矡,jue2,quyết
砊,砊,kang1,khang
砋,砋,zhi3,chí
砙,砙,wa3,oa
砪,砪,mu3,mộc
砽,砽,yong4,dụng
硋,硋,ai4,ai
硔,硔,hong2,hồng
硞,硞,que4,khuyết
硠,硠,lang2,lang
硥,硥,mang3,mang
硦,硦,luo4,lạc
硩,硩,che4,xa
硶,硶,chen3,thần
硿,硿,kong1,không
碂,碂,zong4,tông
碹,碹,xuan4,huyền
磃,磃,si1,tư
磝,磝,ao2,áo
磱,磱,lao2,lão
磶,磶,xi4,tế
磼,磼,za2,tạp
礂,礂,xi1,tế
礇,礇,yu4,ngọc
礊,礊,ke4,khắc
礋,礋,ze2,tắc
礠,礠,ci2,từ
礩,礩,zhi4,chí
祋,祋,dui4,đối
祒,祒,tiao2,điều
祣,祣,lv3,lữ
祪,祪,gui3,quy
祬,祬,zhi1,chí
祰,祰,gao4,cao
祳,祳,shen4,thần
祴,祴,gai1,cái
祵,祵,kun3,khôn
祹,祹,tao2,đào
祽,祽,zui4,tối
祾,祾,ling2,linh
禆,禆,bi4,bí
禌,禌,zi1,tử
禐,禐,yuan4,nguyên
禵,禵,ti2,đề
秅,秅,cha2,tra
秗,秗,yu4,ngọc
秙,秙,ku4,khổ
秮,秮,huo2,hoạt
秱,秱,tong2,đồng
秴,秴,he2,hợp
秹,秹,ren3,nhân
秺,秺,du4,đồ
秼,秼,zhu1,chủ
稒,稒,gu4,cổ
稧,稧,xi4,tế
稶,稶,yu4,ngọc
稸,稸,xu4,hư
穬,穬,kuang4,khoáng
穻,穻,yu1,ngọc
穼,穼,shen1,thần
窇,窇,bao2,bảo
窛,窛,kou4,khẩu
窡,窡,zhuo2,trác
窢,窢,xu1,hư
窹,窹,wu4,vũ
竘,竘,qu3,khứ
竳,竳,deng1,đăng
竴,竴,cun1,thốn
竵,竵,wai1,ngoại
竷,竷,kan3,khám
笁,笁,zhu2,chủ
笂,笂,wan2,vạn
笅,笅,jiao3,giáo
笌,笌,ya2,nha
笍,笍,zhui4,truy
笖,笖,yi3,nghĩa
笚,笚,da1,đại
笜,笜,zhu2,chủ
笟,笟,gu1,cổ
笡,笡,qie4,thiết
笢,笢,min3,dân
笩,笩,fa2,pháp
筟,筟,fu1,phú
筨,筨,han2,hàn
筫,筫,zhi4,chí
筶,筶,gao4,cao
筽,筽,ou1,âu
箁,箁,pou2,phẫu
箞,箞,qian1,thiên
箟,箟,jun4,quân
箣,箣,ce4,trắc
箥,箥,bo3,bộ
箰,箰,sun3,tôn
箶,箶,hu2,hồ
箹,箹,yue1,nguyệt
箻,箻,lv4,lữ
箼,箼,wu1,vũ
篂,篂,xing1,hành
簙,簙,bo2,bộ
簚,簚,mi4,mật
簢,簢,min3,dân
簤,簤,dai4,đãi
簭,簭,shi4,thị
簯,簯,qi,khí
簱,簱,qi2,khí
簲,簲,pai2,phái
簳,簳,gan3,can
簺,簺,sai4,tái
籂,籂,shi,thị
籇,籇,hao2,hào
籕,籕,zhou4,châu
籗,籗,zhuo2,trác
粈,粈,rou2,nhục
粊,粊,bi4,bí
粌,粌,yin,âm
粏,粏,tai,thái
粐,粐,hu4,hồ
粓,粓,gan1,can
粖,粖,mo4,mộ
粙,粙,zhou4,châu
粠,粠,hong2,hồng
粣,粣,ce4,trắc
粫,粫,er2,nhĩ
粭,粭,he2,hợp
粯,粯,xian4,tiên
粴,粴,li3,lý
粶,粶,lu4,lộ
粷,粷,ju2,cự
粸,粸,qi2,khí
糣,糣,san3,tam
紁,紁,cha4,tra
紒,紒,ji4,ký
紣,紣,cui4,thôi
紤,紤,jiu3,cửu
紦,紦,ba,ba
紨,紨,fu1,phú
紪,紪,qi1,khí
紭,紭,hong2,hồng
紴,紴,bo1,bộ
紶,紶,qu1,khứ
絈,絈,mo4,mộ
絋,絋,kuang4,khoáng
絒,絒,chou2,trù
絙,絙,huan2,hoàn
絧,絧,dong4,đông
絯,絯,gai1,cái
絾,絾,cheng2,thành
綇,綇,xiu3,tu
綊,綊,xie2,tà
綋,綋,hong2,hồng
綒,綒,fu1,phú
綔,綔,hu4,hồ
緟,緟,chong2,xung
緢,緢,miao2,miêu
緭,緭,wei4,vi
緳,緳,xie2,tà
緷,緷,yun4,vân
緸,緸,yin1,âm
縌,縌,ni4,nghê
縖,縖,xia2,hạ
縼,縼,xuan4,huyền
繉,繉,hun2,hỗn
繌,繌,sha,sa
繎,繎,ran2,nhiên
繛,繛,chuo4,xước
繜,繜,zun1,tôn
繝,繝,jian4,kiên
繬,繬,se4,sắc
缼,缼,qi,khí
罼,罼,bi4,bí
羛,羛,yi4,nghĩa
羪,羪,yang,dương
羳,羳,fan2,phàn
翂,翂,fen1,phân
翈,翈,xia2,hạ
翉,翉,ben3,bản
翋,翋,la1,lạp
翑,翑,qu2,khứ
耓,耓,ting1,đình
耣,耣,lun3,luân
聄,聄,zhen3,chân
聛,聛,bi3,bí
聣,聣,ni2,nghê
聤,聤,ting2,đình
肞,肞,cha1,tra
脋,脋,xie2,tà
腂,腂,lei3,lệ
腗,腗,pi2,tỉ
腝,腝,ni2,nghê
膅,膅,tang2,đường
膒,膒,ou1,âu
膭,膭,gui1,quy
臮,臮,ji4,ký
舥,舥,pa1,phả
舯,舯,zhong1,trung
艍,艍,ju1,cự
芉,芉,gan1,can
芓,芓,zi4,tử
芠,芠,wen2,văn
芵,芵,jue2,quyết
芺,芺,ao3,áo
苰,苰,hong2,hồng
苸,苸,hu1,hồ
茐,茐,cong1,thông
茤,茤,ji4,ký
荰,荰,du4,đồ
莋,莋,zuo2,tả
莣,莣,wang2,vương
莮,莮,nan2,nam
菋,菋,wei4,vi
萒,萒,yan3,ngôn
萷,萷,xiao1,tiêu
葀,葀,kuo4,khoát
葟,葟,huang2,hoàng
蒀,蒀,yun1,vân
蒍,蒍,wei3,vi
蒕,蒕,yun1,vân
蒩,蒩,zu1,tổ
蒫,蒫,cuo2,thoa
蒷,蒷,yun2,vân
蒾,蒾,mi2,mật
蓎,蓎,tang2,đường
蓕,蓕,gui4,quy
蓩,蓩,mao3,mao
蔨,蔨,juan4,quyên
蔪,蔪,jian4,kiên
蕫,蕫,dong3,đông
蕬,蕬,si1,tư
薡,薡,ding3,đình
薥,薥,shu3,thư
藌,藌,mi4,mật
藛,藛,xie3,tà
蘍,蘍,xun1,huấn
蘏,蘏,jiong1,quýnh
蘙,蘙,yi4,nghĩa
蘠,蘠,qiang2,cường
虁,虁,kui2,quý
虘,虘,cuo2,thoa
虠,虠,jiao1,giáo
蚇,蚇,chi3,xỉ
蚐,蚐,jun1,quân
蚚,蚚,qi2,khí
蚢,蚢,hang2,hàng
蚥,蚥,fu4,phú
蛃,蛃,bing3,bính
蛖,蛖,mang2,mang
蛪,蛪,qie4,thiết
蛬,蛬,qiong2,cùng
蝪,蝪,tang1,đường
螇,螇,xi1,tế
螐,螐,wu1,vũ
螛,螛,he2,hợp
螱,螱,wei4,vi
螲,螲,zhi4,chí
螼,螼,qin3,khâm
蟘,蟘,te4,đặc
蟦,蟦,fei2,phí
蟸,蟸,li3,lý
蟼,蟼,jing3,kinh
蠀,蠀,ci1,từ
蠠,蠠,min3,dân
蠴,蠴,shu3,thư
衏,衏,yuan4,nguyên
衯,衯,fen1,phân
袊,袊,ling3,linh
袓,袓,ju4,cự
袕,袕,xue2,tuyết
袝,袝,fu4,phú
袾,袾,zhu1,chủ
裚,裚,ji4,ký
裿,裿,yi3,nghĩa
褖,褖,tuan4,đoàn
褠,褠,gou1,câu
襨,襨,dui4,đối
觛,觛,dan4,đan
觬,觬,ni2,nghê
訉,訉,fan4,phàn
訫,訫,xin4,tâm
訷,訷,shen1,thần
誜,誜,shua4,thoa
諅,諅,ji4,ký
諎,諎,ze2,tắc
諲,諲,yin1,âm
謃,謃,xing1,hành
謒,謒,qiang1,cường
謤,謤,biao1,tiêu
譕,譕,wu2,vũ
譥,譥,jiao4,giáo
譺,譺,ai4,ai
讉,讉,yi2,nghĩa
谹,谹,hong2,hồng
谻,谻,ji2,ký
豟,豟,e4,ác
豽,豽,na4,nạp
貀,貀,na4,nạp
貒,貒,tuan1,đoàn
貥,貥,hang2,hàng
贌,贌,pu2,phổ
赥,赥,xi1,tế
赻,赻,xian3,tiên
赾,赾,qin3,khâm
趆,趆,di1,đệ
趎,趎,chu2,xử
踄,踄,bu4,bộ
踕,踕,jie2,kiệt
踚,踚,lun2,luân
踲,踲,dun4,độn
蹫,蹫,ju2,cự
躖,躖,duan4,đoạn
躟,躟,rang2,nhượng
躻,躻,kong1,không
軂,軂,lao4,lão
軓,軓,fan4,phàn
軴,軴,zhu4,chủ
輨,輨,guan3,quan
轓,轓,fan1,phàn
轛,轛,zhui4,truy
轠,轠,lei2,lệ
辬,辬,ban1,ban
逧,逧,gu3,cổ
遬,遬,su4,tố
邖,邖,shan1,sơn
邚,邚,ru2,nhục
邩,邩,huo3,hoạt
鄃,鄃,shu1,thư
鄡,鄡,qiao1,kiều
鄼,鄼,zan4,tán
酫,酫,chuo4,xước
酻,酻,zui4,tối
醈,醈,tan2,than
醎,醎,xian2,tiên
醠,醠,ang4,ang
釚,釚,qiu2,thu
鈋,鈋,e2,ác
鈛,鈛,guo1,quốc
鈶,鈶,si4,tư
鉔,鉔,za1,tạp
鉙,鉙,zhai3,trại
鉩,鉩,xi3,tế
銆,銆,mo4,mộ
銐,銐,chi4,xỉ
銿,銿,zhong1,trung
鋽,鋽,diao4,điêu
錝,錝,zong4,tông
錧,錧,guan3,quan
錱,錱,zhen1,chân
鍂,鍂,pian1,thiên
鍌,鍌,xian3,tiên
鍎,鍎,tu2,đồ
鍑,鍑,fu4,phú
鍒,鍒,rou2,nhục
鍓,鍓,ji2,ký
鍕,鍕,jun1,quân
鍖,鍖,chen3,thần
鍗,鍗,ti2,đề
鍙,鍙,hu4,hồ
鍝,鍝,yu2,ngọc
鍞,鍞,keng1,khanh
鍡,鍡,wei3,vi
鍢,鍢,fu4,phú
鍣,鍣,zhao1,triệu
鍦,鍦,shi1,thị
鍧,鍧,hong1,hồng
鍨,鍨,kui2,quý
鎀,鎀,xiu1,tu
鎁,鎁,ye2,dã
鎈,鎈,suo3,tỏa
鎎,鎎,kai4,khai
鎑,鎑,ye4,dã
鎱,鎱,yuan2,nguyên
鎷,鎷,ma3,mã
鎺,鎺,zu3,tổ
鎼,鎼,xia4,hạ
鎽,鎽,feng1,phong
鎾,鎾,wen1,văn
鏀,鏀,lu3,lộ
鏂,鏂,ou1,âu
鏄,鏄,tuan2,đoàn
鏅,鏅,xiu1,tu
鏆,鏆,guan4,quan
鏉,鏉,shou4,thọ
鏋,鏋,man3,man
鏍,鏍,luo2,lạc
鏬,鏬,xia4,hạ
鏮,鏮,kang1,khang
鏯,鏯,shuang3,sương
鏱,鏱,zhang,trương
鏿,鏿,cheng1,thành
鐑,鐑,qie4,thiết
鐕,鐕,zan1,tán
鐜,鐜,dui1,đối
鐞,鐞,nou4,nộ
鐟,鐟,zan1,tán
鐢,鐢,fan2,phàn
鐣,鐣,cheng1,thành
鐪,鐪,lu3,lộ
鐬,鐬,hui4,huệ
鐭,鐭,yu4,ngọc
鑉,鑉,he2,hợp
鑋,鑋,qing1,khánh
鑍,鑍,ying1,anh
鑜,鑜,shang3,thượng
鑸,鑸,lei3,lệ
鑺,鑺,qu2,khứ
鑻,鑻,pan4,bàn
钀,钀,nie4,niết
钄,钄,lan2,lan
镺,镺,ao3,áo
閚,閚,zhan1,chiến
閜,閜,xia3,hạ
閮,閮,ting2,đình
閯,閯,sha4,sa
閰,閰,ju2,cự
闀,闀,hong4,hồng
闂,闂,hong4,hồng
闄,闄,yao3,yêu
闅,闅,wen2,văn
阠,阠,xin4,tâm
陙,陙,chun2,xuân
陯,陯,lun2,luân
隓,隓,hui1,huệ
隭,隭,er2,nhĩ
雓,雓,yu2,ngọc
雡,雡,liu4,lưu
雮,雮,mu4,mộc
雼,雼,dang4,đương
霳,霳,long2,long
霿,霿,meng2,mộng
靊,靊,feng1,phong
靹,靹,na4,nạp
鞈,鞈,ge2,cách
鞻,鞻,lou2,lâu
鞿,鞿,ji1,ký
韕,韕,kuo4,khoát
韗,韗,yun4,vân
韥,韥,du2,đồ
韽,韽,an1,an
頢,頢,kuo4,khoát
頧,頧,dui3,đối
顃,顃,tan2,than
顅,顅,qian1,thiên
顊,顊,yi2,nghĩa
顠,顠,piao3,phiêu
飊,飊,biao1,tiêu
飝,飝,fei1,phí
餝,餝,shi4,thị
餢,餢,bu4,bộ
馷,馷,pei4,phối
駇,駇,wen2,văn
駤,駤,zhi4,chí
騊,騊,tao2,đào
騟,騟,yu2,ngọc
骮,骮,yi4,nghĩa
髬,髬,pi1,tỉ
髰,髰,ti4,đề
鬡,鬡,ning2,ninh
鬶,鬶,gui1,quy
鬾,鬾,ji4,ký
魐,魐,gan1,can
鮛,鮛,shu1,thư
鮤,鮤,lie4,liệt
鯯,鯯,zhi4,chí
鯵,鯵,shen1,thần
鯼,鯼,zong1,tông
鯾,鯾,bian1,biên
鱊,鱊,yu4,ngọc
鱚,鱚,xi3,tế
鱩,鱩,lei2,lệ
鴏,鴏,dai4,đãi
鴐,鴐,ge1,cách
鴙,鴙,zhi4,chí
鴡,鴡,ju1,cự
鴭,鴭,dui1,đối
鵏,鵏,bu3,bộ
鵣,鵣,lai4,lai
鵽,鵽,duo4,đa
鶑,鶑,ying1,anh
鷶,鷶,mai3,mại
鸔,鸔,bu3,bộ
麜,麜,li4,lý
黅,黅,jin1,kim
黚,黚,qian2,thiên
黺,黺,fen3,phân
鼲,鼲,hun2,hỗn
鼸,鼸,xian4,tiên
齍,齍,zi1,tử
齛,齛,xie4,tà
齸,齸,yi4,nghĩa
齹,齹,ci1,từ
